{
	"__comment": "Designed by Kodak_kev with Cubik Studio - https://cubik.studio",
	"textures": {
		"particle": "block/e_particle",
		"texture": "block/spruce_planks",
		"texture1": "block/oak_planks",
		"texture2": "block/red_wool"
	},
	"elements": [
		{
			"__comment": "Box1",
			"from": [ 2, 0, -3 ],
			"to": [ 14, 1, 21 ],
			"faces": {
				"down": { "uv": [ 2, 0, 14, 16 ], "texture": "#texture" },
				"up": { "uv": [ 2, 0, 14, 16 ], "texture": "#texture" },
				"north": { "uv": [ 2, 15, 14, 16 ], "texture": "#texture" },
				"south": { "uv": [ 2, 15, 14, 16 ], "texture": "#texture" },
				"west": { "uv": [ 0, 15, 16, 16 ], "texture": "#texture" },
				"east": { "uv": [ 0, 15, 16, 16 ], "texture": "#texture" }
			}
		},
		{
			"__comment": "Box2",
			"from": [ 2, 2.5, 23.375 ],
			"to": [ 14, 5, 24.375 ],
			"rotation": { "origin": [ 2, 2.5, 23.375 ], "axis": "x", "angle": 22.5 },
			"faces": {
				"down": { "uv": [ 2, 10, 14, 11 ], "texture": "#texture" },
				"up": { "uv": [ 2, 5, 14, 6 ], "texture": "#texture" },
				"north": { "uv": [ 2, 15, 14, 16 ], "texture": "#texture" },
				"south": { "uv": [ 2, 15, 14, 16 ], "texture": "#texture" },
				"west": { "uv": [ 5, 15, 6, 16 ], "texture": "#texture" },
				"east": { "uv": [ 10, 15, 11, 16 ], "texture": "#texture" }
			}
		},
		{
			"__comment": "Box2",
			"from": [ 2, 0, 21 ],
			"to": [ 14, 1, 23 ],
			"rotation": { "origin": [ 2, 0, 21 ], "axis": "x", "angle": -22.5 },
			"faces": {
				"down": { "uv": [ 2, 10, 14, 11 ], "texture": "#texture" },
				"up": { "uv": [ 2, 5, 14, 6 ], "texture": "#texture" },
				"north": { "uv": [ 2, 15, 14, 16 ], "texture": "#texture" },
				"south": { "uv": [ 2, 15, 14, 16 ], "texture": "#texture" },
				"west": { "uv": [ 5, 15, 6, 16 ], "texture": "#texture" },
				"east": { "uv": [ 10, 15, 11, 16 ], "texture": "#texture" }
			}
		},
		{
			"__comment": "Box2",
			"from": [ 2, 0.75, 22.875 ],
			"to": [ 14, 1.75, 24.875 ],
			"rotation": { "origin": [ 2, 0.75, 22.875 ], "axis": "x", "angle": -45 },
			"faces": {
				"down": { "uv": [ 2, 10, 14, 11 ], "texture": "#texture" },
				"up": { "uv": [ 2, 5, 14, 6 ], "texture": "#texture" },
				"north": { "uv": [ 2, 15, 14, 16 ], "texture": "#texture" },
				"south": { "uv": [ 2, 15, 14, 16 ], "texture": "#texture" },
				"west": { "uv": [ 5, 15, 6, 16 ], "texture": "#texture" },
				"east": { "uv": [ 10, 15, 11, 16 ], "texture": "#texture" }
			}
		},
		{
			"__comment": "Box5",
			"from": [ 2, 8.25, 21.25 ],
			"to": [ 14, 9.25, 23.25 ],
			"rotation": { "origin": [ 2, 8.25, 21.25 ], "axis": "x", "angle": 22.5 },
			"faces": {
				"down": { "uv": [ 14, 6.75, 15, 7.75 ], "texture": "#texture" },
				"up": { "uv": [ 14, 8.25, 15, 9.25 ], "texture": "#texture" },
				"north": { "uv": [ 1, 9.125, 2, 11.625 ], "texture": "#texture" },
				"south": { "uv": [ 14, 9.125, 15, 11.625 ], "texture": "#texture" },
				"west": { "uv": [ 8.25, 9.125, 9.25, 11.625 ], "texture": "#texture" },
				"east": { "uv": [ 6.75, 9.125, 7.75, 11.625 ], "texture": "#texture" }
			}
		},
		{
			"__comment": "Box5",
			"from": [ 2, 4.375, 24.25 ],
			"to": [ 14, 6.875, 25.25 ],
			"faces": {
				"down": { "uv": [ 2, 6.75, 14, 7.75 ], "texture": "#texture" },
				"up": { "uv": [ 2, 8.25, 14, 9.25 ], "texture": "#texture" },
				"north": { "uv": [ 2, 9.125, 14, 11.625 ], "texture": "#texture" },
				"south": { "uv": [ 2, 9.125, 14, 11.625 ], "texture": "#texture" },
				"west": { "uv": [ 8.25, 9.125, 9.25, 11.625 ], "texture": "#texture" },
				"east": { "uv": [ 6.75, 9.125, 7.75, 11.625 ], "texture": "#texture" }
			}
		},
		{
			"__comment": "Box5",
			"from": [ 2, 6, 24.5 ],
			"to": [ 14, 8.5, 25.5 ],
			"rotation": { "origin": [ 2, 6, 24.5 ], "axis": "x", "angle": -45 },
			"faces": {
				"down": { "uv": [ 14, 6.75, 15, 7.75 ], "texture": "#texture" },
				"up": { "uv": [ 14, 8.25, 15, 9.25 ], "texture": "#texture" },
				"north": { "uv": [ 1, 9.125, 2, 11.625 ], "texture": "#texture" },
				"south": { "uv": [ 14, 9.125, 15, 11.625 ], "texture": "#texture" },
				"west": { "uv": [ 8.25, 9.125, 9.25, 11.625 ], "texture": "#texture" },
				"east": { "uv": [ 6.75, 9.125, 7.75, 11.625 ], "texture": "#texture" }
			}
		},
		{
			"__comment": "Box9",
			"from": [ 2, 8.125, 17.125 ],
			"to": [ 14, 9.125, 21.625 ],
			"faces": {
				"down": { "uv": [ 2, 10.375, 14, 14.875 ], "texture": "#texture" },
				"up": { "uv": [ 2, 1.125, 14, 5.625 ], "texture": "#texture" },
				"north": { "uv": [ 2, 6.875, 14, 7.875 ], "texture": "#texture" },
				"south": { "uv": [ 2, 6.875, 14, 7.875 ], "texture": "#texture" },
				"west": { "uv": [ 1.125, 6.875, 5.625, 7.875 ], "texture": "#texture" },
				"east": { "uv": [ 10.375, 6.875, 14.875, 7.875 ], "texture": "#texture" }
			}
		},
		{
			"__comment": "Box10",
			"from": [ 2, 1, 4 ],
			"to": [ 14, 2, 5 ],
			"faces": {
				"down": { "uv": [ 2, 11, 14, 12 ], "texture": "#texture1" },
				"up": { "uv": [ 2, 4, 14, 5 ], "texture": "#texture1" },
				"north": { "uv": [ 2, 14, 14, 15 ], "texture": "#texture1" },
				"south": { "uv": [ 2, 14, 14, 15 ], "texture": "#texture1" },
				"west": { "uv": [ 4, 14, 5, 15 ], "texture": "#texture1" },
				"east": { "uv": [ 11, 14, 12, 15 ], "texture": "#texture1" }
			}
		},
		{
			"__comment": "Box10",
			"from": [ 2, 1, -3 ],
			"to": [ 14, 2, -2 ],
			"faces": {
				"down": { "uv": [ 2, 2, 14, 3 ], "texture": "#texture1" },
				"up": { "uv": [ 2, 13, 14, 14 ], "texture": "#texture1" },
				"north": { "uv": [ 2, 14, 14, 15 ], "texture": "#texture1" },
				"south": { "uv": [ 2, 14, 14, 15 ], "texture": "#texture1" },
				"west": { "uv": [ 13, 14, 14, 15 ], "texture": "#texture1" },
				"east": { "uv": [ 2, 14, 3, 15 ], "texture": "#texture1" }
			}
		},
		{
			"__comment": "Box10",
			"from": [ 2, 1, 11 ],
			"to": [ 14, 2, 12 ],
			"faces": {
				"down": { "uv": [ 2, 4, 14, 5 ], "texture": "#texture1" },
				"up": { "uv": [ 2, 11, 14, 12 ], "texture": "#texture1" },
				"north": { "uv": [ 2, 14, 14, 15 ], "texture": "#texture1" },
				"south": { "uv": [ 2, 14, 14, 15 ], "texture": "#texture1" },
				"west": { "uv": [ 11, 14, 12, 15 ], "texture": "#texture1" },
				"east": { "uv": [ 4, 14, 5, 15 ], "texture": "#texture1" }
			}
		},
		{
			"__comment": "Box10",
			"from": [ 1.75, 7.875, 17 ],
			"to": [ 14.25, 9.375, 18 ],
			"faces": {
				"down": { "uv": [ 1.75, 14, 14.25, 15 ], "texture": "#texture1" },
				"up": { "uv": [ 1.75, 1, 14.25, 2 ], "texture": "#texture1" },
				"north": { "uv": [ 1.75, 6.625, 14.25, 8.125 ], "texture": "#texture1" },
				"south": { "uv": [ 1.75, 6.625, 14.25, 8.125 ], "texture": "#texture1" },
				"west": { "uv": [ 1, 6.625, 2, 8.125 ], "texture": "#texture1" },
				"east": { "uv": [ 14, 6.625, 15, 8.125 ], "texture": "#texture1" }
			}
		},
		{
			"__comment": "Box10",
			"from": [ 2, 2.875, 22.5 ],
			"to": [ 14, 3.875, 23.5 ],
			"rotation": { "origin": [ 2, 2.875, 22.5 ], "axis": "x", "angle": 22.5 },
			"faces": {
				"down": { "uv": [ 2, 13, 14, 14 ], "texture": "#texture1" },
				"up": { "uv": [ 2, 2, 14, 3 ], "texture": "#texture1" },
				"north": { "uv": [ 2, 14, 14, 15.5 ], "texture": "#texture1" },
				"south": { "uv": [ 2, 14, 14, 15.5 ], "texture": "#texture1" },
				"west": { "uv": [ 2, 14, 3, 15.5 ], "texture": "#texture1" },
				"east": { "uv": [ 13, 14, 14, 15.5 ], "texture": "#texture1" }
			}
		},
		{
			"__comment": "Box15",
			"from": [ 5, 8.375, 18 ],
			"to": [ 11, 9.375, 19.5 ],
			"faces": {
				"down": { "uv": [ 5, 12.5, 11, 14 ], "texture": "#texture1" },
				"up": { "uv": [ 5, 2, 11, 3.5 ], "texture": "#texture1" },
				"north": { "uv": [ 5, 6.625, 11, 7.625 ], "texture": "#texture1" },
				"south": { "uv": [ 5, 6.625, 11, 7.625 ], "texture": "#texture1" },
				"west": { "uv": [ 2, 6.625, 3.5, 7.625 ], "texture": "#texture1" },
				"east": { "uv": [ 12.5, 6.625, 14, 7.625 ], "texture": "#texture1" }
			}
		},
		{
			"__comment": "Box10",
			"from": [ 2, 1, 18 ],
			"to": [ 14, 2, 19 ],
			"faces": {
				"down": { "uv": [ 2, 13, 14, 14 ], "texture": "#texture1" },
				"up": { "uv": [ 2, 2, 14, 3 ], "texture": "#texture1" },
				"north": { "uv": [ 2, 14, 14, 15 ], "texture": "#texture1" },
				"south": { "uv": [ 2, 14, 14, 15 ], "texture": "#texture1" },
				"west": { "uv": [ 2, 14, 3, 15 ], "texture": "#texture1" },
				"east": { "uv": [ 13, 14, 14, 15 ], "texture": "#texture1" }
			}
		},
		{
			"__comment": "Box17",
			"from": [ 13, 1.375, -2.5 ],
			"to": [ 13.5, 1.875, 18.5 ],
			"faces": {
				"down": { "uv": [ 13, 0, 13.5, 16 ], "texture": "#texture2" },
				"up": { "uv": [ 13, 0, 13.5, 16 ], "texture": "#texture2" },
				"north": { "uv": [ 2.5, 14.125, 3, 14.625 ], "texture": "#texture2" },
				"south": { "uv": [ 13, 14.125, 13.5, 14.625 ], "texture": "#texture2" },
				"west": { "uv": [ 0, 14.125, 16, 14.625 ], "texture": "#texture2" },
				"east": { "uv": [ 0, 14.125, 16, 14.625 ], "texture": "#texture2" }
			}
		},
		{
			"__comment": "Box17",
			"from": [ 2.5, 1.375, -2.5 ],
			"to": [ 3, 1.875, 18.5 ],
			"faces": {
				"down": { "uv": [ 2.5, 0, 3, 16 ], "texture": "#texture2" },
				"up": { "uv": [ 2.5, 0, 3, 16 ], "texture": "#texture2" },
				"north": { "uv": [ 13, 14.125, 13.5, 14.625 ], "texture": "#texture2" },
				"south": { "uv": [ 2.5, 14.125, 3, 14.625 ], "texture": "#texture2" },
				"west": { "uv": [ 0, 14.125, 16, 14.625 ], "texture": "#texture2" },
				"east": { "uv": [ 0, 14.125, 16, 14.625 ], "texture": "#texture2" }
			}
		},
		{
			"__comment": "Box19",
			"from": [ 13, 2, 18.25 ],
			"to": [ 13.5, 9.5, 18.75 ],
			"faces": {
				"down": { "uv": [ 2.5, 13.5, 3, 14 ], "texture": "#texture2" },
				"up": { "uv": [ 2.5, 2, 3, 2.5 ], "texture": "#texture2" },
				"north": { "uv": [ 13, 8, 13.5, 14 ], "texture": "#texture2" },
				"south": { "uv": [ 2.5, 8, 3, 14 ], "texture": "#texture2" },
				"west": { "uv": [ 2, 8, 2.5, 14 ], "texture": "#texture2" },
				"east": { "uv": [ 13.5, 8, 14, 14 ], "texture": "#texture2" }
			}
		},
		{
			"__comment": "Box19",
			"from": [ 2.5, 2, 18.25 ],
			"to": [ 3, 9.5, 18.75 ],
			"faces": {
				"down": { "uv": [ 2.5, 13.5, 3, 14 ], "texture": "#texture2" },
				"up": { "uv": [ 2.5, 2, 3, 2.5 ], "texture": "#texture2" },
				"north": { "uv": [ 13, 8, 13.5, 14 ], "texture": "#texture2" },
				"south": { "uv": [ 2.5, 8, 3, 14 ], "texture": "#texture2" },
				"west": { "uv": [ 2, 8, 2.5, 14 ], "texture": "#texture2" },
				"east": { "uv": [ 13.5, 8, 14, 14 ], "texture": "#texture2" }
			}
		},
		{
			"__comment": "Box21",
			"from": [ 3, 9, 18.25 ],
			"to": [ 4, 9.5, 18.75 ],
			"faces": {
				"down": { "uv": [ 3, 13.25, 4, 13.75 ], "texture": "#texture2" },
				"up": { "uv": [ 3, 2.25, 4, 2.75 ], "texture": "#texture2" },
				"north": { "uv": [ 12, 6.5, 13, 7 ], "texture": "#texture2" },
				"south": { "uv": [ 3, 6.5, 4, 7 ], "texture": "#texture2" },
				"west": { "uv": [ 2.25, 6.5, 2.75, 7 ], "texture": "#texture2" },
				"east": { "uv": [ 13.25, 6.5, 13.75, 7 ], "texture": "#texture2" }
			}
		},
		{
			"__comment": "Box21",
			"from": [ 12, 9, 18.25 ],
			"to": [ 13, 9.5, 18.75 ],
			"faces": {
				"down": { "uv": [ 12, 13.25, 13, 13.75 ], "texture": "#texture2" },
				"up": { "uv": [ 12, 2.25, 13, 2.75 ], "texture": "#texture2" },
				"north": { "uv": [ 3, 6.5, 4, 7 ], "texture": "#texture2" },
				"south": { "uv": [ 12, 6.5, 13, 7 ], "texture": "#texture2" },
				"west": { "uv": [ 2.25, 6.5, 2.75, 7 ], "texture": "#texture2" },
				"east": { "uv": [ 13.25, 6.5, 13.75, 7 ], "texture": "#texture2" }
			}
		}
	],
	"display": {
		"thirdperson_righthand": {
			"rotation":  [ -102, -14, 180 ],
			"translation":  [ 2.0872, 1.3913, 6.9565 ],
			"scale":  [ 0.6173, 0.6521, 0.6521 ]
		},
		"thirdperson_lefthand": {
			"rotation":  [ -102, -14, 180 ],
			"translation":  [ 2.0872, 1.3913, 6.9565 ],
			"scale":  [ 0.6173, 0.6521, 0.6521 ]
		},
		"firstperson_righthand": {
			"rotation":  [ 180, 0, -27 ],
			"translation":  [ 4.1739, 2.7826, 4.1739 ],
			"scale":  [ 1.1739, -0.634, 1.1043 ]
		},
		"firstperson_lefthand": {
			"rotation":  [ 180, 0, -27 ],
			"translation":  [ 4.1739, 2.7826, 4.1739 ],
			"scale":  [ 1.1739, -0.634, 1.1043 ]
		},
		"gui": {
			"rotation":  [ 0, 90, 0 ],
			"translation":  [ -2.782, 3.4782, 0 ]
		},
		"head": {
			"translation":  [ 0, 20.869, 0 ],
			"scale":  [ 2.8434, 2.7128, 2.6695 ]
		},
		"ground": {
			"translation":  [ 0, 8.3478, 0 ]
		},
		"fixed": {
			"rotation":  [ 0, 90, 0 ],
			"translation":  [ -2.782, 4.8695, 0 ],
			"scale":  [ 1, 1.1391, 1 ]
		}
	}
}
