{
	"credit": "Made with Blockbench",
	"textures": {
		"0": "block/texture",
		"7": "block/daylight_detector_inverted_top",
		"8": "custom/epcotearfinaltexture",
		"9": "custom/epcotearstexture2",
		"particle": "block/diorite"
	},
	"elements": [
		{
			"name": "hexadecagon",
			"from": [15.20435, 4, 7.5],
			"to": [16.79565, 12, 8.5],
			"rotation": {"angle": -45, "axis": "z", "origin": [16, 8, 8]},
			"faces": {
				"north": {"uv": [2.5, 0, 11.5, 4.5], "texture": "#7"},
				"east": {"uv": [5.75, 0, 9.75, 3.5], "texture": "#7"},
				"south": {"uv": [6, 0, 8.5, 3], "texture": "#7"},
				"west": {"uv": [4.5, 0, 9.75, 4], "texture": "#7"},
				"up": {"uv": [9, 2.75, 5, 0], "texture": "#7"},
				"down": {"uv": [9.5, 0, 5.25, 2.75], "texture": "#7"}
			}
		},
		{
			"name": "hexadecagon",
			"from": [15.20435, 4, 7.5],
			"to": [16.79565, 12, 8.5],
			"rotation": {"angle": -22.5, "axis": "z", "origin": [16, 8, 8]},
			"faces": {
				"north": {"uv": [2.5, 0, 11.5, 4.5], "texture": "#7"},
				"east": {"uv": [5.75, 0, 9.75, 3.5], "texture": "#7"},
				"south": {"uv": [6, 0, 8.5, 3], "texture": "#7"},
				"west": {"uv": [4.5, 0, 9.75, 4], "texture": "#7"},
				"up": {"uv": [9, 2.75, 5, 0], "texture": "#7"},
				"down": {"uv": [9.5, 0, 5.25, 2.75], "texture": "#7"}
			}
		},
		{
			"name": "hexadecagon",
			"from": [15.20435, 4, 7.5],
			"to": [16.79565, 12, 8.5],
			"faces": {
				"north": {"uv": [2.5, 0, 11.5, 4.5], "texture": "#7"},
				"east": {"uv": [5.75, 0, 9.75, 3.5], "texture": "#7"},
				"south": {"uv": [6, 0, 8.5, 3], "texture": "#7"},
				"west": {"uv": [4.5, 0, 9.75, 4], "texture": "#7"},
				"up": {"uv": [9, 2.75, 5, 0], "texture": "#7"},
				"down": {"uv": [9.5, 0, 5.25, 2.75], "texture": "#7"}
			}
		},
		{
			"name": "hexadecagon",
			"from": [15.20435, 4, 7.5],
			"to": [16.79565, 12, 8.5],
			"rotation": {"angle": 22.5, "axis": "z", "origin": [16, 8, 8]},
			"faces": {
				"north": {"uv": [2.5, 0, 11.5, 4.5], "texture": "#7"},
				"east": {"uv": [5.75, 0, 9.75, 3.5], "texture": "#7"},
				"south": {"uv": [6, 0, 8.5, 3], "texture": "#7"},
				"west": {"uv": [4.5, 0, 9.75, 4], "texture": "#7"},
				"up": {"uv": [9, 2.75, 5, 0], "texture": "#7"},
				"down": {"uv": [9.5, 0, 5.25, 2.75], "texture": "#7"}
			}
		},
		{
			"name": "hexadecagon",
			"from": [15.20435, 4, 7.5],
			"to": [16.79565, 12, 8.5],
			"rotation": {"angle": 45, "axis": "z", "origin": [16, 8, 8]},
			"faces": {
				"north": {"uv": [2.5, 0, 11.5, 4.5], "texture": "#7"},
				"east": {"uv": [5.75, 0, 9.75, 3.5], "texture": "#7"},
				"south": {"uv": [6, 0, 8.5, 3], "texture": "#7"},
				"west": {"uv": [4.5, 0, 9.75, 4], "texture": "#7"},
				"up": {"uv": [9, 2.75, 5, 0], "texture": "#7"},
				"down": {"uv": [9.5, 0, 5.25, 2.75], "texture": "#7"}
			}
		},
		{
			"name": "hexadecagon",
			"from": [12, 7.20435, 7.5],
			"to": [20, 8.79565, 8.5],
			"rotation": {"angle": -22.5, "axis": "z", "origin": [16, 8, 8]},
			"faces": {
				"north": {"uv": [2.5, 0, 11.5, 4.5], "texture": "#7"},
				"east": {"uv": [5.75, 0, 9.75, 3.5], "texture": "#7"},
				"south": {"uv": [6, 0, 8.5, 3], "texture": "#7"},
				"west": {"uv": [4.5, 0, 9.75, 4], "texture": "#7"},
				"up": {"uv": [9, 2.75, 5, 0], "texture": "#7"},
				"down": {"uv": [9.5, 0, 5.25, 2.75], "texture": "#7"}
			}
		},
		{
			"name": "hexadecagon",
			"from": [12, 7.20435, 7.5],
			"to": [20, 8.79565, 8.5],
			"faces": {
				"north": {"uv": [2.5, 0, 11.5, 4.5], "texture": "#7"},
				"east": {"uv": [5.75, 0, 9.75, 3.5], "texture": "#7"},
				"south": {"uv": [6, 0, 8.5, 3], "texture": "#7"},
				"west": {"uv": [4.5, 0, 9.75, 4], "texture": "#7"},
				"up": {"uv": [9, 2.75, 5, 0], "texture": "#7"},
				"down": {"uv": [9.5, 0, 5.25, 2.75], "texture": "#7"}
			}
		},
		{
			"name": "hexadecagon",
			"from": [12, 7.20435, 7.5],
			"to": [20, 8.79565, 8.5],
			"rotation": {"angle": 22.5, "axis": "z", "origin": [16, 8, 8]},
			"faces": {
				"north": {"uv": [2.5, 0, 11.5, 4.5], "texture": "#7"},
				"east": {"uv": [5.75, 0, 9.75, 3.5], "texture": "#7"},
				"south": {"uv": [6, 0, 8.5, 3], "texture": "#7"},
				"west": {"uv": [4.5, 0, 9.75, 4], "texture": "#7"},
				"up": {"uv": [9, 2.75, 5, 0], "texture": "#7"},
				"down": {"uv": [9.5, 0, 5.25, 2.75], "texture": "#7"}
			}
		},
		{
			"name": "hexadecagon",
			"from": [10.70435, 3, 8.61],
			"to": [19.54565, 12.25, 8.61],
			"faces": {
				"north": {"uv": [5, 3, 5.5, 4], "texture": "#8"},
				"east": {"uv": [5, 4.5, 5.5, 8.5], "texture": "#0"},
				"south": {"uv": [0, 6, 8.5, 16], "texture": "#8"},
				"west": {"uv": [4, 4.5, 4.5, 8.5], "texture": "#0"},
				"up": {"uv": [0.5, 0.5, 0, 0], "rotation": 180, "texture": "#7"},
				"down": {"uv": [0.5, 0, 0, 0.5], "rotation": 180, "texture": "#7"}
			}
		},
		{
			"name": "hexadecagon",
			"from": [12.45435, 3, 7.39],
			"to": [21.29565, 12.25, 7.39],
			"faces": {
				"north": {"uv": [0, 6, 8.5, 16], "texture": "#8"},
				"east": {"uv": [4, 4.5, 4.5, 8.5], "texture": "#0"},
				"south": {"uv": [8, 5, 8.5, 6], "texture": "#8"},
				"west": {"uv": [5, 4.5, 5.5, 8.5], "texture": "#0"},
				"up": {"uv": [0.5, 0.5, 0, 0], "texture": "#7"},
				"down": {"uv": [0.5, 0, 0, 0.5], "texture": "#7"}
			}
		},
		{
			"from": [11.53236, 6.89229, 7.50388],
			"to": [13.28236, 7.89229, 8.50388],
			"rotation": {"angle": -22.5, "axis": "z", "origin": [10.53236, 8.89229, 15.50388]},
			"faces": {
				"north": {"uv": [9.5, 0, 10.5, 1], "texture": "#7"},
				"east": {"uv": [7, 0, 8, 1], "texture": "#7"},
				"south": {"uv": [7.5, 0, 8.5, 1], "texture": "#7"},
				"west": {"uv": [7.25, 0, 8.25, 1], "texture": "#7"},
				"up": {"uv": [7.75, 1, 6.75, 0], "texture": "#7"},
				"down": {"uv": [8, 0, 7, 1], "texture": "#7"}
			}
		},
		{
			"from": [4.91669, 5.36004, 7.50793],
			"to": [6.66669, 6.36004, 8.50793],
			"rotation": {"angle": 22.5, "axis": "z", "origin": [3.66669, 7.36004, 15.50793]},
			"faces": {
				"north": {"uv": [7, 0, 8, 1], "texture": "#7"},
				"east": {"uv": [7, 0, 8, 1], "texture": "#7"},
				"south": {"uv": [7.25, 0, 8.25, 1], "texture": "#7"},
				"west": {"uv": [7.25, 0, 8.25, 1], "texture": "#7"},
				"up": {"uv": [8, 1, 7, 0], "texture": "#7"},
				"down": {"uv": [8.5, 0, 7.5, 1], "texture": "#7"}
			}
		},
		{
			"from": [6.82099, 6.5844, 7.50776],
			"to": [11.07099, 7.5844, 8.50776],
			"faces": {
				"north": {"uv": [0, 0, 4, 1], "texture": "#7"},
				"east": {"uv": [7, 0, 8, 1], "texture": "#7"},
				"south": {"uv": [4.75, 0, 8.75, 1], "texture": "#7"},
				"west": {"uv": [7.5, 0, 8.5, 1], "texture": "#7"},
				"up": {"uv": [9, 1, 6, 0], "texture": "#7"},
				"down": {"uv": [9.75, 0, 5.75, 1], "texture": "#7"}
			}
		},
		{
			"name": "hexadecagon",
			"from": [8.70694, 6.768, 6.152],
			"to": [9.19706, 9.232, 7.384],
			"rotation": {"angle": -45, "axis": "z", "origin": [8.952, 8, 6.768]},
			"faces": {
				"north": {"uv": [2.5, 0.5, 2.99012, 2.964], "texture": "#9"},
				"east": {"uv": [2.5, 0.5, 2.99012, 2.964], "texture": "#9"},
				"south": {"uv": [2.5, 0.5, 2.99012, 2.964], "texture": "#9"},
				"west": {"uv": [2.5, 0.5, 2.99012, 2.964], "texture": "#9"},
				"up": {"uv": [2.5, 0.5, 2.99012, 2.964], "texture": "#9"},
				"down": {"uv": [2.5, 0.5, 2.99012, 2.964], "texture": "#9"}
			}
		},
		{
			"name": "hexadecagon",
			"from": [8.70694, 6.768, 6.152],
			"to": [9.19706, 9.232, 7.384],
			"rotation": {"angle": -22.5, "axis": "z", "origin": [8.952, 8, 6.768]},
			"faces": {
				"north": {"uv": [2.5, 0.5, 2.99012, 2.964], "texture": "#9"},
				"east": {"uv": [2.5, 0.5, 2.99012, 2.964], "texture": "#9"},
				"south": {"uv": [2.5, 0.5, 2.99012, 2.964], "texture": "#9"},
				"west": {"uv": [2.5, 0.5, 2.99012, 2.964], "texture": "#9"},
				"up": {"uv": [2.5, 0.5, 2.99012, 2.964], "texture": "#9"},
				"down": {"uv": [2.5, 0.5, 2.99012, 2.964], "texture": "#9"}
			}
		},
		{
			"name": "hexadecagon",
			"from": [8.70694, 6.768, 6.152],
			"to": [9.19706, 9.232, 7.384],
			"faces": {
				"north": {"uv": [2.5, 0.5, 2.99012, 2.964], "texture": "#9"},
				"east": {"uv": [2.5, 0.5, 2.99012, 2.964], "texture": "#9"},
				"south": {"uv": [2.5, 0.5, 2.99012, 2.964], "texture": "#9"},
				"west": {"uv": [2.5, 0.5, 2.99012, 2.964], "texture": "#9"},
				"up": {"uv": [2.5, 0.5, 2.99012, 2.964], "texture": "#9"},
				"down": {"uv": [2.5, 0.5, 2.99012, 2.964], "texture": "#9"}
			}
		},
		{
			"name": "hexadecagon",
			"from": [8.70694, 6.768, 6.152],
			"to": [9.19706, 9.232, 7.384],
			"rotation": {"angle": 22.5, "axis": "z", "origin": [8.952, 8, 6.768]},
			"faces": {
				"north": {"uv": [2.5, 0.5, 2.99012, 2.964], "texture": "#9"},
				"east": {"uv": [2.5, 0.5, 2.99012, 2.964], "texture": "#9"},
				"south": {"uv": [2.5, 0.5, 2.99012, 2.964], "texture": "#9"},
				"west": {"uv": [2.5, 0.5, 2.99012, 2.964], "texture": "#9"},
				"up": {"uv": [2.5, 0.5, 2.99012, 2.964], "texture": "#9"},
				"down": {"uv": [2.5, 0.5, 2.99012, 2.964], "texture": "#9"}
			}
		},
		{
			"name": "hexadecagon",
			"from": [8.70694, 6.768, 6.152],
			"to": [9.19706, 9.232, 7.384],
			"rotation": {"angle": 45, "axis": "z", "origin": [8.952, 8, 6.768]},
			"faces": {
				"north": {"uv": [2.5, 0.5, 2.99012, 2.964], "texture": "#9"},
				"east": {"uv": [2.5, 0.5, 2.99012, 2.964], "texture": "#9"},
				"south": {"uv": [2.5, 0.5, 2.99012, 2.964], "texture": "#9"},
				"west": {"uv": [2.5, 0.5, 2.99012, 2.964], "texture": "#9"},
				"up": {"uv": [2.5, 0.5, 2.99012, 2.964], "texture": "#9"},
				"down": {"uv": [2.5, 0.5, 2.99012, 2.964], "texture": "#9"}
			}
		},
		{
			"name": "hexadecagon",
			"from": [7.72, 7.75494, 6.152],
			"to": [10.184, 8.24506, 7.384],
			"rotation": {"angle": -22.5, "axis": "z", "origin": [8.952, 8, 6.768]},
			"faces": {
				"north": {"uv": [2.5, 0.5, 4.964, 0.99012], "texture": "#9"},
				"east": {"uv": [2.5, 0.5, 4.964, 0.99012], "texture": "#9"},
				"south": {"uv": [2.5, 0.5, 4.964, 0.99012], "texture": "#9"},
				"west": {"uv": [2.5, 0.5, 4.964, 0.99012], "texture": "#9"},
				"up": {"uv": [2.5, 0.5, 4.964, 0.99012], "texture": "#9"},
				"down": {"uv": [2.5, 0.5, 4.964, 0.99012], "texture": "#9"}
			}
		},
		{
			"name": "hexadecagon",
			"from": [7.72, 7.75494, 6.152],
			"to": [10.184, 8.24506, 7.384],
			"faces": {
				"north": {"uv": [2.5, 0.5, 4.964, 0.99012], "texture": "#9"},
				"east": {"uv": [2.5, 0.5, 4.964, 0.99012], "texture": "#9"},
				"south": {"uv": [2.5, 0.5, 4.964, 0.99012], "texture": "#9"},
				"west": {"uv": [2.5, 0.5, 4.964, 0.99012], "texture": "#9"},
				"up": {"uv": [2.5, 0.5, 4.964, 0.99012], "texture": "#9"},
				"down": {"uv": [2.5, 0.5, 4.964, 0.99012], "texture": "#9"}
			}
		},
		{
			"name": "hexadecagon",
			"from": [7.72, 7.75494, 6.152],
			"to": [10.184, 8.24506, 7.384],
			"rotation": {"angle": 22.5, "axis": "z", "origin": [8.952, 8, 6.768]},
			"faces": {
				"north": {"uv": [2.5, 0.5, 4.964, 0.99012], "texture": "#9"},
				"east": {"uv": [2.5, 0.5, 4.964, 0.99012], "texture": "#9"},
				"south": {"uv": [2.5, 0.5, 4.964, 0.99012], "texture": "#9"},
				"west": {"uv": [2.5, 0.5, 4.964, 0.99012], "texture": "#9"},
				"up": {"uv": [2.5, 0.5, 4.964, 0.99012], "texture": "#9"},
				"down": {"uv": [2.5, 0.5, 4.964, 0.99012], "texture": "#9"}
			}
		},
		{
			"from": [5.56552, 7.6409, 6.1417],
			"to": [7.72152, 8.5649, 7.3737],
			"faces": {
				"north": {"uv": [2.5, 0.5, 4.656, 1.424], "texture": "#9"},
				"east": {"uv": [2.5, 0.5, 4.656, 1.424], "texture": "#9"},
				"south": {"uv": [2.5, 0.5, 4.656, 1.424], "texture": "#9"},
				"west": {"uv": [2.5, 0.5, 4.656, 1.424], "texture": "#9"},
				"up": {"uv": [2.5, 0.5, 4.656, 1.424], "texture": "#9"},
				"down": {"uv": [2.5, 0.5, 4.656, 1.424], "texture": "#9"}
			}
		},
		{
			"from": [9.94999, 6.15061, 6.1395],
			"to": [12.10599, 7.07461, 7.3715],
			"rotation": {"angle": -22.5, "axis": "z", "origin": [13.64599, 6.76661, 7.3715]},
			"faces": {
				"north": {"uv": [2.5, 0.5, 4.656, 1.424], "texture": "#9"},
				"east": {"uv": [2.5, 0.5, 4.656, 1.424], "texture": "#9"},
				"south": {"uv": [2.5, 0.5, 4.656, 1.424], "texture": "#9"},
				"west": {"uv": [2.5, 0.5, 4.656, 1.424], "texture": "#9"},
				"up": {"uv": [2.5, 0.5, 4.656, 1.424], "texture": "#9"},
				"down": {"uv": [2.5, 0.5, 4.656, 1.424], "texture": "#9"}
			}
		},
		{
			"from": [9.16488, 4.86273, 6.13863],
			"to": [11.32088, 5.78673, 7.37063],
			"rotation": {"angle": -45, "axis": "z", "origin": [12.86088, 5.47873, 7.37063]},
			"faces": {
				"north": {"uv": [2.5, 0.5, 4.656, 1.424], "texture": "#9"},
				"east": {"uv": [2.5, 0.5, 4.656, 1.424], "texture": "#9"},
				"south": {"uv": [2.5, 0.5, 4.656, 1.424], "texture": "#9"},
				"west": {"uv": [2.5, 0.5, 4.656, 1.424], "texture": "#9"},
				"up": {"uv": [2.5, 0.5, 4.656, 1.424], "texture": "#9"},
				"down": {"uv": [2.5, 0.5, 4.656, 1.424], "texture": "#9"}
			}
		},
		{
			"from": [6.58794, 4.87313, 6.13311],
			"to": [8.74394, 5.79713, 7.36511],
			"rotation": {"angle": 45, "axis": "z", "origin": [5.04794, 5.48913, 7.36511]},
			"faces": {
				"north": {"uv": [2.5, 0.5, 4.656, 1.424], "texture": "#9"},
				"east": {"uv": [2.5, 0.5, 4.656, 1.424], "texture": "#9"},
				"south": {"uv": [2.5, 0.5, 4.656, 1.424], "texture": "#9"},
				"west": {"uv": [2.5, 0.5, 4.656, 1.424], "texture": "#9"},
				"up": {"uv": [2.5, 0.5, 4.656, 1.424], "texture": "#9"},
				"down": {"uv": [2.5, 0.5, 4.656, 1.424], "texture": "#9"}
			}
		},
		{
			"from": [9.82696, 9.10673, 6.14488],
			"to": [11.98296, 10.03073, 7.37688],
			"rotation": {"angle": 22.5, "axis": "z", "origin": [13.52296, 9.72273, 7.37688]},
			"faces": {
				"north": {"uv": [2.5, 0.5, 4.656, 1.424], "texture": "#9"},
				"east": {"uv": [2.5, 0.5, 4.656, 1.424], "texture": "#9"},
				"south": {"uv": [2.5, 0.5, 4.656, 1.424], "texture": "#9"},
				"west": {"uv": [2.5, 0.5, 4.656, 1.424], "texture": "#9"},
				"up": {"uv": [2.5, 0.5, 4.656, 1.424], "texture": "#9"},
				"down": {"uv": [2.5, 0.5, 4.656, 1.424], "texture": "#9"}
			}
		},
		{
			"from": [8.93756, 10.32491, 6.14856],
			"to": [11.09356, 11.24891, 7.38056],
			"rotation": {"angle": 45, "axis": "z", "origin": [12.63356, 10.94091, 7.38056]},
			"faces": {
				"north": {"uv": [2.5, 0.5, 4.656, 1.424], "texture": "#9"},
				"east": {"uv": [2.5, 0.5, 4.656, 1.424], "texture": "#9"},
				"south": {"uv": [2.5, 0.5, 4.656, 1.424], "texture": "#9"},
				"west": {"uv": [2.5, 0.5, 4.656, 1.424], "texture": "#9"},
				"up": {"uv": [2.5, 0.5, 4.656, 1.424], "texture": "#9"},
				"down": {"uv": [2.5, 0.5, 4.656, 1.424], "texture": "#9"}
			}
		},
		{
			"from": [5.91847, 9.11166, 6.13741],
			"to": [8.07447, 10.03566, 7.36941],
			"rotation": {"angle": -22.5, "axis": "z", "origin": [4.37847, 9.72766, 7.36941]},
			"faces": {
				"north": {"uv": [2.5, 0.5, 4.656, 1.424], "texture": "#9"},
				"east": {"uv": [2.5, 0.5, 4.656, 1.424], "texture": "#9"},
				"south": {"uv": [2.5, 0.5, 4.656, 1.424], "texture": "#9"},
				"west": {"uv": [2.5, 0.5, 4.656, 1.424], "texture": "#9"},
				"up": {"uv": [2.5, 0.5, 4.656, 1.424], "texture": "#9"},
				"down": {"uv": [2.5, 0.5, 4.656, 1.424], "texture": "#9"}
			}
		},
		{
			"from": [6.8057, 10.33572, 6.13314],
			"to": [8.9617, 11.25972, 7.36514],
			"rotation": {"angle": -45, "axis": "z", "origin": [5.2657, 10.95172, 7.36514]},
			"faces": {
				"north": {"uv": [2.5, 0.5, 4.656, 1.424], "texture": "#9"},
				"east": {"uv": [2.5, 0.5, 4.656, 1.424], "texture": "#9"},
				"south": {"uv": [2.5, 0.5, 4.656, 1.424], "texture": "#9"},
				"west": {"uv": [2.5, 0.5, 4.656, 1.424], "texture": "#9"},
				"up": {"uv": [2.5, 0.5, 4.656, 1.424], "texture": "#9"},
				"down": {"uv": [2.5, 0.5, 4.656, 1.424], "texture": "#9"}
			}
		},
		{
			"from": [5.80061, 6.15533, 6.1374],
			"to": [7.95661, 7.07933, 7.3694],
			"rotation": {"angle": 22.5, "axis": "z", "origin": [4.26061, 6.77133, 7.3694]},
			"faces": {
				"north": {"uv": [2.5, 0.5, 4.656, 1.424], "texture": "#9"},
				"east": {"uv": [2.5, 0.5, 4.656, 1.424], "texture": "#9"},
				"south": {"uv": [2.5, 0.5, 4.656, 1.424], "texture": "#9"},
				"west": {"uv": [2.5, 0.5, 4.656, 1.424], "texture": "#9"},
				"up": {"uv": [2.5, 0.5, 4.656, 1.424], "texture": "#9"},
				"down": {"uv": [2.5, 0.5, 4.656, 1.424], "texture": "#9"}
			}
		},
		{
			"from": [5.93615, 8.0474, 6.12888],
			"to": [6.86015, 10.2034, 7.36088],
			"rotation": {"angle": 22.5, "axis": "z", "origin": [6.55215, 11.7434, 7.36088]},
			"faces": {
				"north": {"uv": [2.5, 0.5, 3.424, 2.656], "texture": "#9"},
				"east": {"uv": [2.5, 0.5, 3.424, 2.656], "texture": "#9"},
				"south": {"uv": [2.5, 0.5, 3.424, 2.656], "texture": "#9"},
				"west": {"uv": [2.5, 0.5, 3.424, 2.656], "texture": "#9"},
				"up": {"uv": [2.5, 0.5, 3.424, 2.656], "texture": "#9"},
				"down": {"uv": [2.5, 0.5, 3.424, 2.656], "texture": "#9"}
			}
		},
		{
			"from": [11.03768, 8.03001, 6.15217],
			"to": [11.96168, 10.18601, 7.38417],
			"rotation": {"angle": -22.5, "axis": "z", "origin": [11.34568, 11.72601, 7.38417]},
			"faces": {
				"north": {"uv": [2.5, 0.5, 3.424, 2.656], "texture": "#9"},
				"east": {"uv": [2.5, 0.5, 3.424, 2.656], "texture": "#9"},
				"south": {"uv": [2.5, 0.5, 3.424, 2.656], "texture": "#9"},
				"west": {"uv": [2.5, 0.5, 3.424, 2.656], "texture": "#9"},
				"up": {"uv": [2.5, 0.5, 3.424, 2.656], "texture": "#9"},
				"down": {"uv": [2.5, 0.5, 3.424, 2.656], "texture": "#9"}
			}
		},
		{
			"from": [10.18248, 7.6409, 6.1417],
			"to": [12.33848, 8.5649, 7.3737],
			"faces": {
				"north": {"uv": [2.5, 0.5, 4.656, 1.424], "texture": "#9"},
				"east": {"uv": [2.5, 0.5, 4.656, 1.424], "texture": "#9"},
				"south": {"uv": [2.5, 0.5, 4.656, 1.424], "texture": "#9"},
				"west": {"uv": [2.5, 0.5, 4.656, 1.424], "texture": "#9"},
				"up": {"uv": [2.5, 0.5, 4.656, 1.424], "texture": "#9"},
				"down": {"uv": [2.5, 0.5, 4.656, 1.424], "texture": "#9"}
			}
		},
		{
			"name": "hexadecagon",
			"from": [1.20435, 4, 7.5],
			"to": [2.79565, 12, 8.5],
			"rotation": {"angle": -45, "axis": "z", "origin": [2, 8, 8]},
			"faces": {
				"north": {"uv": [2.5, 0, 11.5, 4.5], "texture": "#7"},
				"east": {"uv": [5.75, 0, 9.75, 3.5], "texture": "#7"},
				"south": {"uv": [6, 0, 8.5, 3], "texture": "#7"},
				"west": {"uv": [4.5, 0, 9.75, 4], "texture": "#7"},
				"up": {"uv": [9, 2.75, 5, 0], "texture": "#7"},
				"down": {"uv": [9.5, 0, 5.25, 2.75], "texture": "#7"}
			}
		},
		{
			"name": "hexadecagon",
			"from": [1.20435, 4, 7.5],
			"to": [2.79565, 12, 8.5],
			"rotation": {"angle": -22.5, "axis": "z", "origin": [2, 8, 8]},
			"faces": {
				"north": {"uv": [2.5, 0, 11.5, 4.5], "texture": "#7"},
				"east": {"uv": [5.75, 0, 9.75, 3.5], "texture": "#7"},
				"south": {"uv": [6, 0, 8.5, 3], "texture": "#7"},
				"west": {"uv": [4.5, 0, 9.75, 4], "texture": "#7"},
				"up": {"uv": [9, 2.75, 5, 0], "texture": "#7"},
				"down": {"uv": [9.5, 0, 5.25, 2.75], "texture": "#7"}
			}
		},
		{
			"name": "hexadecagon",
			"from": [1.20435, 4, 7.5],
			"to": [2.79565, 12, 8.5],
			"faces": {
				"north": {"uv": [2.5, 0, 11.5, 4.5], "texture": "#7"},
				"east": {"uv": [5.75, 0, 9.75, 3.5], "texture": "#7"},
				"south": {"uv": [6, 0, 8.5, 3], "texture": "#7"},
				"west": {"uv": [4.5, 0, 9.75, 4], "texture": "#7"},
				"up": {"uv": [9, 2.75, 5, 0], "texture": "#7"},
				"down": {"uv": [9.5, 0, 5.25, 2.75], "texture": "#7"}
			}
		},
		{
			"name": "hexadecagon",
			"from": [1.20435, 4, 7.5],
			"to": [2.79565, 12, 8.5],
			"rotation": {"angle": 22.5, "axis": "z", "origin": [2, 8, 8]},
			"faces": {
				"north": {"uv": [2.5, 0, 11.5, 4.5], "texture": "#7"},
				"east": {"uv": [5.75, 0, 9.75, 3.5], "texture": "#7"},
				"south": {"uv": [6, 0, 8.5, 3], "texture": "#7"},
				"west": {"uv": [4.5, 0, 9.75, 4], "texture": "#7"},
				"up": {"uv": [9, 2.75, 5, 0], "texture": "#7"},
				"down": {"uv": [9.5, 0, 5.25, 2.75], "texture": "#7"}
			}
		},
		{
			"name": "hexadecagon",
			"from": [1.20435, 4, 7.5],
			"to": [2.79565, 12, 8.5],
			"rotation": {"angle": 45, "axis": "z", "origin": [2, 8, 8]},
			"faces": {
				"north": {"uv": [2.5, 0, 11.5, 4.5], "texture": "#7"},
				"east": {"uv": [5.75, 0, 9.75, 3.5], "texture": "#7"},
				"south": {"uv": [6, 0, 8.5, 3], "texture": "#7"},
				"west": {"uv": [4.5, 0, 9.75, 4], "texture": "#7"},
				"up": {"uv": [9, 2.75, 5, 0], "texture": "#7"},
				"down": {"uv": [9.5, 0, 5.25, 2.75], "texture": "#7"}
			}
		},
		{
			"name": "hexadecagon",
			"from": [-2, 7.20435, 7.5],
			"to": [6, 8.79565, 8.5],
			"rotation": {"angle": -22.5, "axis": "z", "origin": [2, 8, 8]},
			"faces": {
				"north": {"uv": [2.5, 0, 11.5, 4.5], "texture": "#7"},
				"east": {"uv": [5.75, 0, 9.75, 3.5], "texture": "#7"},
				"south": {"uv": [6, 0, 8.5, 3], "texture": "#7"},
				"west": {"uv": [4.5, 0, 9.75, 4], "texture": "#7"},
				"up": {"uv": [9, 2.75, 5, 0], "texture": "#7"},
				"down": {"uv": [9.5, 0, 5.25, 2.75], "texture": "#7"}
			}
		},
		{
			"name": "hexadecagon",
			"from": [-2, 7.20435, 7.5],
			"to": [6, 8.79565, 8.5],
			"faces": {
				"north": {"uv": [2.5, 0, 11.5, 4.5], "texture": "#7"},
				"east": {"uv": [5.75, 0, 9.75, 3.5], "texture": "#7"},
				"south": {"uv": [6, 0, 8.5, 3], "texture": "#7"},
				"west": {"uv": [4.5, 0, 9.75, 4], "texture": "#7"},
				"up": {"uv": [9, 2.75, 5, 0], "texture": "#7"},
				"down": {"uv": [9.5, 0, 5.25, 2.75], "texture": "#7"}
			}
		},
		{
			"name": "hexadecagon",
			"from": [-2, 7.20435, 7.5],
			"to": [6, 8.79565, 8.5],
			"rotation": {"angle": 22.5, "axis": "z", "origin": [2, 8, 8]},
			"faces": {
				"north": {"uv": [2.5, 0, 11.5, 4.5], "texture": "#7"},
				"east": {"uv": [5.75, 0, 9.75, 3.5], "texture": "#7"},
				"south": {"uv": [6, 0, 8.5, 3], "texture": "#7"},
				"west": {"uv": [4.5, 0, 9.75, 4], "texture": "#7"},
				"up": {"uv": [9, 2.75, 5, 0], "texture": "#7"},
				"down": {"uv": [9.5, 0, 5.25, 2.75], "texture": "#7"}
			}
		},
		{
			"name": "hexadecagon",
			"from": [-3.29565, 3, 8.61],
			"to": [5.54565, 12.25, 8.61],
			"faces": {
				"north": {"uv": [5, 3, 5.5, 4], "texture": "#8"},
				"east": {"uv": [5, 4.5, 5.5, 8.5], "texture": "#0"},
				"south": {"uv": [0, 6, 8.5, 16], "texture": "#8"},
				"west": {"uv": [4, 4.5, 4.5, 8.5], "texture": "#0"},
				"up": {"uv": [0.5, 0.5, 0, 0], "rotation": 180, "texture": "#7"},
				"down": {"uv": [0.5, 0, 0, 0.5], "rotation": 180, "texture": "#7"}
			}
		},
		{
			"name": "hexadecagon",
			"from": [-1.54565, 3, 7.39],
			"to": [7.29565, 12.25, 7.39],
			"faces": {
				"north": {"uv": [0, 6, 8.5, 16], "texture": "#8"},
				"east": {"uv": [4, 4.5, 4.5, 8.5], "texture": "#0"},
				"south": {"uv": [8, 5, 8.5, 6], "texture": "#8"},
				"west": {"uv": [5, 4.5, 5.5, 8.5], "texture": "#0"},
				"up": {"uv": [0.5, 0.5, 0, 0], "texture": "#7"},
				"down": {"uv": [0.5, 0, 0, 0.5], "texture": "#7"}
			}
		}
	],
	"display": {
		"head": {
			"translation": [-1, 8.5, -4.25]
		}
	},
	"groups": [
		{
			"name": "hexadecagon",
			"origin": [8, 8, 8],
			"children": [0, 1, 2, 3, 4, 5, 6, 7, 8, 9]
		}, 10, 11, 12,
		{
			"name": "hexadecagon",
			"origin": [8, 8, 8],
			"children": [13, 14, 15, 16, 17, 18, 19, 20, 21, 22, 23, 24, 25, 26, 27, 28, 29, 30, 31, 32]
		},
		{
			"name": "hexadecagon",
			"origin": [8, 8, 8],
			"children": [33, 34, 35, 36, 37, 38, 39, 40, 41, 42]
		}
	]
}