{
	"credit": "Made with Blockbench",
	"textures": {
		"0": "block/pink_shulker_box",
		"1": "block/white_wool"
	},
	"elements": [
		{
			"from": [4, 0, 9],
			"to": [5, 1, 10],
			"faces": {
				"north": {"uv": [2, 1, 4, 2], "texture": "#1"},
				"east": {"uv": [2, 1, 4, 2], "texture": "#1"},
				"south": {"uv": [2, 1, 4, 2], "texture": "#1"},
				"west": {"uv": [2, 1, 4, 2], "texture": "#1"},
				"up": {"uv": [2, 1, 4, 2], "texture": "#1"},
				"down": {"uv": [2, 1, 4, 2], "texture": "#1"}
			}
		},
		{
			"from": [2, 2, 9],
			"to": [4, 3, 10],
			"rotation": {"angle": 22.5, "axis": "z", "origin": [8, 8, 8]},
			"faces": {
				"north": {"uv": [2, 1, 4, 2], "texture": "#1"},
				"east": {"uv": [2, 1, 4, 2], "texture": "#1"},
				"south": {"uv": [2, 1, 4, 2], "texture": "#1"},
				"west": {"uv": [2, 1, 4, 2], "rotation": 180, "texture": "#1"},
				"up": {"uv": [2, 1, 4, 2], "texture": "#1"},
				"down": {"uv": [2, 1, 4, 2], "rotation": 180, "texture": "#1"}
			}
		},
		{
			"from": [6.3, 0.9, 9],
			"to": [7.8, 1.9, 10],
			"faces": {
				"north": {"uv": [2, 1, 4, 2], "texture": "#1"},
				"east": {"uv": [2, 1, 4, 2], "texture": "#1"},
				"south": {"uv": [2, 1, 4, 2], "texture": "#1"},
				"west": {"uv": [2, 1, 4, 2], "texture": "#1"},
				"up": {"uv": [2, 1, 4, 2], "texture": "#1"},
				"down": {"uv": [2, 1, 4, 2], "texture": "#1"}
			}
		},
		{
			"from": [7.7, 0.9, 9],
			"to": [9.7, 1.9, 10],
			"faces": {
				"north": {"uv": [2, 1, 4, 2], "texture": "#1"},
				"east": {"uv": [2, 1, 4, 2], "texture": "#1"},
				"south": {"uv": [2, 1, 4, 2], "texture": "#1"},
				"west": {"uv": [2, 1, 4, 2], "texture": "#1"},
				"up": {"uv": [2, 1, 4, 2], "texture": "#1"},
				"down": {"uv": [2, 1, 4, 2], "texture": "#1"}
			}
		},
		{
			"from": [11, 0, 9],
			"to": [12, 1, 10],
			"faces": {
				"north": {"uv": [2, 1, 4, 2], "texture": "#1"},
				"east": {"uv": [2, 1, 4, 2], "texture": "#1"},
				"south": {"uv": [2, 1, 4, 2], "texture": "#1"},
				"west": {"uv": [2, 1, 4, 2], "texture": "#1"},
				"up": {"uv": [2, 1, 4, 2], "texture": "#1"},
				"down": {"uv": [2, 1, 4, 2], "texture": "#1"}
			}
		},
		{
			"from": [8, -1, 9],
			"to": [11, 2, 10],
			"rotation": {"angle": 22.5, "axis": "z", "origin": [8, 8, 8]},
			"faces": {
				"north": {"uv": [2, 1, 4, 2], "texture": "#1"},
				"east": {"uv": [2, 1, 4, 2], "texture": "#1"},
				"south": {"uv": [2, 1, 4, 2], "texture": "#1"},
				"west": {"uv": [2, 1, 4, 2], "texture": "#1"},
				"up": {"uv": [2, 1, 4, 2], "texture": "#1"},
				"down": {"uv": [2, 1, 4, 2], "texture": "#1"}
			}
		},
		{
			"from": [8.5, -0.5, 9],
			"to": [11.4008, 2.4008, 9.9504],
			"rotation": {"angle": 22.5, "axis": "z", "origin": [8, 8, 8]},
			"faces": {
				"north": {"uv": [2, 1, 4, 2], "texture": "#1"},
				"east": {"uv": [2, 1, 4, 2], "texture": "#1"},
				"south": {"uv": [2, 1, 4, 2], "texture": "#1"},
				"west": {"uv": [2, 1, 4, 2], "texture": "#1"},
				"up": {"uv": [2, 1, 4, 2], "texture": "#1"},
				"down": {"uv": [2, 1, 4, 2], "texture": "#1"}
			}
		},
		{
			"from": [9, 0.25, 8.94],
			"to": [11.78675, 3.03675, 9.83338],
			"rotation": {"angle": 22.5, "axis": "z", "origin": [8, 8, 8]},
			"faces": {
				"north": {"uv": [2, 1, 4, 2], "texture": "#1"},
				"east": {"uv": [2, 1, 4, 2], "texture": "#1"},
				"south": {"uv": [2, 1, 4, 2], "texture": "#1"},
				"west": {"uv": [2, 1, 4, 2], "texture": "#1"},
				"up": {"uv": [2, 1, 4, 2], "texture": "#1"},
				"down": {"uv": [2, 1, 4, 2], "texture": "#1"}
			}
		},
		{
			"from": [4.5992, -0.5, 9],
			"to": [7.5, 2.4008, 9.9504],
			"rotation": {"angle": -22.5, "axis": "z", "origin": [8, 8, 8]},
			"faces": {
				"north": {"uv": [2, 1, 4, 2], "texture": "#1"},
				"east": {"uv": [2, 1, 4, 2], "texture": "#1"},
				"south": {"uv": [2, 1, 4, 2], "texture": "#1"},
				"west": {"uv": [2, 1, 4, 2], "texture": "#1"},
				"up": {"uv": [2, 1, 4, 2], "texture": "#1"},
				"down": {"uv": [2, 1, 4, 2], "texture": "#1"}
			}
		},
		{
			"from": [5, -1, 9],
			"to": [8, 2, 10],
			"rotation": {"angle": -22.5, "axis": "z", "origin": [8, 8, 8]},
			"faces": {
				"north": {"uv": [2, 1, 4, 2], "texture": "#1"},
				"east": {"uv": [2, 1, 4, 2], "texture": "#1"},
				"south": {"uv": [2, 1, 4, 2], "texture": "#1"},
				"west": {"uv": [2, 1, 4, 2], "texture": "#1"},
				"up": {"uv": [2, 1, 4, 2], "texture": "#1"},
				"down": {"uv": [2, 1, 4, 2], "texture": "#1"}
			}
		},
		{
			"from": [4.21325, 0.25, 8.94],
			"to": [7, 3.03675, 9.83338],
			"rotation": {"angle": -22.5, "axis": "z", "origin": [8, 8, 8]},
			"faces": {
				"north": {"uv": [2, 1, 4, 2], "texture": "#1"},
				"east": {"uv": [2, 1, 4, 2], "texture": "#1"},
				"south": {"uv": [2, 1, 4, 2], "texture": "#1"},
				"west": {"uv": [2, 1, 4, 2], "texture": "#1"},
				"up": {"uv": [2, 1, 4, 2], "texture": "#1"},
				"down": {"uv": [2, 1, 4, 2], "texture": "#1"}
			}
		},
		{
			"from": [7.5, 1.9, 9],
			"to": [8.5, 2.3, 10],
			"faces": {
				"north": {"uv": [1, 0, 2, 0.69984], "texture": "#0"},
				"east": {"uv": [1, 0, 2, 0.69984], "texture": "#0"},
				"south": {"uv": [1, 0, 2, 0.69984], "texture": "#0"},
				"west": {"uv": [1, 0, 2, 0.69984], "texture": "#0"},
				"up": {"uv": [1, 0, 2, 0.69984], "texture": "#0"},
				"down": {"uv": [1, 0, 2, 0.69984], "texture": "#0"}
			}
		},
		{
			"from": [10.5, 2.8, 9],
			"to": [11.5, 3.5, 10],
			"rotation": {"angle": -22.5, "axis": "z", "origin": [8, 8, 8]},
			"faces": {
				"north": {"uv": [1, 0, 2, 0.69984], "texture": "#0"},
				"east": {"uv": [1, 0, 2, 0.69984], "texture": "#0"},
				"south": {"uv": [1, 0, 2, 0.69984], "texture": "#0"},
				"west": {"uv": [1, 0, 2, 0.69984], "texture": "#0"},
				"up": {"uv": [1, 0, 2, 0.69984], "texture": "#0"},
				"down": {"uv": [1, 0, 2, 0.69984], "texture": "#0"}
			}
		},
		{
			"from": [4.5, 2.8, 9],
			"to": [5.5, 3.5, 10],
			"rotation": {"angle": 22.5, "axis": "z", "origin": [8, 8, 8]},
			"faces": {
				"north": {"uv": [1, 0, 2, 0.69984], "texture": "#0"},
				"east": {"uv": [1, 0, 2, 0.69984], "texture": "#0"},
				"south": {"uv": [1, 0, 2, 0.69984], "texture": "#0"},
				"west": {"uv": [1, 0, 2, 0.69984], "texture": "#0"},
				"up": {"uv": [1, 0, 2, 0.69984], "texture": "#0"},
				"down": {"uv": [1, 0, 2, 0.69984], "texture": "#0"}
			}
		},
		{
			"from": [12, 2, 9],
			"to": [14, 3, 10],
			"rotation": {"angle": -22.5, "axis": "z", "origin": [8, 8, 8]},
			"faces": {
				"north": {"uv": [2, 1, 4, 2], "texture": "#1"},
				"east": {"uv": [2, 1, 4, 2], "rotation": 180, "texture": "#1"},
				"south": {"uv": [2, 1, 4, 2], "texture": "#1"},
				"west": {"uv": [2, 1, 4, 2], "texture": "#1"},
				"up": {"uv": [2, 1, 4, 2], "texture": "#1"},
				"down": {"uv": [2, 1, 4, 2], "rotation": 180, "texture": "#1"}
			}
		},
		{
			"from": [1, 3, 8.9],
			"to": [2.6, 5, 9.1],
			"rotation": {"angle": 22.5, "axis": "z", "origin": [8, 8, 8]},
			"faces": {
				"north": {"uv": [1, 0, 2, 0.69984], "texture": "#0"},
				"east": {"uv": [1, 0, 2, 0.69984], "texture": "#0"},
				"south": {"uv": [1, 0, 2, 0.69984], "texture": "#0"},
				"west": {"uv": [1, 0, 2, 0.69984], "texture": "#0"},
				"up": {"uv": [1, 0, 2, 0.69984], "texture": "#0"},
				"down": {"uv": [1, 0, 2, 0.69984], "texture": "#0"}
			}
		},
		{
			"from": [1.3, 4, 8.9],
			"to": [2.3, 5.76, 9.076],
			"rotation": {"angle": 22.5, "axis": "z", "origin": [8, 8, 8]},
			"faces": {
				"north": {"uv": [1, 0, 2, 0.69984], "texture": "#0"},
				"east": {"uv": [1, 0, 2, 0.69984], "texture": "#0"},
				"south": {"uv": [1, 0, 2, 0.69984], "texture": "#0"},
				"west": {"uv": [1, 0, 2, 0.69984], "texture": "#0"},
				"up": {"uv": [1, 0, 2, 0.69984], "texture": "#0"},
				"down": {"uv": [1, 0, 2, 0.69984], "texture": "#0"}
			}
		},
		{
			"from": [13.7, 4, 8.9],
			"to": [14.7, 5.76, 9.076],
			"rotation": {"angle": -22.5, "axis": "z", "origin": [8, 8, 8]},
			"faces": {
				"north": {"uv": [2, 0, 1, 0.69984], "texture": "#0"},
				"east": {"uv": [2, 0, 1, 0.69984], "texture": "#0"},
				"south": {"uv": [2, 0, 1, 0.69984], "texture": "#0"},
				"west": {"uv": [2, 0, 1, 0.69984], "texture": "#0"},
				"up": {"uv": [2, 0, 1, 0.69984], "texture": "#0"},
				"down": {"uv": [2, 0, 1, 0.69984], "texture": "#0"}
			}
		},
		{
			"from": [13.4, 3, 8.9],
			"to": [15, 5, 9.1],
			"rotation": {"angle": -22.5, "axis": "z", "origin": [8, 8, 8]},
			"faces": {
				"north": {"uv": [2, 0, 1, 0.69984], "texture": "#0"},
				"east": {"uv": [2, 0, 1, 0.69984], "texture": "#0"},
				"south": {"uv": [2, 0, 1, 0.69984], "texture": "#0"},
				"west": {"uv": [2, 0, 1, 0.69984], "texture": "#0"},
				"up": {"uv": [2, 0, 1, 0.69984], "texture": "#0"},
				"down": {"uv": [2, 0, 1, 0.69984], "texture": "#0"}
			}
		}
	],
	"display": {
		"thirdperson_righthand": {
			"scale": [0.825, 0.825, 0.825],
			"translation": [0, 7, 0]
		},
		"head": {
			"scale": [1.3, 1.225, 1.3],
			"translation": [0, 15, -6]
		},
		"thirdperson_lefthand": {
			"scale": [0.825, 0.825, 0.825],
			"translation": [0, 7, 0]
		},
		"firstperson_righthand": {
			"scale": [0.85, 0.85, 0.85],
			"translation": [0, 7.5, 0]
		},
		"firstperson_lefthand": {
			"scale": [0.85, 0.85, 0.85],
			"translation": [0, 7.5, 0]
		},
		"ground": {
			"translation": [0, 2, 0]
		},
		"fixed": {
			"translation": [0, 6.5, -3.5],
			"rotation": [0, 0, 0]
		},
		"gui": {
			"translation": [0, 7, 0],
			"rotation": [0, 150, 0]
		}
	},
	"groups": [
		{
			"name": "gidget",
			"isOpen": true,
			"export": true,
			"visibility": true,
			"children": [0, 1, 2, 3, 4, 5, 6, 7, 8, 9, 10, 11, 12, 13, 14, 15, 16, 17, 18]
		}
	]
}