{
	"credit": "Made with Blockbench",
	"textures": {
		"texture1": "block/black_wool"
	},
	"elements": [
		{
			"name": "Voxels-000000",
			"from": [-1, 8.25, -2.25],
			"to": [0, 18.25, 0.75],
			"faces": {
				"north": {"uv": [12.96, 0.96, 15.04, 3.04], "texture": "#texture1"},
				"east": {"uv": [12.96, 0.96, 15.04, 3.04], "texture": "#texture1"},
				"south": {"uv": [12.96, 0.96, 15.04, 3.04], "texture": "#texture1"},
				"west": {"uv": [12.96, 0.96, 15.04, 3.04], "texture": "#texture1"},
				"up": {"uv": [12.96, 0.96, 15.04, 3.04], "texture": "#texture1"},
				"down": {"uv": [12.96, 0.96, 15.04, 3.04], "texture": "#texture1"}
			}
		},
		{
			"name": "Voxels-000000",
			"from": [-1, 8.25, 15.25],
			"to": [0, 18.25, 18.25],
			"faces": {
				"north": {"uv": [12.96, 0.96, 15.04, 3.04], "texture": "#texture1"},
				"east": {"uv": [12.96, 0.96, 15.04, 3.04], "texture": "#texture1"},
				"south": {"uv": [12.96, 0.96, 15.04, 3.04], "texture": "#texture1"},
				"west": {"uv": [12.96, 0.96, 15.04, 3.04], "texture": "#texture1"},
				"up": {"uv": [12.96, 0.96, 15.04, 3.04], "texture": "#texture1"},
				"down": {"uv": [12.96, 0.96, 15.04, 3.04], "texture": "#texture1"}
			}
		},
		{
			"name": "Voxels-000000",
			"from": [-1, 8.5, -3],
			"to": [0, 18, -2.25],
			"faces": {
				"north": {"uv": [12.96, 0.96, 15.04, 3.04], "texture": "#texture1"},
				"east": {"uv": [12.96, 0.96, 15.04, 3.04], "texture": "#texture1"},
				"south": {"uv": [12.96, 0.96, 15.04, 3.04], "texture": "#texture1"},
				"west": {"uv": [12.96, 0.96, 15.04, 3.04], "texture": "#texture1"},
				"up": {"uv": [12.96, 0.96, 15.04, 3.04], "texture": "#texture1"},
				"down": {"uv": [12.96, 0.96, 15.04, 3.04], "texture": "#texture1"}
			}
		},
		{
			"name": "Voxels-000000",
			"from": [-1, 8.5, 0.75],
			"to": [0, 18, 1.5],
			"faces": {
				"north": {"uv": [12.96, 0.96, 15.04, 3.04], "texture": "#texture1"},
				"east": {"uv": [12.96, 0.96, 15.04, 3.04], "texture": "#texture1"},
				"south": {"uv": [12.96, 0.96, 15.04, 3.04], "texture": "#texture1"},
				"west": {"uv": [12.96, 0.96, 15.04, 3.04], "texture": "#texture1"},
				"up": {"uv": [12.96, 0.96, 15.04, 3.04], "texture": "#texture1"},
				"down": {"uv": [12.96, 0.96, 15.04, 3.04], "texture": "#texture1"}
			}
		},
		{
			"name": "Voxels-000000",
			"from": [-1, 8.5, 14.5],
			"to": [0, 18, 15.25],
			"faces": {
				"north": {"uv": [12.96, 0.96, 15.04, 3.04], "texture": "#texture1"},
				"east": {"uv": [12.96, 0.96, 15.04, 3.04], "texture": "#texture1"},
				"south": {"uv": [12.96, 0.96, 15.04, 3.04], "texture": "#texture1"},
				"west": {"uv": [12.96, 0.96, 15.04, 3.04], "texture": "#texture1"},
				"up": {"uv": [12.96, 0.96, 15.04, 3.04], "texture": "#texture1"},
				"down": {"uv": [12.96, 0.96, 15.04, 3.04], "texture": "#texture1"}
			}
		},
		{
			"name": "Voxels-000000",
			"from": [-1, 8.5, 18.25],
			"to": [0, 18, 19],
			"faces": {
				"north": {"uv": [12.96, 0.96, 15.04, 3.04], "texture": "#texture1"},
				"east": {"uv": [12.96, 0.96, 15.04, 3.04], "texture": "#texture1"},
				"south": {"uv": [12.96, 0.96, 15.04, 3.04], "texture": "#texture1"},
				"west": {"uv": [12.96, 0.96, 15.04, 3.04], "texture": "#texture1"},
				"up": {"uv": [12.96, 0.96, 15.04, 3.04], "texture": "#texture1"},
				"down": {"uv": [12.96, 0.96, 15.04, 3.04], "texture": "#texture1"}
			}
		},
		{
			"name": "Voxels-000000",
			"from": [-1, 8.75, -3.5],
			"to": [0, 17.75, -3],
			"faces": {
				"north": {"uv": [12.96, 0.96, 15.04, 3.04], "texture": "#texture1"},
				"east": {"uv": [12.96, 0.96, 15.04, 3.04], "texture": "#texture1"},
				"south": {"uv": [12.96, 0.96, 15.04, 3.04], "texture": "#texture1"},
				"west": {"uv": [12.96, 0.96, 15.04, 3.04], "texture": "#texture1"},
				"up": {"uv": [12.96, 0.96, 15.04, 3.04], "texture": "#texture1"},
				"down": {"uv": [12.96, 0.96, 15.04, 3.04], "texture": "#texture1"}
			}
		},
		{
			"name": "Voxels-000000",
			"from": [-1, 8.75, 1.5],
			"to": [0, 17.75, 2],
			"faces": {
				"north": {"uv": [12.96, 0.96, 15.04, 3.04], "texture": "#texture1"},
				"east": {"uv": [12.96, 0.96, 15.04, 3.04], "texture": "#texture1"},
				"south": {"uv": [12.96, 0.96, 15.04, 3.04], "texture": "#texture1"},
				"west": {"uv": [12.96, 0.96, 15.04, 3.04], "texture": "#texture1"},
				"up": {"uv": [12.96, 0.96, 15.04, 3.04], "texture": "#texture1"},
				"down": {"uv": [12.96, 0.96, 15.04, 3.04], "texture": "#texture1"}
			}
		},
		{
			"name": "Voxels-000000",
			"from": [-1, 8.75, 14],
			"to": [0, 17.75, 14.5],
			"faces": {
				"north": {"uv": [12.96, 0.96, 15.04, 3.04], "texture": "#texture1"},
				"east": {"uv": [12.96, 0.96, 15.04, 3.04], "texture": "#texture1"},
				"south": {"uv": [12.96, 0.96, 15.04, 3.04], "texture": "#texture1"},
				"west": {"uv": [12.96, 0.96, 15.04, 3.04], "texture": "#texture1"},
				"up": {"uv": [12.96, 0.96, 15.04, 3.04], "texture": "#texture1"},
				"down": {"uv": [12.96, 0.96, 15.04, 3.04], "texture": "#texture1"}
			}
		},
		{
			"name": "Voxels-000000",
			"from": [-1, 8.75, 19],
			"to": [0, 17.75, 19.5],
			"faces": {
				"north": {"uv": [12.96, 0.96, 15.04, 3.04], "texture": "#texture1"},
				"east": {"uv": [12.96, 0.96, 15.04, 3.04], "texture": "#texture1"},
				"south": {"uv": [12.96, 0.96, 15.04, 3.04], "texture": "#texture1"},
				"west": {"uv": [12.96, 0.96, 15.04, 3.04], "texture": "#texture1"},
				"up": {"uv": [12.96, 0.96, 15.04, 3.04], "texture": "#texture1"},
				"down": {"uv": [12.96, 0.96, 15.04, 3.04], "texture": "#texture1"}
			}
		},
		{
			"name": "Voxels-000000",
			"from": [-1, 9, -3.75],
			"to": [0, 17.5, -3.5],
			"faces": {
				"north": {"uv": [12.96, 0.96, 15.04, 3.04], "texture": "#texture1"},
				"east": {"uv": [12.96, 0.96, 15.04, 3.04], "texture": "#texture1"},
				"south": {"uv": [12.96, 0.96, 15.04, 3.04], "texture": "#texture1"},
				"west": {"uv": [12.96, 0.96, 15.04, 3.04], "texture": "#texture1"},
				"up": {"uv": [12.96, 0.96, 15.04, 3.04], "texture": "#texture1"},
				"down": {"uv": [12.96, 0.96, 15.04, 3.04], "texture": "#texture1"}
			}
		},
		{
			"name": "Voxels-000000",
			"from": [-1, 9, 2],
			"to": [0, 17.5, 2.25],
			"faces": {
				"north": {"uv": [12.96, 0.96, 15.04, 3.04], "texture": "#texture1"},
				"east": {"uv": [12.96, 0.96, 15.04, 3.04], "texture": "#texture1"},
				"south": {"uv": [12.96, 0.96, 15.04, 3.04], "texture": "#texture1"},
				"west": {"uv": [12.96, 0.96, 15.04, 3.04], "texture": "#texture1"},
				"up": {"uv": [12.96, 0.96, 15.04, 3.04], "texture": "#texture1"},
				"down": {"uv": [12.96, 0.96, 15.04, 3.04], "texture": "#texture1"}
			}
		},
		{
			"name": "Voxels-000000",
			"from": [-1, 9, 13.75],
			"to": [0, 17.5, 14],
			"faces": {
				"north": {"uv": [12.96, 0.96, 15.04, 3.04], "texture": "#texture1"},
				"east": {"uv": [12.96, 0.96, 15.04, 3.04], "texture": "#texture1"},
				"south": {"uv": [12.96, 0.96, 15.04, 3.04], "texture": "#texture1"},
				"west": {"uv": [12.96, 0.96, 15.04, 3.04], "texture": "#texture1"},
				"up": {"uv": [12.96, 0.96, 15.04, 3.04], "texture": "#texture1"},
				"down": {"uv": [12.96, 0.96, 15.04, 3.04], "texture": "#texture1"}
			}
		},
		{
			"name": "Voxels-000000",
			"from": [-1, 9, 19.5],
			"to": [0, 17.5, 19.75],
			"faces": {
				"north": {"uv": [12.96, 0.96, 15.04, 3.04], "texture": "#texture1"},
				"east": {"uv": [12.96, 0.96, 15.04, 3.04], "texture": "#texture1"},
				"south": {"uv": [12.96, 0.96, 15.04, 3.04], "texture": "#texture1"},
				"west": {"uv": [12.96, 0.96, 15.04, 3.04], "texture": "#texture1"},
				"up": {"uv": [12.96, 0.96, 15.04, 3.04], "texture": "#texture1"},
				"down": {"uv": [12.96, 0.96, 15.04, 3.04], "texture": "#texture1"}
			}
		},
		{
			"name": "Voxels-000000",
			"from": [-1, 9.25, -4],
			"to": [0, 17.25, -3.75],
			"faces": {
				"north": {"uv": [12.96, 0.96, 15.04, 3.04], "texture": "#texture1"},
				"east": {"uv": [12.96, 0.96, 15.04, 3.04], "texture": "#texture1"},
				"south": {"uv": [12.96, 0.96, 15.04, 3.04], "texture": "#texture1"},
				"west": {"uv": [12.96, 0.96, 15.04, 3.04], "texture": "#texture1"},
				"up": {"uv": [12.96, 0.96, 15.04, 3.04], "texture": "#texture1"},
				"down": {"uv": [12.96, 0.96, 15.04, 3.04], "texture": "#texture1"}
			}
		},
		{
			"name": "Voxels-000000",
			"from": [-1, 9.25, 2.25],
			"to": [0, 17.25, 2.5],
			"faces": {
				"north": {"uv": [12.96, 0.96, 15.04, 3.04], "texture": "#texture1"},
				"east": {"uv": [12.96, 0.96, 15.04, 3.04], "texture": "#texture1"},
				"south": {"uv": [12.96, 0.96, 15.04, 3.04], "texture": "#texture1"},
				"west": {"uv": [12.96, 0.96, 15.04, 3.04], "texture": "#texture1"},
				"up": {"uv": [12.96, 0.96, 15.04, 3.04], "texture": "#texture1"},
				"down": {"uv": [12.96, 0.96, 15.04, 3.04], "texture": "#texture1"}
			}
		},
		{
			"name": "Voxels-000000",
			"from": [-1, 9.25, 13.5],
			"to": [0, 17.25, 13.75],
			"faces": {
				"north": {"uv": [12.96, 0.96, 15.04, 3.04], "texture": "#texture1"},
				"east": {"uv": [12.96, 0.96, 15.04, 3.04], "texture": "#texture1"},
				"south": {"uv": [12.96, 0.96, 15.04, 3.04], "texture": "#texture1"},
				"west": {"uv": [12.96, 0.96, 15.04, 3.04], "texture": "#texture1"},
				"up": {"uv": [12.96, 0.96, 15.04, 3.04], "texture": "#texture1"},
				"down": {"uv": [12.96, 0.96, 15.04, 3.04], "texture": "#texture1"}
			}
		},
		{
			"name": "Voxels-000000",
			"from": [-1, 9.25, 19.75],
			"to": [0, 17.25, 20],
			"faces": {
				"north": {"uv": [12.96, 0.96, 15.04, 3.04], "texture": "#texture1"},
				"east": {"uv": [12.96, 0.96, 15.04, 3.04], "texture": "#texture1"},
				"south": {"uv": [12.96, 0.96, 15.04, 3.04], "texture": "#texture1"},
				"west": {"uv": [12.96, 0.96, 15.04, 3.04], "texture": "#texture1"},
				"up": {"uv": [12.96, 0.96, 15.04, 3.04], "texture": "#texture1"},
				"down": {"uv": [12.96, 0.96, 15.04, 3.04], "texture": "#texture1"}
			}
		},
		{
			"name": "Voxels-000000",
			"from": [-1, 9.5, -4.5],
			"to": [0, 17, -4],
			"faces": {
				"north": {"uv": [12.96, 0.96, 15.04, 3.04], "texture": "#texture1"},
				"east": {"uv": [12.96, 0.96, 15.04, 3.04], "texture": "#texture1"},
				"south": {"uv": [12.96, 0.96, 15.04, 3.04], "texture": "#texture1"},
				"west": {"uv": [12.96, 0.96, 15.04, 3.04], "texture": "#texture1"},
				"up": {"uv": [12.96, 0.96, 15.04, 3.04], "texture": "#texture1"},
				"down": {"uv": [12.96, 0.96, 15.04, 3.04], "texture": "#texture1"}
			}
		},
		{
			"name": "Voxels-000000",
			"from": [-1, 9.5, 2.5],
			"to": [0, 17, 3],
			"faces": {
				"north": {"uv": [12.96, 0.96, 15.04, 3.04], "texture": "#texture1"},
				"east": {"uv": [12.96, 0.96, 15.04, 3.04], "texture": "#texture1"},
				"south": {"uv": [12.96, 0.96, 15.04, 3.04], "texture": "#texture1"},
				"west": {"uv": [12.96, 0.96, 15.04, 3.04], "texture": "#texture1"},
				"up": {"uv": [12.96, 0.96, 15.04, 3.04], "texture": "#texture1"},
				"down": {"uv": [12.96, 0.96, 15.04, 3.04], "texture": "#texture1"}
			}
		},
		{
			"name": "Voxels-000000",
			"from": [-1, 9.5, 13],
			"to": [0, 17, 13.5],
			"faces": {
				"north": {"uv": [12.96, 0.96, 15.04, 3.04], "texture": "#texture1"},
				"east": {"uv": [12.96, 0.96, 15.04, 3.04], "texture": "#texture1"},
				"south": {"uv": [12.96, 0.96, 15.04, 3.04], "texture": "#texture1"},
				"west": {"uv": [12.96, 0.96, 15.04, 3.04], "texture": "#texture1"},
				"up": {"uv": [12.96, 0.96, 15.04, 3.04], "texture": "#texture1"},
				"down": {"uv": [12.96, 0.96, 15.04, 3.04], "texture": "#texture1"}
			}
		},
		{
			"name": "Voxels-000000",
			"from": [-1, 9.5, 20],
			"to": [0, 17, 20.5],
			"faces": {
				"north": {"uv": [12.96, 0.96, 15.04, 3.04], "texture": "#texture1"},
				"east": {"uv": [12.96, 0.96, 15.04, 3.04], "texture": "#texture1"},
				"south": {"uv": [12.96, 0.96, 15.04, 3.04], "texture": "#texture1"},
				"west": {"uv": [12.96, 0.96, 15.04, 3.04], "texture": "#texture1"},
				"up": {"uv": [12.96, 0.96, 15.04, 3.04], "texture": "#texture1"},
				"down": {"uv": [12.96, 0.96, 15.04, 3.04], "texture": "#texture1"}
			}
		},
		{
			"name": "Voxels-000000",
			"from": [-1, 10, -4.75],
			"to": [0, 16.5, -4.5],
			"faces": {
				"north": {"uv": [12.96, 0.96, 15.04, 3.04], "texture": "#texture1"},
				"east": {"uv": [12.96, 0.96, 15.04, 3.04], "texture": "#texture1"},
				"south": {"uv": [12.96, 0.96, 15.04, 3.04], "texture": "#texture1"},
				"west": {"uv": [12.96, 0.96, 15.04, 3.04], "texture": "#texture1"},
				"up": {"uv": [12.96, 0.96, 15.04, 3.04], "texture": "#texture1"},
				"down": {"uv": [12.96, 0.96, 15.04, 3.04], "texture": "#texture1"}
			}
		},
		{
			"name": "Voxels-000000",
			"from": [-1, 10, 3],
			"to": [0, 16.5, 3.25],
			"faces": {
				"north": {"uv": [12.96, 0.96, 15.04, 3.04], "texture": "#texture1"},
				"east": {"uv": [12.96, 0.96, 15.04, 3.04], "texture": "#texture1"},
				"south": {"uv": [12.96, 0.96, 15.04, 3.04], "texture": "#texture1"},
				"west": {"uv": [12.96, 0.96, 15.04, 3.04], "texture": "#texture1"},
				"up": {"uv": [12.96, 0.96, 15.04, 3.04], "texture": "#texture1"},
				"down": {"uv": [12.96, 0.96, 15.04, 3.04], "texture": "#texture1"}
			}
		},
		{
			"name": "Voxels-000000",
			"from": [-1, 10, 12.75],
			"to": [0, 16.5, 13],
			"faces": {
				"north": {"uv": [12.96, 0.96, 15.04, 3.04], "texture": "#texture1"},
				"east": {"uv": [12.96, 0.96, 15.04, 3.04], "texture": "#texture1"},
				"south": {"uv": [12.96, 0.96, 15.04, 3.04], "texture": "#texture1"},
				"west": {"uv": [12.96, 0.96, 15.04, 3.04], "texture": "#texture1"},
				"up": {"uv": [12.96, 0.96, 15.04, 3.04], "texture": "#texture1"},
				"down": {"uv": [12.96, 0.96, 15.04, 3.04], "texture": "#texture1"}
			}
		},
		{
			"name": "Voxels-000000",
			"from": [-1, 10, 20.5],
			"to": [0, 16.5, 20.75],
			"faces": {
				"north": {"uv": [12.96, 0.96, 15.04, 3.04], "texture": "#texture1"},
				"east": {"uv": [12.96, 0.96, 15.04, 3.04], "texture": "#texture1"},
				"south": {"uv": [12.96, 0.96, 15.04, 3.04], "texture": "#texture1"},
				"west": {"uv": [12.96, 0.96, 15.04, 3.04], "texture": "#texture1"},
				"up": {"uv": [12.96, 0.96, 15.04, 3.04], "texture": "#texture1"},
				"down": {"uv": [12.96, 0.96, 15.04, 3.04], "texture": "#texture1"}
			}
		},
		{
			"name": "Voxels-000000",
			"from": [-1, 10.25, -5],
			"to": [0, 16.25, -4.75],
			"faces": {
				"north": {"uv": [12.96, 0.96, 15.04, 3.04], "texture": "#texture1"},
				"east": {"uv": [12.96, 0.96, 15.04, 3.04], "texture": "#texture1"},
				"south": {"uv": [12.96, 0.96, 15.04, 3.04], "texture": "#texture1"},
				"west": {"uv": [12.96, 0.96, 15.04, 3.04], "texture": "#texture1"},
				"up": {"uv": [12.96, 0.96, 15.04, 3.04], "texture": "#texture1"},
				"down": {"uv": [12.96, 0.96, 15.04, 3.04], "texture": "#texture1"}
			}
		},
		{
			"name": "Voxels-000000",
			"from": [-1, 10.25, 3.25],
			"to": [0, 16.25, 3.5],
			"faces": {
				"north": {"uv": [12.96, 0.96, 15.04, 3.04], "texture": "#texture1"},
				"east": {"uv": [12.96, 0.96, 15.04, 3.04], "texture": "#texture1"},
				"south": {"uv": [12.96, 0.96, 15.04, 3.04], "texture": "#texture1"},
				"west": {"uv": [12.96, 0.96, 15.04, 3.04], "texture": "#texture1"},
				"up": {"uv": [12.96, 0.96, 15.04, 3.04], "texture": "#texture1"},
				"down": {"uv": [12.96, 0.96, 15.04, 3.04], "texture": "#texture1"}
			}
		},
		{
			"name": "Voxels-000000",
			"from": [-1, 10.25, 12.5],
			"to": [0, 16.25, 12.75],
			"faces": {
				"north": {"uv": [12.96, 0.96, 15.04, 3.04], "texture": "#texture1"},
				"east": {"uv": [12.96, 0.96, 15.04, 3.04], "texture": "#texture1"},
				"south": {"uv": [12.96, 0.96, 15.04, 3.04], "texture": "#texture1"},
				"west": {"uv": [12.96, 0.96, 15.04, 3.04], "texture": "#texture1"},
				"up": {"uv": [12.96, 0.96, 15.04, 3.04], "texture": "#texture1"},
				"down": {"uv": [12.96, 0.96, 15.04, 3.04], "texture": "#texture1"}
			}
		},
		{
			"name": "Voxels-000000",
			"from": [-1, 10.25, 20.75],
			"to": [0, 16.25, 21],
			"faces": {
				"north": {"uv": [12.96, 0.96, 15.04, 3.04], "texture": "#texture1"},
				"east": {"uv": [12.96, 0.96, 15.04, 3.04], "texture": "#texture1"},
				"south": {"uv": [12.96, 0.96, 15.04, 3.04], "texture": "#texture1"},
				"west": {"uv": [12.96, 0.96, 15.04, 3.04], "texture": "#texture1"},
				"up": {"uv": [12.96, 0.96, 15.04, 3.04], "texture": "#texture1"},
				"down": {"uv": [12.96, 0.96, 15.04, 3.04], "texture": "#texture1"}
			}
		},
		{
			"name": "Voxels-000000",
			"from": [-1, 10.5, -5.25],
			"to": [0, 16, -5],
			"faces": {
				"north": {"uv": [12.96, 0.96, 15.04, 3.04], "texture": "#texture1"},
				"east": {"uv": [12.96, 0.96, 15.04, 3.04], "texture": "#texture1"},
				"south": {"uv": [12.96, 0.96, 15.04, 3.04], "texture": "#texture1"},
				"west": {"uv": [12.96, 0.96, 15.04, 3.04], "texture": "#texture1"},
				"up": {"uv": [12.96, 0.96, 15.04, 3.04], "texture": "#texture1"},
				"down": {"uv": [12.96, 0.96, 15.04, 3.04], "texture": "#texture1"}
			}
		},
		{
			"name": "Voxels-000000",
			"from": [-1, 10.5, 3.5],
			"to": [0, 16, 3.75],
			"faces": {
				"north": {"uv": [12.96, 0.96, 15.04, 3.04], "texture": "#texture1"},
				"east": {"uv": [12.96, 0.96, 15.04, 3.04], "texture": "#texture1"},
				"south": {"uv": [12.96, 0.96, 15.04, 3.04], "texture": "#texture1"},
				"west": {"uv": [12.96, 0.96, 15.04, 3.04], "texture": "#texture1"},
				"up": {"uv": [12.96, 0.96, 15.04, 3.04], "texture": "#texture1"},
				"down": {"uv": [12.96, 0.96, 15.04, 3.04], "texture": "#texture1"}
			}
		},
		{
			"name": "Voxels-000000",
			"from": [-1, 10.5, 12.25],
			"to": [0, 16, 12.5],
			"faces": {
				"north": {"uv": [12.96, 0.96, 15.04, 3.04], "texture": "#texture1"},
				"east": {"uv": [12.96, 0.96, 15.04, 3.04], "texture": "#texture1"},
				"south": {"uv": [12.96, 0.96, 15.04, 3.04], "texture": "#texture1"},
				"west": {"uv": [12.96, 0.96, 15.04, 3.04], "texture": "#texture1"},
				"up": {"uv": [12.96, 0.96, 15.04, 3.04], "texture": "#texture1"},
				"down": {"uv": [12.96, 0.96, 15.04, 3.04], "texture": "#texture1"}
			}
		},
		{
			"name": "Voxels-000000",
			"from": [-1, 10.5, 21],
			"to": [0, 16, 21.25],
			"faces": {
				"north": {"uv": [12.96, 0.96, 15.04, 3.04], "texture": "#texture1"},
				"east": {"uv": [12.96, 0.96, 15.04, 3.04], "texture": "#texture1"},
				"south": {"uv": [12.96, 0.96, 15.04, 3.04], "texture": "#texture1"},
				"west": {"uv": [12.96, 0.96, 15.04, 3.04], "texture": "#texture1"},
				"up": {"uv": [12.96, 0.96, 15.04, 3.04], "texture": "#texture1"},
				"down": {"uv": [12.96, 0.96, 15.04, 3.04], "texture": "#texture1"}
			}
		},
		{
			"name": "Voxels-000000",
			"from": [-1, 11, -5.5],
			"to": [0, 15.5, -5.25],
			"faces": {
				"north": {"uv": [12.96, 0.96, 15.04, 3.04], "texture": "#texture1"},
				"east": {"uv": [12.96, 0.96, 15.04, 3.04], "texture": "#texture1"},
				"south": {"uv": [12.96, 0.96, 15.04, 3.04], "texture": "#texture1"},
				"west": {"uv": [12.96, 0.96, 15.04, 3.04], "texture": "#texture1"},
				"up": {"uv": [12.96, 0.96, 15.04, 3.04], "texture": "#texture1"},
				"down": {"uv": [12.96, 0.96, 15.04, 3.04], "texture": "#texture1"}
			}
		},
		{
			"name": "Voxels-000000",
			"from": [-1, 11, 3.75],
			"to": [0, 15.5, 4],
			"faces": {
				"north": {"uv": [12.96, 0.96, 15.04, 3.04], "texture": "#texture1"},
				"east": {"uv": [12.96, 0.96, 15.04, 3.04], "texture": "#texture1"},
				"south": {"uv": [12.96, 0.96, 15.04, 3.04], "texture": "#texture1"},
				"west": {"uv": [12.96, 0.96, 15.04, 3.04], "texture": "#texture1"},
				"up": {"uv": [12.96, 0.96, 15.04, 3.04], "texture": "#texture1"},
				"down": {"uv": [12.96, 0.96, 15.04, 3.04], "texture": "#texture1"}
			}
		},
		{
			"name": "Voxels-000000",
			"from": [-1, 11, 12],
			"to": [0, 15.5, 12.25],
			"faces": {
				"north": {"uv": [12.96, 0.96, 15.04, 3.04], "texture": "#texture1"},
				"east": {"uv": [12.96, 0.96, 15.04, 3.04], "texture": "#texture1"},
				"south": {"uv": [12.96, 0.96, 15.04, 3.04], "texture": "#texture1"},
				"west": {"uv": [12.96, 0.96, 15.04, 3.04], "texture": "#texture1"},
				"up": {"uv": [12.96, 0.96, 15.04, 3.04], "texture": "#texture1"},
				"down": {"uv": [12.96, 0.96, 15.04, 3.04], "texture": "#texture1"}
			}
		},
		{
			"name": "Voxels-000000",
			"from": [-1, 11, 21.25],
			"to": [0, 15.5, 21.5],
			"faces": {
				"north": {"uv": [12.96, 0.96, 15.04, 3.04], "texture": "#texture1"},
				"east": {"uv": [12.96, 0.96, 15.04, 3.04], "texture": "#texture1"},
				"south": {"uv": [12.96, 0.96, 15.04, 3.04], "texture": "#texture1"},
				"west": {"uv": [12.96, 0.96, 15.04, 3.04], "texture": "#texture1"},
				"up": {"uv": [12.96, 0.96, 15.04, 3.04], "texture": "#texture1"},
				"down": {"uv": [12.96, 0.96, 15.04, 3.04], "texture": "#texture1"}
			}
		},
		{
			"name": "Voxels-000000",
			"from": [-1, 11.75, -5.75],
			"to": [0, 14.75, -5.5],
			"faces": {
				"north": {"uv": [12.96, 0.96, 15.04, 3.04], "texture": "#texture1"},
				"east": {"uv": [12.96, 0.96, 15.04, 3.04], "texture": "#texture1"},
				"south": {"uv": [12.96, 0.96, 15.04, 3.04], "texture": "#texture1"},
				"west": {"uv": [12.96, 0.96, 15.04, 3.04], "texture": "#texture1"},
				"up": {"uv": [12.96, 0.96, 15.04, 3.04], "texture": "#texture1"},
				"down": {"uv": [12.96, 0.96, 15.04, 3.04], "texture": "#texture1"}
			}
		},
		{
			"name": "Voxels-000000",
			"from": [-1, 11.75, 4],
			"to": [0, 14.75, 4.25],
			"faces": {
				"north": {"uv": [12.96, 0.96, 15.04, 3.04], "texture": "#texture1"},
				"east": {"uv": [12.96, 0.96, 15.04, 3.04], "texture": "#texture1"},
				"south": {"uv": [12.96, 0.96, 15.04, 3.04], "texture": "#texture1"},
				"west": {"uv": [12.96, 0.96, 15.04, 3.04], "texture": "#texture1"},
				"up": {"uv": [12.96, 0.96, 15.04, 3.04], "texture": "#texture1"},
				"down": {"uv": [12.96, 0.96, 15.04, 3.04], "texture": "#texture1"}
			}
		},
		{
			"name": "Voxels-000000",
			"from": [-1, 11.75, 11.75],
			"to": [0, 14.75, 12],
			"faces": {
				"north": {"uv": [12.96, 0.96, 15.04, 3.04], "texture": "#texture1"},
				"east": {"uv": [12.96, 0.96, 15.04, 3.04], "texture": "#texture1"},
				"south": {"uv": [12.96, 0.96, 15.04, 3.04], "texture": "#texture1"},
				"west": {"uv": [12.96, 0.96, 15.04, 3.04], "texture": "#texture1"},
				"up": {"uv": [12.96, 0.96, 15.04, 3.04], "texture": "#texture1"},
				"down": {"uv": [12.96, 0.96, 15.04, 3.04], "texture": "#texture1"}
			}
		},
		{
			"name": "Voxels-000000",
			"from": [-1, 11.75, 21.5],
			"to": [0, 14.75, 21.75],
			"faces": {
				"north": {"uv": [12.96, 0.96, 15.04, 3.04], "texture": "#texture1"},
				"east": {"uv": [12.96, 0.96, 15.04, 3.04], "texture": "#texture1"},
				"south": {"uv": [12.96, 0.96, 15.04, 3.04], "texture": "#texture1"},
				"west": {"uv": [12.96, 0.96, 15.04, 3.04], "texture": "#texture1"},
				"up": {"uv": [12.96, 0.96, 15.04, 3.04], "texture": "#texture1"},
				"down": {"uv": [12.96, 0.96, 15.04, 3.04], "texture": "#texture1"}
			}
		},
		{
			"name": "Voxels-000000",
			"from": [-1, 12.75, 4.25],
			"to": [0, 13, 5],
			"faces": {
				"north": {"uv": [12.96, 0.96, 15.04, 3.04], "texture": "#texture1"},
				"east": {"uv": [12.96, 0.96, 15.04, 3.04], "texture": "#texture1"},
				"south": {"uv": [12.96, 0.96, 15.04, 3.04], "texture": "#texture1"},
				"west": {"uv": [12.96, 0.96, 15.04, 3.04], "texture": "#texture1"},
				"up": {"uv": [12.96, 0.96, 15.04, 3.04], "texture": "#texture1"},
				"down": {"uv": [12.96, 0.96, 15.04, 3.04], "texture": "#texture1"}
			}
		},
		{
			"name": "Voxels-000000",
			"from": [-1, 12.75, 11.25],
			"to": [0, 13, 11.75],
			"faces": {
				"north": {"uv": [12.96, 0.96, 15.04, 3.04], "texture": "#texture1"},
				"east": {"uv": [12.96, 0.96, 15.04, 3.04], "texture": "#texture1"},
				"south": {"uv": [12.96, 0.96, 15.04, 3.04], "texture": "#texture1"},
				"west": {"uv": [12.96, 0.96, 15.04, 3.04], "texture": "#texture1"},
				"up": {"uv": [12.96, 0.96, 15.04, 3.04], "texture": "#texture1"},
				"down": {"uv": [12.96, 0.96, 15.04, 3.04], "texture": "#texture1"}
			}
		},
		{
			"name": "Voxels-000000",
			"from": [-1, 13.5, 4.25],
			"to": [0, 13.75, 5],
			"faces": {
				"north": {"uv": [12.96, 0.96, 15.04, 3.04], "texture": "#texture1"},
				"east": {"uv": [12.96, 0.96, 15.04, 3.04], "texture": "#texture1"},
				"south": {"uv": [12.96, 0.96, 15.04, 3.04], "texture": "#texture1"},
				"west": {"uv": [12.96, 0.96, 15.04, 3.04], "texture": "#texture1"},
				"up": {"uv": [12.96, 0.96, 15.04, 3.04], "texture": "#texture1"},
				"down": {"uv": [12.96, 0.96, 15.04, 3.04], "texture": "#texture1"}
			}
		},
		{
			"name": "Voxels-000000",
			"from": [-1, 13.5, 11.25],
			"to": [0, 13.75, 11.75],
			"faces": {
				"north": {"uv": [12.96, 0.96, 15.04, 3.04], "texture": "#texture1"},
				"east": {"uv": [12.96, 0.96, 15.04, 3.04], "texture": "#texture1"},
				"south": {"uv": [12.96, 0.96, 15.04, 3.04], "texture": "#texture1"},
				"west": {"uv": [12.96, 0.96, 15.04, 3.04], "texture": "#texture1"},
				"up": {"uv": [12.96, 0.96, 15.04, 3.04], "texture": "#texture1"},
				"down": {"uv": [12.96, 0.96, 15.04, 3.04], "texture": "#texture1"}
			}
		},
		{
			"name": "Voxels-000000",
			"from": [-0.75, 7.5, -2],
			"to": [-0.25, 8.25, 0.5],
			"faces": {
				"north": {"uv": [12.96, 0.96, 15.04, 3.04], "texture": "#texture1"},
				"east": {"uv": [12.96, 0.96, 15.04, 3.04], "texture": "#texture1"},
				"south": {"uv": [12.96, 0.96, 15.04, 3.04], "texture": "#texture1"},
				"west": {"uv": [12.96, 0.96, 15.04, 3.04], "texture": "#texture1"},
				"up": {"uv": [12.96, 0.96, 15.04, 3.04], "texture": "#texture1"},
				"down": {"uv": [12.96, 0.96, 15.04, 3.04], "texture": "#texture1"}
			}
		},
		{
			"name": "Voxels-000000",
			"from": [-0.75, 7.5, 15.5],
			"to": [-0.25, 8.25, 18],
			"faces": {
				"north": {"uv": [12.96, 0.96, 15.04, 3.04], "texture": "#texture1"},
				"east": {"uv": [12.96, 0.96, 15.04, 3.04], "texture": "#texture1"},
				"south": {"uv": [12.96, 0.96, 15.04, 3.04], "texture": "#texture1"},
				"west": {"uv": [12.96, 0.96, 15.04, 3.04], "texture": "#texture1"},
				"up": {"uv": [12.96, 0.96, 15.04, 3.04], "texture": "#texture1"},
				"down": {"uv": [12.96, 0.96, 15.04, 3.04], "texture": "#texture1"}
			}
		},
		{
			"name": "Voxels-000000",
			"from": [-0.75, 7.75, -2.75],
			"to": [-0.25, 8.5, -2.25],
			"faces": {
				"north": {"uv": [12.96, 0.96, 15.04, 3.04], "texture": "#texture1"},
				"east": {"uv": [12.96, 0.96, 15.04, 3.04], "texture": "#texture1"},
				"south": {"uv": [12.96, 0.96, 15.04, 3.04], "texture": "#texture1"},
				"west": {"uv": [12.96, 0.96, 15.04, 3.04], "texture": "#texture1"},
				"up": {"uv": [12.96, 0.96, 15.04, 3.04], "texture": "#texture1"},
				"down": {"uv": [12.96, 0.96, 15.04, 3.04], "texture": "#texture1"}
			}
		},
		{
			"name": "Voxels-000000",
			"from": [-0.75, 7.75, -2.25],
			"to": [-0.25, 8.25, -2],
			"faces": {
				"north": {"uv": [12.96, 0.96, 15.04, 3.04], "texture": "#texture1"},
				"east": {"uv": [12.96, 0.96, 15.04, 3.04], "texture": "#texture1"},
				"south": {"uv": [12.96, 0.96, 15.04, 3.04], "texture": "#texture1"},
				"west": {"uv": [12.96, 0.96, 15.04, 3.04], "texture": "#texture1"},
				"up": {"uv": [12.96, 0.96, 15.04, 3.04], "texture": "#texture1"},
				"down": {"uv": [12.96, 0.96, 15.04, 3.04], "texture": "#texture1"}
			}
		},
		{
			"name": "Voxels-000000",
			"from": [-0.75, 7.75, 0.5],
			"to": [-0.25, 8.25, 1.25],
			"faces": {
				"north": {"uv": [12.96, 0.96, 15.04, 3.04], "texture": "#texture1"},
				"east": {"uv": [12.96, 0.96, 15.04, 3.04], "texture": "#texture1"},
				"south": {"uv": [12.96, 0.96, 15.04, 3.04], "texture": "#texture1"},
				"west": {"uv": [12.96, 0.96, 15.04, 3.04], "texture": "#texture1"},
				"up": {"uv": [12.96, 0.96, 15.04, 3.04], "texture": "#texture1"},
				"down": {"uv": [12.96, 0.96, 15.04, 3.04], "texture": "#texture1"}
			}
		},
		{
			"name": "Voxels-000000",
			"from": [-0.75, 7.75, 14.75],
			"to": [-0.25, 8.5, 15.25],
			"faces": {
				"north": {"uv": [12.96, 0.96, 15.04, 3.04], "texture": "#texture1"},
				"east": {"uv": [12.96, 0.96, 15.04, 3.04], "texture": "#texture1"},
				"south": {"uv": [12.96, 0.96, 15.04, 3.04], "texture": "#texture1"},
				"west": {"uv": [12.96, 0.96, 15.04, 3.04], "texture": "#texture1"},
				"up": {"uv": [12.96, 0.96, 15.04, 3.04], "texture": "#texture1"},
				"down": {"uv": [12.96, 0.96, 15.04, 3.04], "texture": "#texture1"}
			}
		},
		{
			"name": "Voxels-000000",
			"from": [-0.75, 7.75, 15.25],
			"to": [-0.25, 8.25, 15.5],
			"faces": {
				"north": {"uv": [12.96, 0.96, 15.04, 3.04], "texture": "#texture1"},
				"east": {"uv": [12.96, 0.96, 15.04, 3.04], "texture": "#texture1"},
				"south": {"uv": [12.96, 0.96, 15.04, 3.04], "texture": "#texture1"},
				"west": {"uv": [12.96, 0.96, 15.04, 3.04], "texture": "#texture1"},
				"up": {"uv": [12.96, 0.96, 15.04, 3.04], "texture": "#texture1"},
				"down": {"uv": [12.96, 0.96, 15.04, 3.04], "texture": "#texture1"}
			}
		},
		{
			"name": "Voxels-000000",
			"from": [-0.75, 7.75, 18],
			"to": [-0.25, 8.25, 18.75],
			"faces": {
				"north": {"uv": [12.96, 0.96, 15.04, 3.04], "texture": "#texture1"},
				"east": {"uv": [12.96, 0.96, 15.04, 3.04], "texture": "#texture1"},
				"south": {"uv": [12.96, 0.96, 15.04, 3.04], "texture": "#texture1"},
				"west": {"uv": [12.96, 0.96, 15.04, 3.04], "texture": "#texture1"},
				"up": {"uv": [12.96, 0.96, 15.04, 3.04], "texture": "#texture1"},
				"down": {"uv": [12.96, 0.96, 15.04, 3.04], "texture": "#texture1"}
			}
		},
		{
			"name": "Voxels-000000",
			"from": [-0.75, 8, -3.5],
			"to": [-0.25, 8.75, -3],
			"faces": {
				"north": {"uv": [12.96, 0.96, 15.04, 3.04], "texture": "#texture1"},
				"east": {"uv": [12.96, 0.96, 15.04, 3.04], "texture": "#texture1"},
				"south": {"uv": [12.96, 0.96, 15.04, 3.04], "texture": "#texture1"},
				"west": {"uv": [12.96, 0.96, 15.04, 3.04], "texture": "#texture1"},
				"up": {"uv": [12.96, 0.96, 15.04, 3.04], "texture": "#texture1"},
				"down": {"uv": [12.96, 0.96, 15.04, 3.04], "texture": "#texture1"}
			}
		},
		{
			"name": "Voxels-000000",
			"from": [-0.75, 8, -3],
			"to": [-0.25, 8.5, -2.75],
			"faces": {
				"north": {"uv": [12.96, 0.96, 15.04, 3.04], "texture": "#texture1"},
				"east": {"uv": [12.96, 0.96, 15.04, 3.04], "texture": "#texture1"},
				"south": {"uv": [12.96, 0.96, 15.04, 3.04], "texture": "#texture1"},
				"west": {"uv": [12.96, 0.96, 15.04, 3.04], "texture": "#texture1"},
				"up": {"uv": [12.96, 0.96, 15.04, 3.04], "texture": "#texture1"},
				"down": {"uv": [12.96, 0.96, 15.04, 3.04], "texture": "#texture1"}
			}
		},
		{
			"name": "Voxels-000000",
			"from": [-0.75, 8, 1.25],
			"to": [-0.25, 8.5, 2],
			"faces": {
				"north": {"uv": [12.96, 0.96, 15.04, 3.04], "texture": "#texture1"},
				"east": {"uv": [12.96, 0.96, 15.04, 3.04], "texture": "#texture1"},
				"south": {"uv": [12.96, 0.96, 15.04, 3.04], "texture": "#texture1"},
				"west": {"uv": [12.96, 0.96, 15.04, 3.04], "texture": "#texture1"},
				"up": {"uv": [12.96, 0.96, 15.04, 3.04], "texture": "#texture1"},
				"down": {"uv": [12.96, 0.96, 15.04, 3.04], "texture": "#texture1"}
			}
		},
		{
			"name": "Voxels-000000",
			"from": [-0.75, 8, 14],
			"to": [-0.25, 8.75, 14.5],
			"faces": {
				"north": {"uv": [12.96, 0.96, 15.04, 3.04], "texture": "#texture1"},
				"east": {"uv": [12.96, 0.96, 15.04, 3.04], "texture": "#texture1"},
				"south": {"uv": [12.96, 0.96, 15.04, 3.04], "texture": "#texture1"},
				"west": {"uv": [12.96, 0.96, 15.04, 3.04], "texture": "#texture1"},
				"up": {"uv": [12.96, 0.96, 15.04, 3.04], "texture": "#texture1"},
				"down": {"uv": [12.96, 0.96, 15.04, 3.04], "texture": "#texture1"}
			}
		},
		{
			"name": "Voxels-000000",
			"from": [-0.75, 8, 14.5],
			"to": [-0.25, 8.5, 14.75],
			"faces": {
				"north": {"uv": [12.96, 0.96, 15.04, 3.04], "texture": "#texture1"},
				"east": {"uv": [12.96, 0.96, 15.04, 3.04], "texture": "#texture1"},
				"south": {"uv": [12.96, 0.96, 15.04, 3.04], "texture": "#texture1"},
				"west": {"uv": [12.96, 0.96, 15.04, 3.04], "texture": "#texture1"},
				"up": {"uv": [12.96, 0.96, 15.04, 3.04], "texture": "#texture1"},
				"down": {"uv": [12.96, 0.96, 15.04, 3.04], "texture": "#texture1"}
			}
		},
		{
			"name": "Voxels-000000",
			"from": [-0.75, 8, 18.75],
			"to": [-0.25, 8.5, 19.5],
			"faces": {
				"north": {"uv": [12.96, 0.96, 15.04, 3.04], "texture": "#texture1"},
				"east": {"uv": [12.96, 0.96, 15.04, 3.04], "texture": "#texture1"},
				"south": {"uv": [12.96, 0.96, 15.04, 3.04], "texture": "#texture1"},
				"west": {"uv": [12.96, 0.96, 15.04, 3.04], "texture": "#texture1"},
				"up": {"uv": [12.96, 0.96, 15.04, 3.04], "texture": "#texture1"},
				"down": {"uv": [12.96, 0.96, 15.04, 3.04], "texture": "#texture1"}
			}
		},
		{
			"name": "Voxels-000000",
			"from": [-0.75, 8.25, -3.75],
			"to": [-0.25, 9, -3.5],
			"faces": {
				"north": {"uv": [12.96, 0.96, 15.04, 3.04], "texture": "#texture1"},
				"east": {"uv": [12.96, 0.96, 15.04, 3.04], "texture": "#texture1"},
				"south": {"uv": [12.96, 0.96, 15.04, 3.04], "texture": "#texture1"},
				"west": {"uv": [12.96, 0.96, 15.04, 3.04], "texture": "#texture1"},
				"up": {"uv": [12.96, 0.96, 15.04, 3.04], "texture": "#texture1"},
				"down": {"uv": [12.96, 0.96, 15.04, 3.04], "texture": "#texture1"}
			}
		},
		{
			"name": "Voxels-000000",
			"from": [-0.75, 8.25, 0.75],
			"to": [-0.25, 8.5, 1.25],
			"faces": {
				"north": {"uv": [12.96, 0.96, 15.04, 3.04], "texture": "#texture1"},
				"east": {"uv": [12.96, 0.96, 15.04, 3.04], "texture": "#texture1"},
				"south": {"uv": [12.96, 0.96, 15.04, 3.04], "texture": "#texture1"},
				"west": {"uv": [12.96, 0.96, 15.04, 3.04], "texture": "#texture1"},
				"up": {"uv": [12.96, 0.96, 15.04, 3.04], "texture": "#texture1"},
				"down": {"uv": [12.96, 0.96, 15.04, 3.04], "texture": "#texture1"}
			}
		},
		{
			"name": "Voxels-000000",
			"from": [-0.75, 8.25, 2],
			"to": [-0.25, 9, 2.25],
			"faces": {
				"north": {"uv": [12.96, 0.96, 15.04, 3.04], "texture": "#texture1"},
				"east": {"uv": [12.96, 0.96, 15.04, 3.04], "texture": "#texture1"},
				"south": {"uv": [12.96, 0.96, 15.04, 3.04], "texture": "#texture1"},
				"west": {"uv": [12.96, 0.96, 15.04, 3.04], "texture": "#texture1"},
				"up": {"uv": [12.96, 0.96, 15.04, 3.04], "texture": "#texture1"},
				"down": {"uv": [12.96, 0.96, 15.04, 3.04], "texture": "#texture1"}
			}
		},
		{
			"name": "Voxels-000000",
			"from": [-0.75, 8.25, 13.75],
			"to": [-0.25, 9, 14],
			"faces": {
				"north": {"uv": [12.96, 0.96, 15.04, 3.04], "texture": "#texture1"},
				"east": {"uv": [12.96, 0.96, 15.04, 3.04], "texture": "#texture1"},
				"south": {"uv": [12.96, 0.96, 15.04, 3.04], "texture": "#texture1"},
				"west": {"uv": [12.96, 0.96, 15.04, 3.04], "texture": "#texture1"},
				"up": {"uv": [12.96, 0.96, 15.04, 3.04], "texture": "#texture1"},
				"down": {"uv": [12.96, 0.96, 15.04, 3.04], "texture": "#texture1"}
			}
		},
		{
			"name": "Voxels-000000",
			"from": [-0.75, 8.25, 18.25],
			"to": [-0.25, 8.5, 18.75],
			"faces": {
				"north": {"uv": [12.96, 0.96, 15.04, 3.04], "texture": "#texture1"},
				"east": {"uv": [12.96, 0.96, 15.04, 3.04], "texture": "#texture1"},
				"south": {"uv": [12.96, 0.96, 15.04, 3.04], "texture": "#texture1"},
				"west": {"uv": [12.96, 0.96, 15.04, 3.04], "texture": "#texture1"},
				"up": {"uv": [12.96, 0.96, 15.04, 3.04], "texture": "#texture1"},
				"down": {"uv": [12.96, 0.96, 15.04, 3.04], "texture": "#texture1"}
			}
		},
		{
			"name": "Voxels-000000",
			"from": [-0.75, 8.25, 19.5],
			"to": [-0.25, 9, 19.75],
			"faces": {
				"north": {"uv": [12.96, 0.96, 15.04, 3.04], "texture": "#texture1"},
				"east": {"uv": [12.96, 0.96, 15.04, 3.04], "texture": "#texture1"},
				"south": {"uv": [12.96, 0.96, 15.04, 3.04], "texture": "#texture1"},
				"west": {"uv": [12.96, 0.96, 15.04, 3.04], "texture": "#texture1"},
				"up": {"uv": [12.96, 0.96, 15.04, 3.04], "texture": "#texture1"},
				"down": {"uv": [12.96, 0.96, 15.04, 3.04], "texture": "#texture1"}
			}
		},
		{
			"name": "Voxels-000000",
			"from": [-0.75, 8.5, -4.25],
			"to": [-0.25, 9.5, -4],
			"faces": {
				"north": {"uv": [12.96, 0.96, 15.04, 3.04], "texture": "#texture1"},
				"east": {"uv": [12.96, 0.96, 15.04, 3.04], "texture": "#texture1"},
				"south": {"uv": [12.96, 0.96, 15.04, 3.04], "texture": "#texture1"},
				"west": {"uv": [12.96, 0.96, 15.04, 3.04], "texture": "#texture1"},
				"up": {"uv": [12.96, 0.96, 15.04, 3.04], "texture": "#texture1"},
				"down": {"uv": [12.96, 0.96, 15.04, 3.04], "texture": "#texture1"}
			}
		},
		{
			"name": "Voxels-000000",
			"from": [-0.75, 8.5, -4],
			"to": [-0.25, 9.25, -3.75],
			"faces": {
				"north": {"uv": [12.96, 0.96, 15.04, 3.04], "texture": "#texture1"},
				"east": {"uv": [12.96, 0.96, 15.04, 3.04], "texture": "#texture1"},
				"south": {"uv": [12.96, 0.96, 15.04, 3.04], "texture": "#texture1"},
				"west": {"uv": [12.96, 0.96, 15.04, 3.04], "texture": "#texture1"},
				"up": {"uv": [12.96, 0.96, 15.04, 3.04], "texture": "#texture1"},
				"down": {"uv": [12.96, 0.96, 15.04, 3.04], "texture": "#texture1"}
			}
		},
		{
			"name": "Voxels-000000",
			"from": [-0.75, 8.5, 1.5],
			"to": [-0.25, 8.75, 2],
			"faces": {
				"north": {"uv": [12.96, 0.96, 15.04, 3.04], "texture": "#texture1"},
				"east": {"uv": [12.96, 0.96, 15.04, 3.04], "texture": "#texture1"},
				"south": {"uv": [12.96, 0.96, 15.04, 3.04], "texture": "#texture1"},
				"west": {"uv": [12.96, 0.96, 15.04, 3.04], "texture": "#texture1"},
				"up": {"uv": [12.96, 0.96, 15.04, 3.04], "texture": "#texture1"},
				"down": {"uv": [12.96, 0.96, 15.04, 3.04], "texture": "#texture1"}
			}
		},
		{
			"name": "Voxels-000000",
			"from": [-0.75, 8.5, 2.25],
			"to": [-0.25, 9.25, 2.75],
			"faces": {
				"north": {"uv": [12.96, 0.96, 15.04, 3.04], "texture": "#texture1"},
				"east": {"uv": [12.96, 0.96, 15.04, 3.04], "texture": "#texture1"},
				"south": {"uv": [12.96, 0.96, 15.04, 3.04], "texture": "#texture1"},
				"west": {"uv": [12.96, 0.96, 15.04, 3.04], "texture": "#texture1"},
				"up": {"uv": [12.96, 0.96, 15.04, 3.04], "texture": "#texture1"},
				"down": {"uv": [12.96, 0.96, 15.04, 3.04], "texture": "#texture1"}
			}
		},
		{
			"name": "Voxels-000000",
			"from": [-0.75, 8.5, 13.25],
			"to": [-0.25, 9.5, 13.5],
			"faces": {
				"north": {"uv": [12.96, 0.96, 15.04, 3.04], "texture": "#texture1"},
				"east": {"uv": [12.96, 0.96, 15.04, 3.04], "texture": "#texture1"},
				"south": {"uv": [12.96, 0.96, 15.04, 3.04], "texture": "#texture1"},
				"west": {"uv": [12.96, 0.96, 15.04, 3.04], "texture": "#texture1"},
				"up": {"uv": [12.96, 0.96, 15.04, 3.04], "texture": "#texture1"},
				"down": {"uv": [12.96, 0.96, 15.04, 3.04], "texture": "#texture1"}
			}
		},
		{
			"name": "Voxels-000000",
			"from": [-0.75, 8.5, 13.5],
			"to": [-0.25, 9.25, 13.75],
			"faces": {
				"north": {"uv": [12.96, 0.96, 15.04, 3.04], "texture": "#texture1"},
				"east": {"uv": [12.96, 0.96, 15.04, 3.04], "texture": "#texture1"},
				"south": {"uv": [12.96, 0.96, 15.04, 3.04], "texture": "#texture1"},
				"west": {"uv": [12.96, 0.96, 15.04, 3.04], "texture": "#texture1"},
				"up": {"uv": [12.96, 0.96, 15.04, 3.04], "texture": "#texture1"},
				"down": {"uv": [12.96, 0.96, 15.04, 3.04], "texture": "#texture1"}
			}
		},
		{
			"name": "Voxels-000000",
			"from": [-0.75, 8.5, 19],
			"to": [-0.25, 8.75, 19.5],
			"faces": {
				"north": {"uv": [12.96, 0.96, 15.04, 3.04], "texture": "#texture1"},
				"east": {"uv": [12.96, 0.96, 15.04, 3.04], "texture": "#texture1"},
				"south": {"uv": [12.96, 0.96, 15.04, 3.04], "texture": "#texture1"},
				"west": {"uv": [12.96, 0.96, 15.04, 3.04], "texture": "#texture1"},
				"up": {"uv": [12.96, 0.96, 15.04, 3.04], "texture": "#texture1"},
				"down": {"uv": [12.96, 0.96, 15.04, 3.04], "texture": "#texture1"}
			}
		},
		{
			"name": "Voxels-000000",
			"from": [-0.75, 8.5, 19.75],
			"to": [-0.25, 9.25, 20.25],
			"faces": {
				"north": {"uv": [12.96, 0.96, 15.04, 3.04], "texture": "#texture1"},
				"east": {"uv": [12.96, 0.96, 15.04, 3.04], "texture": "#texture1"},
				"south": {"uv": [12.96, 0.96, 15.04, 3.04], "texture": "#texture1"},
				"west": {"uv": [12.96, 0.96, 15.04, 3.04], "texture": "#texture1"},
				"up": {"uv": [12.96, 0.96, 15.04, 3.04], "texture": "#texture1"},
				"down": {"uv": [12.96, 0.96, 15.04, 3.04], "texture": "#texture1"}
			}
		},
		{
			"name": "Voxels-000000",
			"from": [-0.75, 8.75, -4.5],
			"to": [-0.25, 9.5, -4.25],
			"faces": {
				"north": {"uv": [12.96, 0.96, 15.04, 3.04], "texture": "#texture1"},
				"east": {"uv": [12.96, 0.96, 15.04, 3.04], "texture": "#texture1"},
				"south": {"uv": [12.96, 0.96, 15.04, 3.04], "texture": "#texture1"},
				"west": {"uv": [12.96, 0.96, 15.04, 3.04], "texture": "#texture1"},
				"up": {"uv": [12.96, 0.96, 15.04, 3.04], "texture": "#texture1"},
				"down": {"uv": [12.96, 0.96, 15.04, 3.04], "texture": "#texture1"}
			}
		},
		{
			"name": "Voxels-000000",
			"from": [-0.75, 8.75, 2.75],
			"to": [-0.25, 9.5, 3],
			"faces": {
				"north": {"uv": [12.96, 0.96, 15.04, 3.04], "texture": "#texture1"},
				"east": {"uv": [12.96, 0.96, 15.04, 3.04], "texture": "#texture1"},
				"south": {"uv": [12.96, 0.96, 15.04, 3.04], "texture": "#texture1"},
				"west": {"uv": [12.96, 0.96, 15.04, 3.04], "texture": "#texture1"},
				"up": {"uv": [12.96, 0.96, 15.04, 3.04], "texture": "#texture1"},
				"down": {"uv": [12.96, 0.96, 15.04, 3.04], "texture": "#texture1"}
			}
		},
		{
			"name": "Voxels-000000",
			"from": [-0.75, 8.75, 13],
			"to": [-0.25, 9.5, 13.25],
			"faces": {
				"north": {"uv": [12.96, 0.96, 15.04, 3.04], "texture": "#texture1"},
				"east": {"uv": [12.96, 0.96, 15.04, 3.04], "texture": "#texture1"},
				"south": {"uv": [12.96, 0.96, 15.04, 3.04], "texture": "#texture1"},
				"west": {"uv": [12.96, 0.96, 15.04, 3.04], "texture": "#texture1"},
				"up": {"uv": [12.96, 0.96, 15.04, 3.04], "texture": "#texture1"},
				"down": {"uv": [12.96, 0.96, 15.04, 3.04], "texture": "#texture1"}
			}
		},
		{
			"name": "Voxels-000000",
			"from": [-0.75, 8.75, 20.25],
			"to": [-0.25, 9.5, 20.5],
			"faces": {
				"north": {"uv": [12.96, 0.96, 15.04, 3.04], "texture": "#texture1"},
				"east": {"uv": [12.96, 0.96, 15.04, 3.04], "texture": "#texture1"},
				"south": {"uv": [12.96, 0.96, 15.04, 3.04], "texture": "#texture1"},
				"west": {"uv": [12.96, 0.96, 15.04, 3.04], "texture": "#texture1"},
				"up": {"uv": [12.96, 0.96, 15.04, 3.04], "texture": "#texture1"},
				"down": {"uv": [12.96, 0.96, 15.04, 3.04], "texture": "#texture1"}
			}
		},
		{
			"name": "Voxels-000000",
			"from": [-0.75, 9, -4.75],
			"to": [-0.25, 10, -4.5],
			"faces": {
				"north": {"uv": [12.96, 0.96, 15.04, 3.04], "texture": "#texture1"},
				"east": {"uv": [12.96, 0.96, 15.04, 3.04], "texture": "#texture1"},
				"south": {"uv": [12.96, 0.96, 15.04, 3.04], "texture": "#texture1"},
				"west": {"uv": [12.96, 0.96, 15.04, 3.04], "texture": "#texture1"},
				"up": {"uv": [12.96, 0.96, 15.04, 3.04], "texture": "#texture1"},
				"down": {"uv": [12.96, 0.96, 15.04, 3.04], "texture": "#texture1"}
			}
		},
		{
			"name": "Voxels-000000",
			"from": [-0.75, 9, 3],
			"to": [-0.25, 10, 3.25],
			"faces": {
				"north": {"uv": [12.96, 0.96, 15.04, 3.04], "texture": "#texture1"},
				"east": {"uv": [12.96, 0.96, 15.04, 3.04], "texture": "#texture1"},
				"south": {"uv": [12.96, 0.96, 15.04, 3.04], "texture": "#texture1"},
				"west": {"uv": [12.96, 0.96, 15.04, 3.04], "texture": "#texture1"},
				"up": {"uv": [12.96, 0.96, 15.04, 3.04], "texture": "#texture1"},
				"down": {"uv": [12.96, 0.96, 15.04, 3.04], "texture": "#texture1"}
			}
		},
		{
			"name": "Voxels-000000",
			"from": [-0.75, 9, 12.75],
			"to": [-0.25, 10, 13],
			"faces": {
				"north": {"uv": [12.96, 0.96, 15.04, 3.04], "texture": "#texture1"},
				"east": {"uv": [12.96, 0.96, 15.04, 3.04], "texture": "#texture1"},
				"south": {"uv": [12.96, 0.96, 15.04, 3.04], "texture": "#texture1"},
				"west": {"uv": [12.96, 0.96, 15.04, 3.04], "texture": "#texture1"},
				"up": {"uv": [12.96, 0.96, 15.04, 3.04], "texture": "#texture1"},
				"down": {"uv": [12.96, 0.96, 15.04, 3.04], "texture": "#texture1"}
			}
		},
		{
			"name": "Voxels-000000",
			"from": [-0.75, 9, 20.5],
			"to": [-0.25, 10, 20.75],
			"faces": {
				"north": {"uv": [12.96, 0.96, 15.04, 3.04], "texture": "#texture1"},
				"east": {"uv": [12.96, 0.96, 15.04, 3.04], "texture": "#texture1"},
				"south": {"uv": [12.96, 0.96, 15.04, 3.04], "texture": "#texture1"},
				"west": {"uv": [12.96, 0.96, 15.04, 3.04], "texture": "#texture1"},
				"up": {"uv": [12.96, 0.96, 15.04, 3.04], "texture": "#texture1"},
				"down": {"uv": [12.96, 0.96, 15.04, 3.04], "texture": "#texture1"}
			}
		},
		{
			"name": "Voxels-000000",
			"from": [-0.75, 9.25, -5],
			"to": [-0.25, 10.25, -4.75],
			"faces": {
				"north": {"uv": [12.96, 0.96, 15.04, 3.04], "texture": "#texture1"},
				"east": {"uv": [12.96, 0.96, 15.04, 3.04], "texture": "#texture1"},
				"south": {"uv": [12.96, 0.96, 15.04, 3.04], "texture": "#texture1"},
				"west": {"uv": [12.96, 0.96, 15.04, 3.04], "texture": "#texture1"},
				"up": {"uv": [12.96, 0.96, 15.04, 3.04], "texture": "#texture1"},
				"down": {"uv": [12.96, 0.96, 15.04, 3.04], "texture": "#texture1"}
			}
		},
		{
			"name": "Voxels-000000",
			"from": [-0.75, 9.25, 2.5],
			"to": [-0.25, 9.5, 2.75],
			"faces": {
				"north": {"uv": [12.96, 0.96, 15.04, 3.04], "texture": "#texture1"},
				"east": {"uv": [12.96, 0.96, 15.04, 3.04], "texture": "#texture1"},
				"south": {"uv": [12.96, 0.96, 15.04, 3.04], "texture": "#texture1"},
				"west": {"uv": [12.96, 0.96, 15.04, 3.04], "texture": "#texture1"},
				"up": {"uv": [12.96, 0.96, 15.04, 3.04], "texture": "#texture1"},
				"down": {"uv": [12.96, 0.96, 15.04, 3.04], "texture": "#texture1"}
			}
		},
		{
			"name": "Voxels-000000",
			"from": [-0.75, 9.25, 3.25],
			"to": [-0.25, 10.25, 3.5],
			"faces": {
				"north": {"uv": [12.96, 0.96, 15.04, 3.04], "texture": "#texture1"},
				"east": {"uv": [12.96, 0.96, 15.04, 3.04], "texture": "#texture1"},
				"south": {"uv": [12.96, 0.96, 15.04, 3.04], "texture": "#texture1"},
				"west": {"uv": [12.96, 0.96, 15.04, 3.04], "texture": "#texture1"},
				"up": {"uv": [12.96, 0.96, 15.04, 3.04], "texture": "#texture1"},
				"down": {"uv": [12.96, 0.96, 15.04, 3.04], "texture": "#texture1"}
			}
		},
		{
			"name": "Voxels-000000",
			"from": [-0.75, 9.25, 12.5],
			"to": [-0.25, 10.25, 12.75],
			"faces": {
				"north": {"uv": [12.96, 0.96, 15.04, 3.04], "texture": "#texture1"},
				"east": {"uv": [12.96, 0.96, 15.04, 3.04], "texture": "#texture1"},
				"south": {"uv": [12.96, 0.96, 15.04, 3.04], "texture": "#texture1"},
				"west": {"uv": [12.96, 0.96, 15.04, 3.04], "texture": "#texture1"},
				"up": {"uv": [12.96, 0.96, 15.04, 3.04], "texture": "#texture1"},
				"down": {"uv": [12.96, 0.96, 15.04, 3.04], "texture": "#texture1"}
			}
		},
		{
			"name": "Voxels-000000",
			"from": [-0.75, 9.25, 20],
			"to": [-0.25, 9.5, 20.25],
			"faces": {
				"north": {"uv": [12.96, 0.96, 15.04, 3.04], "texture": "#texture1"},
				"east": {"uv": [12.96, 0.96, 15.04, 3.04], "texture": "#texture1"},
				"south": {"uv": [12.96, 0.96, 15.04, 3.04], "texture": "#texture1"},
				"west": {"uv": [12.96, 0.96, 15.04, 3.04], "texture": "#texture1"},
				"up": {"uv": [12.96, 0.96, 15.04, 3.04], "texture": "#texture1"},
				"down": {"uv": [12.96, 0.96, 15.04, 3.04], "texture": "#texture1"}
			}
		},
		{
			"name": "Voxels-000000",
			"from": [-0.75, 9.25, 20.75],
			"to": [-0.25, 10.25, 21],
			"faces": {
				"north": {"uv": [12.96, 0.96, 15.04, 3.04], "texture": "#texture1"},
				"east": {"uv": [12.96, 0.96, 15.04, 3.04], "texture": "#texture1"},
				"south": {"uv": [12.96, 0.96, 15.04, 3.04], "texture": "#texture1"},
				"west": {"uv": [12.96, 0.96, 15.04, 3.04], "texture": "#texture1"},
				"up": {"uv": [12.96, 0.96, 15.04, 3.04], "texture": "#texture1"},
				"down": {"uv": [12.96, 0.96, 15.04, 3.04], "texture": "#texture1"}
			}
		},
		{
			"name": "Voxels-000000",
			"from": [-0.75, 9.5, -5.25],
			"to": [-0.25, 10.5, -5],
			"faces": {
				"north": {"uv": [12.96, 0.96, 15.04, 3.04], "texture": "#texture1"},
				"east": {"uv": [12.96, 0.96, 15.04, 3.04], "texture": "#texture1"},
				"south": {"uv": [12.96, 0.96, 15.04, 3.04], "texture": "#texture1"},
				"west": {"uv": [12.96, 0.96, 15.04, 3.04], "texture": "#texture1"},
				"up": {"uv": [12.96, 0.96, 15.04, 3.04], "texture": "#texture1"},
				"down": {"uv": [12.96, 0.96, 15.04, 3.04], "texture": "#texture1"}
			}
		},
		{
			"name": "Voxels-000000",
			"from": [-0.75, 9.5, 3.5],
			"to": [-0.25, 10.5, 3.75],
			"faces": {
				"north": {"uv": [12.96, 0.96, 15.04, 3.04], "texture": "#texture1"},
				"east": {"uv": [12.96, 0.96, 15.04, 3.04], "texture": "#texture1"},
				"south": {"uv": [12.96, 0.96, 15.04, 3.04], "texture": "#texture1"},
				"west": {"uv": [12.96, 0.96, 15.04, 3.04], "texture": "#texture1"},
				"up": {"uv": [12.96, 0.96, 15.04, 3.04], "texture": "#texture1"},
				"down": {"uv": [12.96, 0.96, 15.04, 3.04], "texture": "#texture1"}
			}
		},
		{
			"name": "Voxels-000000",
			"from": [-0.75, 9.5, 12.25],
			"to": [-0.25, 10.5, 12.5],
			"faces": {
				"north": {"uv": [12.96, 0.96, 15.04, 3.04], "texture": "#texture1"},
				"east": {"uv": [12.96, 0.96, 15.04, 3.04], "texture": "#texture1"},
				"south": {"uv": [12.96, 0.96, 15.04, 3.04], "texture": "#texture1"},
				"west": {"uv": [12.96, 0.96, 15.04, 3.04], "texture": "#texture1"},
				"up": {"uv": [12.96, 0.96, 15.04, 3.04], "texture": "#texture1"},
				"down": {"uv": [12.96, 0.96, 15.04, 3.04], "texture": "#texture1"}
			}
		},
		{
			"name": "Voxels-000000",
			"from": [-0.75, 9.5, 21],
			"to": [-0.25, 10.5, 21.25],
			"faces": {
				"north": {"uv": [12.96, 0.96, 15.04, 3.04], "texture": "#texture1"},
				"east": {"uv": [12.96, 0.96, 15.04, 3.04], "texture": "#texture1"},
				"south": {"uv": [12.96, 0.96, 15.04, 3.04], "texture": "#texture1"},
				"west": {"uv": [12.96, 0.96, 15.04, 3.04], "texture": "#texture1"},
				"up": {"uv": [12.96, 0.96, 15.04, 3.04], "texture": "#texture1"},
				"down": {"uv": [12.96, 0.96, 15.04, 3.04], "texture": "#texture1"}
			}
		},
		{
			"name": "Voxels-000000",
			"from": [-0.75, 9.75, -5.5],
			"to": [-0.25, 11, -5.25],
			"faces": {
				"north": {"uv": [12.96, 0.96, 15.04, 3.04], "texture": "#texture1"},
				"east": {"uv": [12.96, 0.96, 15.04, 3.04], "texture": "#texture1"},
				"south": {"uv": [12.96, 0.96, 15.04, 3.04], "texture": "#texture1"},
				"west": {"uv": [12.96, 0.96, 15.04, 3.04], "texture": "#texture1"},
				"up": {"uv": [12.96, 0.96, 15.04, 3.04], "texture": "#texture1"},
				"down": {"uv": [12.96, 0.96, 15.04, 3.04], "texture": "#texture1"}
			}
		},
		{
			"name": "Voxels-000000",
			"from": [-0.75, 9.75, 3.75],
			"to": [-0.25, 11, 4],
			"faces": {
				"north": {"uv": [12.96, 0.96, 15.04, 3.04], "texture": "#texture1"},
				"east": {"uv": [12.96, 0.96, 15.04, 3.04], "texture": "#texture1"},
				"south": {"uv": [12.96, 0.96, 15.04, 3.04], "texture": "#texture1"},
				"west": {"uv": [12.96, 0.96, 15.04, 3.04], "texture": "#texture1"},
				"up": {"uv": [12.96, 0.96, 15.04, 3.04], "texture": "#texture1"},
				"down": {"uv": [12.96, 0.96, 15.04, 3.04], "texture": "#texture1"}
			}
		},
		{
			"name": "Voxels-000000",
			"from": [-0.75, 9.75, 12],
			"to": [-0.25, 11, 12.25],
			"faces": {
				"north": {"uv": [12.96, 0.96, 15.04, 3.04], "texture": "#texture1"},
				"east": {"uv": [12.96, 0.96, 15.04, 3.04], "texture": "#texture1"},
				"south": {"uv": [12.96, 0.96, 15.04, 3.04], "texture": "#texture1"},
				"west": {"uv": [12.96, 0.96, 15.04, 3.04], "texture": "#texture1"},
				"up": {"uv": [12.96, 0.96, 15.04, 3.04], "texture": "#texture1"},
				"down": {"uv": [12.96, 0.96, 15.04, 3.04], "texture": "#texture1"}
			}
		},
		{
			"name": "Voxels-000000",
			"from": [-0.75, 9.75, 21.25],
			"to": [-0.25, 11, 21.5],
			"faces": {
				"north": {"uv": [12.96, 0.96, 15.04, 3.04], "texture": "#texture1"},
				"east": {"uv": [12.96, 0.96, 15.04, 3.04], "texture": "#texture1"},
				"south": {"uv": [12.96, 0.96, 15.04, 3.04], "texture": "#texture1"},
				"west": {"uv": [12.96, 0.96, 15.04, 3.04], "texture": "#texture1"},
				"up": {"uv": [12.96, 0.96, 15.04, 3.04], "texture": "#texture1"},
				"down": {"uv": [12.96, 0.96, 15.04, 3.04], "texture": "#texture1"}
			}
		},
		{
			"name": "Voxels-000000",
			"from": [-0.75, 10.25, -5.75],
			"to": [-0.25, 11.75, -5.5],
			"faces": {
				"north": {"uv": [12.96, 0.96, 15.04, 3.04], "texture": "#texture1"},
				"east": {"uv": [12.96, 0.96, 15.04, 3.04], "texture": "#texture1"},
				"south": {"uv": [12.96, 0.96, 15.04, 3.04], "texture": "#texture1"},
				"west": {"uv": [12.96, 0.96, 15.04, 3.04], "texture": "#texture1"},
				"up": {"uv": [12.96, 0.96, 15.04, 3.04], "texture": "#texture1"},
				"down": {"uv": [12.96, 0.96, 15.04, 3.04], "texture": "#texture1"}
			}
		},
		{
			"name": "Voxels-000000",
			"from": [-0.75, 10.25, 4],
			"to": [-0.25, 11.75, 4.25],
			"faces": {
				"north": {"uv": [12.96, 0.96, 15.04, 3.04], "texture": "#texture1"},
				"east": {"uv": [12.96, 0.96, 15.04, 3.04], "texture": "#texture1"},
				"south": {"uv": [12.96, 0.96, 15.04, 3.04], "texture": "#texture1"},
				"west": {"uv": [12.96, 0.96, 15.04, 3.04], "texture": "#texture1"},
				"up": {"uv": [12.96, 0.96, 15.04, 3.04], "texture": "#texture1"},
				"down": {"uv": [12.96, 0.96, 15.04, 3.04], "texture": "#texture1"}
			}
		},
		{
			"name": "Voxels-000000",
			"from": [-0.75, 10.25, 11.75],
			"to": [-0.25, 11.75, 12],
			"faces": {
				"north": {"uv": [12.96, 0.96, 15.04, 3.04], "texture": "#texture1"},
				"east": {"uv": [12.96, 0.96, 15.04, 3.04], "texture": "#texture1"},
				"south": {"uv": [12.96, 0.96, 15.04, 3.04], "texture": "#texture1"},
				"west": {"uv": [12.96, 0.96, 15.04, 3.04], "texture": "#texture1"},
				"up": {"uv": [12.96, 0.96, 15.04, 3.04], "texture": "#texture1"},
				"down": {"uv": [12.96, 0.96, 15.04, 3.04], "texture": "#texture1"}
			}
		},
		{
			"name": "Voxels-000000",
			"from": [-0.75, 10.25, 21.5],
			"to": [-0.25, 11.75, 21.75],
			"faces": {
				"north": {"uv": [12.96, 0.96, 15.04, 3.04], "texture": "#texture1"},
				"east": {"uv": [12.96, 0.96, 15.04, 3.04], "texture": "#texture1"},
				"south": {"uv": [12.96, 0.96, 15.04, 3.04], "texture": "#texture1"},
				"west": {"uv": [12.96, 0.96, 15.04, 3.04], "texture": "#texture1"},
				"up": {"uv": [12.96, 0.96, 15.04, 3.04], "texture": "#texture1"},
				"down": {"uv": [12.96, 0.96, 15.04, 3.04], "texture": "#texture1"}
			}
		},
		{
			"name": "Voxels-000000",
			"from": [-0.75, 10.5, -6],
			"to": [-0.25, 16, -5.75],
			"faces": {
				"north": {"uv": [12.96, 0.96, 15.04, 3.04], "texture": "#texture1"},
				"east": {"uv": [12.96, 0.96, 15.04, 3.04], "texture": "#texture1"},
				"south": {"uv": [12.96, 0.96, 15.04, 3.04], "texture": "#texture1"},
				"west": {"uv": [12.96, 0.96, 15.04, 3.04], "texture": "#texture1"},
				"up": {"uv": [12.96, 0.96, 15.04, 3.04], "texture": "#texture1"},
				"down": {"uv": [12.96, 0.96, 15.04, 3.04], "texture": "#texture1"}
			}
		},
		{
			"name": "Voxels-000000",
			"from": [-0.75, 10.5, 4.25],
			"to": [-0.25, 12.75, 4.5],
			"faces": {
				"north": {"uv": [12.96, 0.96, 15.04, 3.04], "texture": "#texture1"},
				"east": {"uv": [12.96, 0.96, 15.04, 3.04], "texture": "#texture1"},
				"south": {"uv": [12.96, 0.96, 15.04, 3.04], "texture": "#texture1"},
				"west": {"uv": [12.96, 0.96, 15.04, 3.04], "texture": "#texture1"},
				"up": {"uv": [12.96, 0.96, 15.04, 3.04], "texture": "#texture1"},
				"down": {"uv": [12.96, 0.96, 15.04, 3.04], "texture": "#texture1"}
			}
		},
		{
			"name": "Voxels-000000",
			"from": [-0.75, 10.5, 11.5],
			"to": [-0.25, 12.75, 11.75],
			"faces": {
				"north": {"uv": [12.96, 0.96, 15.04, 3.04], "texture": "#texture1"},
				"east": {"uv": [12.96, 0.96, 15.04, 3.04], "texture": "#texture1"},
				"south": {"uv": [12.96, 0.96, 15.04, 3.04], "texture": "#texture1"},
				"west": {"uv": [12.96, 0.96, 15.04, 3.04], "texture": "#texture1"},
				"up": {"uv": [12.96, 0.96, 15.04, 3.04], "texture": "#texture1"},
				"down": {"uv": [12.96, 0.96, 15.04, 3.04], "texture": "#texture1"}
			}
		},
		{
			"name": "Voxels-000000",
			"from": [-0.75, 10.5, 21.75],
			"to": [-0.25, 16, 22],
			"faces": {
				"north": {"uv": [12.96, 0.96, 15.04, 3.04], "texture": "#texture1"},
				"east": {"uv": [12.96, 0.96, 15.04, 3.04], "texture": "#texture1"},
				"south": {"uv": [12.96, 0.96, 15.04, 3.04], "texture": "#texture1"},
				"west": {"uv": [12.96, 0.96, 15.04, 3.04], "texture": "#texture1"},
				"up": {"uv": [12.96, 0.96, 15.04, 3.04], "texture": "#texture1"},
				"down": {"uv": [12.96, 0.96, 15.04, 3.04], "texture": "#texture1"}
			}
		},
		{
			"name": "Voxels-000000",
			"from": [-0.75, 11.25, -6.25],
			"to": [-0.25, 15.25, -6],
			"faces": {
				"north": {"uv": [12.96, 0.96, 15.04, 3.04], "texture": "#texture1"},
				"east": {"uv": [12.96, 0.96, 15.04, 3.04], "texture": "#texture1"},
				"south": {"uv": [12.96, 0.96, 15.04, 3.04], "texture": "#texture1"},
				"west": {"uv": [12.96, 0.96, 15.04, 3.04], "texture": "#texture1"},
				"up": {"uv": [12.96, 0.96, 15.04, 3.04], "texture": "#texture1"},
				"down": {"uv": [12.96, 0.96, 15.04, 3.04], "texture": "#texture1"}
			}
		},
		{
			"name": "Voxels-000000",
			"from": [-0.75, 11.25, 4.5],
			"to": [-0.25, 12.75, 4.75],
			"faces": {
				"north": {"uv": [12.96, 0.96, 15.04, 3.04], "texture": "#texture1"},
				"east": {"uv": [12.96, 0.96, 15.04, 3.04], "texture": "#texture1"},
				"south": {"uv": [12.96, 0.96, 15.04, 3.04], "texture": "#texture1"},
				"west": {"uv": [12.96, 0.96, 15.04, 3.04], "texture": "#texture1"},
				"up": {"uv": [12.96, 0.96, 15.04, 3.04], "texture": "#texture1"},
				"down": {"uv": [12.96, 0.96, 15.04, 3.04], "texture": "#texture1"}
			}
		},
		{
			"name": "Voxels-000000",
			"from": [-0.75, 11.25, 11.25],
			"to": [-0.25, 12.75, 11.5],
			"faces": {
				"north": {"uv": [12.96, 0.96, 15.04, 3.04], "texture": "#texture1"},
				"east": {"uv": [12.96, 0.96, 15.04, 3.04], "texture": "#texture1"},
				"south": {"uv": [12.96, 0.96, 15.04, 3.04], "texture": "#texture1"},
				"west": {"uv": [12.96, 0.96, 15.04, 3.04], "texture": "#texture1"},
				"up": {"uv": [12.96, 0.96, 15.04, 3.04], "texture": "#texture1"},
				"down": {"uv": [12.96, 0.96, 15.04, 3.04], "texture": "#texture1"}
			}
		},
		{
			"name": "Voxels-000000",
			"from": [-0.75, 11.25, 22],
			"to": [-0.25, 15.25, 22.25],
			"faces": {
				"north": {"uv": [12.96, 0.96, 15.04, 3.04], "texture": "#texture1"},
				"east": {"uv": [12.96, 0.96, 15.04, 3.04], "texture": "#texture1"},
				"south": {"uv": [12.96, 0.96, 15.04, 3.04], "texture": "#texture1"},
				"west": {"uv": [12.96, 0.96, 15.04, 3.04], "texture": "#texture1"},
				"up": {"uv": [12.96, 0.96, 15.04, 3.04], "texture": "#texture1"},
				"down": {"uv": [12.96, 0.96, 15.04, 3.04], "texture": "#texture1"}
			}
		},
		{
			"name": "Voxels-000000",
			"from": [-0.75, 12, -6.5],
			"to": [-0.25, 14.5, -6.25],
			"faces": {
				"north": {"uv": [12.96, 0.96, 15.04, 3.04], "texture": "#texture1"},
				"east": {"uv": [12.96, 0.96, 15.04, 3.04], "texture": "#texture1"},
				"south": {"uv": [12.96, 0.96, 15.04, 3.04], "texture": "#texture1"},
				"west": {"uv": [12.96, 0.96, 15.04, 3.04], "texture": "#texture1"},
				"up": {"uv": [12.96, 0.96, 15.04, 3.04], "texture": "#texture1"},
				"down": {"uv": [12.96, 0.96, 15.04, 3.04], "texture": "#texture1"}
			}
		},
		{
			"name": "Voxels-000000",
			"from": [-0.75, 12, 4.75],
			"to": [-0.25, 12.75, 5],
			"faces": {
				"north": {"uv": [12.96, 0.96, 15.04, 3.04], "texture": "#texture1"},
				"east": {"uv": [12.96, 0.96, 15.04, 3.04], "texture": "#texture1"},
				"south": {"uv": [12.96, 0.96, 15.04, 3.04], "texture": "#texture1"},
				"west": {"uv": [12.96, 0.96, 15.04, 3.04], "texture": "#texture1"},
				"up": {"uv": [12.96, 0.96, 15.04, 3.04], "texture": "#texture1"},
				"down": {"uv": [12.96, 0.96, 15.04, 3.04], "texture": "#texture1"}
			}
		},
		{
			"name": "Voxels-000000",
			"from": [-0.75, 12, 11],
			"to": [-0.25, 14.5, 11.25],
			"faces": {
				"north": {"uv": [12.96, 0.96, 15.04, 3.04], "texture": "#texture1"},
				"east": {"uv": [12.96, 0.96, 15.04, 3.04], "texture": "#texture1"},
				"south": {"uv": [12.96, 0.96, 15.04, 3.04], "texture": "#texture1"},
				"west": {"uv": [12.96, 0.96, 15.04, 3.04], "texture": "#texture1"},
				"up": {"uv": [12.96, 0.96, 15.04, 3.04], "texture": "#texture1"},
				"down": {"uv": [12.96, 0.96, 15.04, 3.04], "texture": "#texture1"}
			}
		},
		{
			"name": "Voxels-000000",
			"from": [-0.75, 12, 22.25],
			"to": [-0.25, 14.5, 22.5],
			"faces": {
				"north": {"uv": [12.96, 0.96, 15.04, 3.04], "texture": "#texture1"},
				"east": {"uv": [12.96, 0.96, 15.04, 3.04], "texture": "#texture1"},
				"south": {"uv": [12.96, 0.96, 15.04, 3.04], "texture": "#texture1"},
				"west": {"uv": [12.96, 0.96, 15.04, 3.04], "texture": "#texture1"},
				"up": {"uv": [12.96, 0.96, 15.04, 3.04], "texture": "#texture1"},
				"down": {"uv": [12.96, 0.96, 15.04, 3.04], "texture": "#texture1"}
			}
		},
		{
			"name": "Voxels-000000",
			"from": [-0.75, 13, 4.25],
			"to": [-0.25, 13.5, 5],
			"faces": {
				"north": {"uv": [12.96, 0.96, 15.04, 3.04], "texture": "#texture1"},
				"east": {"uv": [12.96, 0.96, 15.04, 3.04], "texture": "#texture1"},
				"south": {"uv": [12.96, 0.96, 15.04, 3.04], "texture": "#texture1"},
				"west": {"uv": [12.96, 0.96, 15.04, 3.04], "texture": "#texture1"},
				"up": {"uv": [12.96, 0.96, 15.04, 3.04], "texture": "#texture1"},
				"down": {"uv": [12.96, 0.96, 15.04, 3.04], "texture": "#texture1"}
			}
		},
		{
			"name": "Voxels-000000",
			"from": [-0.75, 13, 11.25],
			"to": [-0.25, 13.5, 11.75],
			"faces": {
				"north": {"uv": [12.96, 0.96, 15.04, 3.04], "texture": "#texture1"},
				"east": {"uv": [12.96, 0.96, 15.04, 3.04], "texture": "#texture1"},
				"south": {"uv": [12.96, 0.96, 15.04, 3.04], "texture": "#texture1"},
				"west": {"uv": [12.96, 0.96, 15.04, 3.04], "texture": "#texture1"},
				"up": {"uv": [12.96, 0.96, 15.04, 3.04], "texture": "#texture1"},
				"down": {"uv": [12.96, 0.96, 15.04, 3.04], "texture": "#texture1"}
			}
		},
		{
			"name": "Voxels-000000",
			"from": [-0.75, 13.75, 4.25],
			"to": [-0.25, 16, 4.5],
			"faces": {
				"north": {"uv": [12.96, 0.96, 15.04, 3.04], "texture": "#texture1"},
				"east": {"uv": [12.96, 0.96, 15.04, 3.04], "texture": "#texture1"},
				"south": {"uv": [12.96, 0.96, 15.04, 3.04], "texture": "#texture1"},
				"west": {"uv": [12.96, 0.96, 15.04, 3.04], "texture": "#texture1"},
				"up": {"uv": [12.96, 0.96, 15.04, 3.04], "texture": "#texture1"},
				"down": {"uv": [12.96, 0.96, 15.04, 3.04], "texture": "#texture1"}
			}
		},
		{
			"name": "Voxels-000000",
			"from": [-0.75, 13.75, 4.5],
			"to": [-0.25, 15.25, 4.75],
			"faces": {
				"north": {"uv": [12.96, 0.96, 15.04, 3.04], "texture": "#texture1"},
				"east": {"uv": [12.96, 0.96, 15.04, 3.04], "texture": "#texture1"},
				"south": {"uv": [12.96, 0.96, 15.04, 3.04], "texture": "#texture1"},
				"west": {"uv": [12.96, 0.96, 15.04, 3.04], "texture": "#texture1"},
				"up": {"uv": [12.96, 0.96, 15.04, 3.04], "texture": "#texture1"},
				"down": {"uv": [12.96, 0.96, 15.04, 3.04], "texture": "#texture1"}
			}
		},
		{
			"name": "Voxels-000000",
			"from": [-0.75, 13.75, 4.75],
			"to": [-0.25, 14.5, 5],
			"faces": {
				"north": {"uv": [12.96, 0.96, 15.04, 3.04], "texture": "#texture1"},
				"east": {"uv": [12.96, 0.96, 15.04, 3.04], "texture": "#texture1"},
				"south": {"uv": [12.96, 0.96, 15.04, 3.04], "texture": "#texture1"},
				"west": {"uv": [12.96, 0.96, 15.04, 3.04], "texture": "#texture1"},
				"up": {"uv": [12.96, 0.96, 15.04, 3.04], "texture": "#texture1"},
				"down": {"uv": [12.96, 0.96, 15.04, 3.04], "texture": "#texture1"}
			}
		},
		{
			"name": "Voxels-000000",
			"from": [-0.75, 13.75, 11.25],
			"to": [-0.25, 15.25, 11.75],
			"faces": {
				"north": {"uv": [12.96, 0.96, 15.04, 3.04], "texture": "#texture1"},
				"east": {"uv": [12.96, 0.96, 15.04, 3.04], "texture": "#texture1"},
				"south": {"uv": [12.96, 0.96, 15.04, 3.04], "texture": "#texture1"},
				"west": {"uv": [12.96, 0.96, 15.04, 3.04], "texture": "#texture1"},
				"up": {"uv": [12.96, 0.96, 15.04, 3.04], "texture": "#texture1"},
				"down": {"uv": [12.96, 0.96, 15.04, 3.04], "texture": "#texture1"}
			}
		},
		{
			"name": "Voxels-000000",
			"from": [-0.75, 14.75, -5.75],
			"to": [-0.25, 16.25, -5.5],
			"faces": {
				"north": {"uv": [12.96, 0.96, 15.04, 3.04], "texture": "#texture1"},
				"east": {"uv": [12.96, 0.96, 15.04, 3.04], "texture": "#texture1"},
				"south": {"uv": [12.96, 0.96, 15.04, 3.04], "texture": "#texture1"},
				"west": {"uv": [12.96, 0.96, 15.04, 3.04], "texture": "#texture1"},
				"up": {"uv": [12.96, 0.96, 15.04, 3.04], "texture": "#texture1"},
				"down": {"uv": [12.96, 0.96, 15.04, 3.04], "texture": "#texture1"}
			}
		},
		{
			"name": "Voxels-000000",
			"from": [-0.75, 14.75, 4],
			"to": [-0.25, 16.25, 4.25],
			"faces": {
				"north": {"uv": [12.96, 0.96, 15.04, 3.04], "texture": "#texture1"},
				"east": {"uv": [12.96, 0.96, 15.04, 3.04], "texture": "#texture1"},
				"south": {"uv": [12.96, 0.96, 15.04, 3.04], "texture": "#texture1"},
				"west": {"uv": [12.96, 0.96, 15.04, 3.04], "texture": "#texture1"},
				"up": {"uv": [12.96, 0.96, 15.04, 3.04], "texture": "#texture1"},
				"down": {"uv": [12.96, 0.96, 15.04, 3.04], "texture": "#texture1"}
			}
		},
		{
			"name": "Voxels-000000",
			"from": [-0.75, 14.75, 11.75],
			"to": [-0.25, 16.25, 12],
			"faces": {
				"north": {"uv": [12.96, 0.96, 15.04, 3.04], "texture": "#texture1"},
				"east": {"uv": [12.96, 0.96, 15.04, 3.04], "texture": "#texture1"},
				"south": {"uv": [12.96, 0.96, 15.04, 3.04], "texture": "#texture1"},
				"west": {"uv": [12.96, 0.96, 15.04, 3.04], "texture": "#texture1"},
				"up": {"uv": [12.96, 0.96, 15.04, 3.04], "texture": "#texture1"},
				"down": {"uv": [12.96, 0.96, 15.04, 3.04], "texture": "#texture1"}
			}
		},
		{
			"name": "Voxels-000000",
			"from": [-0.75, 14.75, 21.5],
			"to": [-0.25, 16.25, 21.75],
			"faces": {
				"north": {"uv": [12.96, 0.96, 15.04, 3.04], "texture": "#texture1"},
				"east": {"uv": [12.96, 0.96, 15.04, 3.04], "texture": "#texture1"},
				"south": {"uv": [12.96, 0.96, 15.04, 3.04], "texture": "#texture1"},
				"west": {"uv": [12.96, 0.96, 15.04, 3.04], "texture": "#texture1"},
				"up": {"uv": [12.96, 0.96, 15.04, 3.04], "texture": "#texture1"},
				"down": {"uv": [12.96, 0.96, 15.04, 3.04], "texture": "#texture1"}
			}
		},
		{
			"name": "Voxels-000000",
			"from": [-0.75, 15.25, 11.5],
			"to": [-0.25, 16, 11.75],
			"faces": {
				"north": {"uv": [12.96, 0.96, 15.04, 3.04], "texture": "#texture1"},
				"east": {"uv": [12.96, 0.96, 15.04, 3.04], "texture": "#texture1"},
				"south": {"uv": [12.96, 0.96, 15.04, 3.04], "texture": "#texture1"},
				"west": {"uv": [12.96, 0.96, 15.04, 3.04], "texture": "#texture1"},
				"up": {"uv": [12.96, 0.96, 15.04, 3.04], "texture": "#texture1"},
				"down": {"uv": [12.96, 0.96, 15.04, 3.04], "texture": "#texture1"}
			}
		},
		{
			"name": "Voxels-000000",
			"from": [-0.75, 15.5, -5.5],
			"to": [-0.25, 16.75, -5.25],
			"faces": {
				"north": {"uv": [12.96, 0.96, 15.04, 3.04], "texture": "#texture1"},
				"east": {"uv": [12.96, 0.96, 15.04, 3.04], "texture": "#texture1"},
				"south": {"uv": [12.96, 0.96, 15.04, 3.04], "texture": "#texture1"},
				"west": {"uv": [12.96, 0.96, 15.04, 3.04], "texture": "#texture1"},
				"up": {"uv": [12.96, 0.96, 15.04, 3.04], "texture": "#texture1"},
				"down": {"uv": [12.96, 0.96, 15.04, 3.04], "texture": "#texture1"}
			}
		},
		{
			"name": "Voxels-000000",
			"from": [-0.75, 15.5, 3.75],
			"to": [-0.25, 16.75, 4],
			"faces": {
				"north": {"uv": [12.96, 0.96, 15.04, 3.04], "texture": "#texture1"},
				"east": {"uv": [12.96, 0.96, 15.04, 3.04], "texture": "#texture1"},
				"south": {"uv": [12.96, 0.96, 15.04, 3.04], "texture": "#texture1"},
				"west": {"uv": [12.96, 0.96, 15.04, 3.04], "texture": "#texture1"},
				"up": {"uv": [12.96, 0.96, 15.04, 3.04], "texture": "#texture1"},
				"down": {"uv": [12.96, 0.96, 15.04, 3.04], "texture": "#texture1"}
			}
		},
		{
			"name": "Voxels-000000",
			"from": [-0.75, 15.5, 12],
			"to": [-0.25, 16.75, 12.25],
			"faces": {
				"north": {"uv": [12.96, 0.96, 15.04, 3.04], "texture": "#texture1"},
				"east": {"uv": [12.96, 0.96, 15.04, 3.04], "texture": "#texture1"},
				"south": {"uv": [12.96, 0.96, 15.04, 3.04], "texture": "#texture1"},
				"west": {"uv": [12.96, 0.96, 15.04, 3.04], "texture": "#texture1"},
				"up": {"uv": [12.96, 0.96, 15.04, 3.04], "texture": "#texture1"},
				"down": {"uv": [12.96, 0.96, 15.04, 3.04], "texture": "#texture1"}
			}
		},
		{
			"name": "Voxels-000000",
			"from": [-0.75, 15.5, 21.25],
			"to": [-0.25, 16.75, 21.5],
			"faces": {
				"north": {"uv": [12.96, 0.96, 15.04, 3.04], "texture": "#texture1"},
				"east": {"uv": [12.96, 0.96, 15.04, 3.04], "texture": "#texture1"},
				"south": {"uv": [12.96, 0.96, 15.04, 3.04], "texture": "#texture1"},
				"west": {"uv": [12.96, 0.96, 15.04, 3.04], "texture": "#texture1"},
				"up": {"uv": [12.96, 0.96, 15.04, 3.04], "texture": "#texture1"},
				"down": {"uv": [12.96, 0.96, 15.04, 3.04], "texture": "#texture1"}
			}
		},
		{
			"name": "Voxels-000000",
			"from": [-0.75, 16, -5.25],
			"to": [-0.25, 17, -5],
			"faces": {
				"north": {"uv": [12.96, 0.96, 15.04, 3.04], "texture": "#texture1"},
				"east": {"uv": [12.96, 0.96, 15.04, 3.04], "texture": "#texture1"},
				"south": {"uv": [12.96, 0.96, 15.04, 3.04], "texture": "#texture1"},
				"west": {"uv": [12.96, 0.96, 15.04, 3.04], "texture": "#texture1"},
				"up": {"uv": [12.96, 0.96, 15.04, 3.04], "texture": "#texture1"},
				"down": {"uv": [12.96, 0.96, 15.04, 3.04], "texture": "#texture1"}
			}
		},
		{
			"name": "Voxels-000000",
			"from": [-0.75, 16, 3.5],
			"to": [-0.25, 17, 3.75],
			"faces": {
				"north": {"uv": [12.96, 0.96, 15.04, 3.04], "texture": "#texture1"},
				"east": {"uv": [12.96, 0.96, 15.04, 3.04], "texture": "#texture1"},
				"south": {"uv": [12.96, 0.96, 15.04, 3.04], "texture": "#texture1"},
				"west": {"uv": [12.96, 0.96, 15.04, 3.04], "texture": "#texture1"},
				"up": {"uv": [12.96, 0.96, 15.04, 3.04], "texture": "#texture1"},
				"down": {"uv": [12.96, 0.96, 15.04, 3.04], "texture": "#texture1"}
			}
		},
		{
			"name": "Voxels-000000",
			"from": [-0.75, 16, 12.25],
			"to": [-0.25, 17, 12.5],
			"faces": {
				"north": {"uv": [12.96, 0.96, 15.04, 3.04], "texture": "#texture1"},
				"east": {"uv": [12.96, 0.96, 15.04, 3.04], "texture": "#texture1"},
				"south": {"uv": [12.96, 0.96, 15.04, 3.04], "texture": "#texture1"},
				"west": {"uv": [12.96, 0.96, 15.04, 3.04], "texture": "#texture1"},
				"up": {"uv": [12.96, 0.96, 15.04, 3.04], "texture": "#texture1"},
				"down": {"uv": [12.96, 0.96, 15.04, 3.04], "texture": "#texture1"}
			}
		},
		{
			"name": "Voxels-000000",
			"from": [-0.75, 16, 21],
			"to": [-0.25, 17, 21.25],
			"faces": {
				"north": {"uv": [12.96, 0.96, 15.04, 3.04], "texture": "#texture1"},
				"east": {"uv": [12.96, 0.96, 15.04, 3.04], "texture": "#texture1"},
				"south": {"uv": [12.96, 0.96, 15.04, 3.04], "texture": "#texture1"},
				"west": {"uv": [12.96, 0.96, 15.04, 3.04], "texture": "#texture1"},
				"up": {"uv": [12.96, 0.96, 15.04, 3.04], "texture": "#texture1"},
				"down": {"uv": [12.96, 0.96, 15.04, 3.04], "texture": "#texture1"}
			}
		},
		{
			"name": "Voxels-000000",
			"from": [-0.75, 16.25, -5],
			"to": [-0.25, 17.25, -4.75],
			"faces": {
				"north": {"uv": [12.96, 0.96, 15.04, 3.04], "texture": "#texture1"},
				"east": {"uv": [12.96, 0.96, 15.04, 3.04], "texture": "#texture1"},
				"south": {"uv": [12.96, 0.96, 15.04, 3.04], "texture": "#texture1"},
				"west": {"uv": [12.96, 0.96, 15.04, 3.04], "texture": "#texture1"},
				"up": {"uv": [12.96, 0.96, 15.04, 3.04], "texture": "#texture1"},
				"down": {"uv": [12.96, 0.96, 15.04, 3.04], "texture": "#texture1"}
			}
		},
		{
			"name": "Voxels-000000",
			"from": [-0.75, 16.25, 3.25],
			"to": [-0.25, 17.25, 3.5],
			"faces": {
				"north": {"uv": [12.96, 0.96, 15.04, 3.04], "texture": "#texture1"},
				"east": {"uv": [12.96, 0.96, 15.04, 3.04], "texture": "#texture1"},
				"south": {"uv": [12.96, 0.96, 15.04, 3.04], "texture": "#texture1"},
				"west": {"uv": [12.96, 0.96, 15.04, 3.04], "texture": "#texture1"},
				"up": {"uv": [12.96, 0.96, 15.04, 3.04], "texture": "#texture1"},
				"down": {"uv": [12.96, 0.96, 15.04, 3.04], "texture": "#texture1"}
			}
		},
		{
			"name": "Voxels-000000",
			"from": [-0.75, 16.25, 12.5],
			"to": [-0.25, 17.25, 12.75],
			"faces": {
				"north": {"uv": [12.96, 0.96, 15.04, 3.04], "texture": "#texture1"},
				"east": {"uv": [12.96, 0.96, 15.04, 3.04], "texture": "#texture1"},
				"south": {"uv": [12.96, 0.96, 15.04, 3.04], "texture": "#texture1"},
				"west": {"uv": [12.96, 0.96, 15.04, 3.04], "texture": "#texture1"},
				"up": {"uv": [12.96, 0.96, 15.04, 3.04], "texture": "#texture1"},
				"down": {"uv": [12.96, 0.96, 15.04, 3.04], "texture": "#texture1"}
			}
		},
		{
			"name": "Voxels-000000",
			"from": [-0.75, 16.25, 20.75],
			"to": [-0.25, 17.25, 21],
			"faces": {
				"north": {"uv": [12.96, 0.96, 15.04, 3.04], "texture": "#texture1"},
				"east": {"uv": [12.96, 0.96, 15.04, 3.04], "texture": "#texture1"},
				"south": {"uv": [12.96, 0.96, 15.04, 3.04], "texture": "#texture1"},
				"west": {"uv": [12.96, 0.96, 15.04, 3.04], "texture": "#texture1"},
				"up": {"uv": [12.96, 0.96, 15.04, 3.04], "texture": "#texture1"},
				"down": {"uv": [12.96, 0.96, 15.04, 3.04], "texture": "#texture1"}
			}
		},
		{
			"name": "Voxels-000000",
			"from": [-0.75, 16.5, -4.75],
			"to": [-0.25, 17.5, -4.5],
			"faces": {
				"north": {"uv": [12.96, 0.96, 15.04, 3.04], "texture": "#texture1"},
				"east": {"uv": [12.96, 0.96, 15.04, 3.04], "texture": "#texture1"},
				"south": {"uv": [12.96, 0.96, 15.04, 3.04], "texture": "#texture1"},
				"west": {"uv": [12.96, 0.96, 15.04, 3.04], "texture": "#texture1"},
				"up": {"uv": [12.96, 0.96, 15.04, 3.04], "texture": "#texture1"},
				"down": {"uv": [12.96, 0.96, 15.04, 3.04], "texture": "#texture1"}
			}
		},
		{
			"name": "Voxels-000000",
			"from": [-0.75, 16.5, 3],
			"to": [-0.25, 17.5, 3.25],
			"faces": {
				"north": {"uv": [12.96, 0.96, 15.04, 3.04], "texture": "#texture1"},
				"east": {"uv": [12.96, 0.96, 15.04, 3.04], "texture": "#texture1"},
				"south": {"uv": [12.96, 0.96, 15.04, 3.04], "texture": "#texture1"},
				"west": {"uv": [12.96, 0.96, 15.04, 3.04], "texture": "#texture1"},
				"up": {"uv": [12.96, 0.96, 15.04, 3.04], "texture": "#texture1"},
				"down": {"uv": [12.96, 0.96, 15.04, 3.04], "texture": "#texture1"}
			}
		},
		{
			"name": "Voxels-000000",
			"from": [-0.75, 16.5, 12.75],
			"to": [-0.25, 17.5, 13],
			"faces": {
				"north": {"uv": [12.96, 0.96, 15.04, 3.04], "texture": "#texture1"},
				"east": {"uv": [12.96, 0.96, 15.04, 3.04], "texture": "#texture1"},
				"south": {"uv": [12.96, 0.96, 15.04, 3.04], "texture": "#texture1"},
				"west": {"uv": [12.96, 0.96, 15.04, 3.04], "texture": "#texture1"},
				"up": {"uv": [12.96, 0.96, 15.04, 3.04], "texture": "#texture1"},
				"down": {"uv": [12.96, 0.96, 15.04, 3.04], "texture": "#texture1"}
			}
		},
		{
			"name": "Voxels-000000",
			"from": [-0.75, 16.5, 20.5],
			"to": [-0.25, 17.5, 20.75],
			"faces": {
				"north": {"uv": [12.96, 0.96, 15.04, 3.04], "texture": "#texture1"},
				"east": {"uv": [12.96, 0.96, 15.04, 3.04], "texture": "#texture1"},
				"south": {"uv": [12.96, 0.96, 15.04, 3.04], "texture": "#texture1"},
				"west": {"uv": [12.96, 0.96, 15.04, 3.04], "texture": "#texture1"},
				"up": {"uv": [12.96, 0.96, 15.04, 3.04], "texture": "#texture1"},
				"down": {"uv": [12.96, 0.96, 15.04, 3.04], "texture": "#texture1"}
			}
		},
		{
			"name": "Voxels-000000",
			"from": [-0.75, 17, -4.5],
			"to": [-0.25, 17.75, -4],
			"faces": {
				"north": {"uv": [12.96, 0.96, 15.04, 3.04], "texture": "#texture1"},
				"east": {"uv": [12.96, 0.96, 15.04, 3.04], "texture": "#texture1"},
				"south": {"uv": [12.96, 0.96, 15.04, 3.04], "texture": "#texture1"},
				"west": {"uv": [12.96, 0.96, 15.04, 3.04], "texture": "#texture1"},
				"up": {"uv": [12.96, 0.96, 15.04, 3.04], "texture": "#texture1"},
				"down": {"uv": [12.96, 0.96, 15.04, 3.04], "texture": "#texture1"}
			}
		},
		{
			"name": "Voxels-000000",
			"from": [-0.75, 17, 2.5],
			"to": [-0.25, 18, 2.75],
			"faces": {
				"north": {"uv": [12.96, 0.96, 15.04, 3.04], "texture": "#texture1"},
				"east": {"uv": [12.96, 0.96, 15.04, 3.04], "texture": "#texture1"},
				"south": {"uv": [12.96, 0.96, 15.04, 3.04], "texture": "#texture1"},
				"west": {"uv": [12.96, 0.96, 15.04, 3.04], "texture": "#texture1"},
				"up": {"uv": [12.96, 0.96, 15.04, 3.04], "texture": "#texture1"},
				"down": {"uv": [12.96, 0.96, 15.04, 3.04], "texture": "#texture1"}
			}
		},
		{
			"name": "Voxels-000000",
			"from": [-0.75, 17, 2.75],
			"to": [-0.25, 17.75, 3],
			"faces": {
				"north": {"uv": [12.96, 0.96, 15.04, 3.04], "texture": "#texture1"},
				"east": {"uv": [12.96, 0.96, 15.04, 3.04], "texture": "#texture1"},
				"south": {"uv": [12.96, 0.96, 15.04, 3.04], "texture": "#texture1"},
				"west": {"uv": [12.96, 0.96, 15.04, 3.04], "texture": "#texture1"},
				"up": {"uv": [12.96, 0.96, 15.04, 3.04], "texture": "#texture1"},
				"down": {"uv": [12.96, 0.96, 15.04, 3.04], "texture": "#texture1"}
			}
		},
		{
			"name": "Voxels-000000",
			"from": [-0.75, 17, 13],
			"to": [-0.25, 17.75, 13.5],
			"faces": {
				"north": {"uv": [12.96, 0.96, 15.04, 3.04], "texture": "#texture1"},
				"east": {"uv": [12.96, 0.96, 15.04, 3.04], "texture": "#texture1"},
				"south": {"uv": [12.96, 0.96, 15.04, 3.04], "texture": "#texture1"},
				"west": {"uv": [12.96, 0.96, 15.04, 3.04], "texture": "#texture1"},
				"up": {"uv": [12.96, 0.96, 15.04, 3.04], "texture": "#texture1"},
				"down": {"uv": [12.96, 0.96, 15.04, 3.04], "texture": "#texture1"}
			}
		},
		{
			"name": "Voxels-000000",
			"from": [-0.75, 17, 20],
			"to": [-0.25, 18, 20.25],
			"faces": {
				"north": {"uv": [12.96, 0.96, 15.04, 3.04], "texture": "#texture1"},
				"east": {"uv": [12.96, 0.96, 15.04, 3.04], "texture": "#texture1"},
				"south": {"uv": [12.96, 0.96, 15.04, 3.04], "texture": "#texture1"},
				"west": {"uv": [12.96, 0.96, 15.04, 3.04], "texture": "#texture1"},
				"up": {"uv": [12.96, 0.96, 15.04, 3.04], "texture": "#texture1"},
				"down": {"uv": [12.96, 0.96, 15.04, 3.04], "texture": "#texture1"}
			}
		},
		{
			"name": "Voxels-000000",
			"from": [-0.75, 17, 20.25],
			"to": [-0.25, 17.75, 20.5],
			"faces": {
				"north": {"uv": [12.96, 0.96, 15.04, 3.04], "texture": "#texture1"},
				"east": {"uv": [12.96, 0.96, 15.04, 3.04], "texture": "#texture1"},
				"south": {"uv": [12.96, 0.96, 15.04, 3.04], "texture": "#texture1"},
				"west": {"uv": [12.96, 0.96, 15.04, 3.04], "texture": "#texture1"},
				"up": {"uv": [12.96, 0.96, 15.04, 3.04], "texture": "#texture1"},
				"down": {"uv": [12.96, 0.96, 15.04, 3.04], "texture": "#texture1"}
			}
		},
		{
			"name": "Voxels-000000",
			"from": [-0.75, 17.25, -4],
			"to": [-0.25, 18, -3.75],
			"faces": {
				"north": {"uv": [12.96, 0.96, 15.04, 3.04], "texture": "#texture1"},
				"east": {"uv": [12.96, 0.96, 15.04, 3.04], "texture": "#texture1"},
				"south": {"uv": [12.96, 0.96, 15.04, 3.04], "texture": "#texture1"},
				"west": {"uv": [12.96, 0.96, 15.04, 3.04], "texture": "#texture1"},
				"up": {"uv": [12.96, 0.96, 15.04, 3.04], "texture": "#texture1"},
				"down": {"uv": [12.96, 0.96, 15.04, 3.04], "texture": "#texture1"}
			}
		},
		{
			"name": "Voxels-000000",
			"from": [-0.75, 17.25, 2.25],
			"to": [-0.25, 18, 2.5],
			"faces": {
				"north": {"uv": [12.96, 0.96, 15.04, 3.04], "texture": "#texture1"},
				"east": {"uv": [12.96, 0.96, 15.04, 3.04], "texture": "#texture1"},
				"south": {"uv": [12.96, 0.96, 15.04, 3.04], "texture": "#texture1"},
				"west": {"uv": [12.96, 0.96, 15.04, 3.04], "texture": "#texture1"},
				"up": {"uv": [12.96, 0.96, 15.04, 3.04], "texture": "#texture1"},
				"down": {"uv": [12.96, 0.96, 15.04, 3.04], "texture": "#texture1"}
			}
		},
		{
			"name": "Voxels-000000",
			"from": [-0.75, 17.25, 13.5],
			"to": [-0.25, 18, 13.75],
			"faces": {
				"north": {"uv": [12.96, 0.96, 15.04, 3.04], "texture": "#texture1"},
				"east": {"uv": [12.96, 0.96, 15.04, 3.04], "texture": "#texture1"},
				"south": {"uv": [12.96, 0.96, 15.04, 3.04], "texture": "#texture1"},
				"west": {"uv": [12.96, 0.96, 15.04, 3.04], "texture": "#texture1"},
				"up": {"uv": [12.96, 0.96, 15.04, 3.04], "texture": "#texture1"},
				"down": {"uv": [12.96, 0.96, 15.04, 3.04], "texture": "#texture1"}
			}
		},
		{
			"name": "Voxels-000000",
			"from": [-0.75, 17.25, 19.75],
			"to": [-0.25, 18, 20],
			"faces": {
				"north": {"uv": [12.96, 0.96, 15.04, 3.04], "texture": "#texture1"},
				"east": {"uv": [12.96, 0.96, 15.04, 3.04], "texture": "#texture1"},
				"south": {"uv": [12.96, 0.96, 15.04, 3.04], "texture": "#texture1"},
				"west": {"uv": [12.96, 0.96, 15.04, 3.04], "texture": "#texture1"},
				"up": {"uv": [12.96, 0.96, 15.04, 3.04], "texture": "#texture1"},
				"down": {"uv": [12.96, 0.96, 15.04, 3.04], "texture": "#texture1"}
			}
		},
		{
			"name": "Voxels-000000",
			"from": [-0.75, 17.5, -3.75],
			"to": [-0.25, 18.25, -3.5],
			"faces": {
				"north": {"uv": [12.96, 0.96, 15.04, 3.04], "texture": "#texture1"},
				"east": {"uv": [12.96, 0.96, 15.04, 3.04], "texture": "#texture1"},
				"south": {"uv": [12.96, 0.96, 15.04, 3.04], "texture": "#texture1"},
				"west": {"uv": [12.96, 0.96, 15.04, 3.04], "texture": "#texture1"},
				"up": {"uv": [12.96, 0.96, 15.04, 3.04], "texture": "#texture1"},
				"down": {"uv": [12.96, 0.96, 15.04, 3.04], "texture": "#texture1"}
			}
		},
		{
			"name": "Voxels-000000",
			"from": [-0.75, 17.5, 2],
			"to": [-0.25, 18.25, 2.25],
			"faces": {
				"north": {"uv": [12.96, 0.96, 15.04, 3.04], "texture": "#texture1"},
				"east": {"uv": [12.96, 0.96, 15.04, 3.04], "texture": "#texture1"},
				"south": {"uv": [12.96, 0.96, 15.04, 3.04], "texture": "#texture1"},
				"west": {"uv": [12.96, 0.96, 15.04, 3.04], "texture": "#texture1"},
				"up": {"uv": [12.96, 0.96, 15.04, 3.04], "texture": "#texture1"},
				"down": {"uv": [12.96, 0.96, 15.04, 3.04], "texture": "#texture1"}
			}
		},
		{
			"name": "Voxels-000000",
			"from": [-0.75, 17.5, 13.75],
			"to": [-0.25, 18.25, 14],
			"faces": {
				"north": {"uv": [12.96, 0.96, 15.04, 3.04], "texture": "#texture1"},
				"east": {"uv": [12.96, 0.96, 15.04, 3.04], "texture": "#texture1"},
				"south": {"uv": [12.96, 0.96, 15.04, 3.04], "texture": "#texture1"},
				"west": {"uv": [12.96, 0.96, 15.04, 3.04], "texture": "#texture1"},
				"up": {"uv": [12.96, 0.96, 15.04, 3.04], "texture": "#texture1"},
				"down": {"uv": [12.96, 0.96, 15.04, 3.04], "texture": "#texture1"}
			}
		},
		{
			"name": "Voxels-000000",
			"from": [-0.75, 17.5, 19.5],
			"to": [-0.25, 18.25, 19.75],
			"faces": {
				"north": {"uv": [12.96, 0.96, 15.04, 3.04], "texture": "#texture1"},
				"east": {"uv": [12.96, 0.96, 15.04, 3.04], "texture": "#texture1"},
				"south": {"uv": [12.96, 0.96, 15.04, 3.04], "texture": "#texture1"},
				"west": {"uv": [12.96, 0.96, 15.04, 3.04], "texture": "#texture1"},
				"up": {"uv": [12.96, 0.96, 15.04, 3.04], "texture": "#texture1"},
				"down": {"uv": [12.96, 0.96, 15.04, 3.04], "texture": "#texture1"}
			}
		},
		{
			"name": "Voxels-000000",
			"from": [-0.75, 17.75, -4.25],
			"to": [-0.25, 18, -4],
			"faces": {
				"north": {"uv": [12.96, 0.96, 15.04, 3.04], "texture": "#texture1"},
				"east": {"uv": [12.96, 0.96, 15.04, 3.04], "texture": "#texture1"},
				"south": {"uv": [12.96, 0.96, 15.04, 3.04], "texture": "#texture1"},
				"west": {"uv": [12.96, 0.96, 15.04, 3.04], "texture": "#texture1"},
				"up": {"uv": [12.96, 0.96, 15.04, 3.04], "texture": "#texture1"},
				"down": {"uv": [12.96, 0.96, 15.04, 3.04], "texture": "#texture1"}
			}
		},
		{
			"name": "Voxels-000000",
			"from": [-0.75, 17.75, -3.5],
			"to": [-0.25, 18.5, -3],
			"faces": {
				"north": {"uv": [12.96, 0.96, 15.04, 3.04], "texture": "#texture1"},
				"east": {"uv": [12.96, 0.96, 15.04, 3.04], "texture": "#texture1"},
				"south": {"uv": [12.96, 0.96, 15.04, 3.04], "texture": "#texture1"},
				"west": {"uv": [12.96, 0.96, 15.04, 3.04], "texture": "#texture1"},
				"up": {"uv": [12.96, 0.96, 15.04, 3.04], "texture": "#texture1"},
				"down": {"uv": [12.96, 0.96, 15.04, 3.04], "texture": "#texture1"}
			}
		},
		{
			"name": "Voxels-000000",
			"from": [-0.75, 17.75, 1.5],
			"to": [-0.25, 18.5, 2],
			"faces": {
				"north": {"uv": [12.96, 0.96, 15.04, 3.04], "texture": "#texture1"},
				"east": {"uv": [12.96, 0.96, 15.04, 3.04], "texture": "#texture1"},
				"south": {"uv": [12.96, 0.96, 15.04, 3.04], "texture": "#texture1"},
				"west": {"uv": [12.96, 0.96, 15.04, 3.04], "texture": "#texture1"},
				"up": {"uv": [12.96, 0.96, 15.04, 3.04], "texture": "#texture1"},
				"down": {"uv": [12.96, 0.96, 15.04, 3.04], "texture": "#texture1"}
			}
		},
		{
			"name": "Voxels-000000",
			"from": [-0.75, 17.75, 13.25],
			"to": [-0.25, 18, 13.5],
			"faces": {
				"north": {"uv": [12.96, 0.96, 15.04, 3.04], "texture": "#texture1"},
				"east": {"uv": [12.96, 0.96, 15.04, 3.04], "texture": "#texture1"},
				"south": {"uv": [12.96, 0.96, 15.04, 3.04], "texture": "#texture1"},
				"west": {"uv": [12.96, 0.96, 15.04, 3.04], "texture": "#texture1"},
				"up": {"uv": [12.96, 0.96, 15.04, 3.04], "texture": "#texture1"},
				"down": {"uv": [12.96, 0.96, 15.04, 3.04], "texture": "#texture1"}
			}
		},
		{
			"name": "Voxels-000000",
			"from": [-0.75, 17.75, 14],
			"to": [-0.25, 18.5, 14.5],
			"faces": {
				"north": {"uv": [12.96, 0.96, 15.04, 3.04], "texture": "#texture1"},
				"east": {"uv": [12.96, 0.96, 15.04, 3.04], "texture": "#texture1"},
				"south": {"uv": [12.96, 0.96, 15.04, 3.04], "texture": "#texture1"},
				"west": {"uv": [12.96, 0.96, 15.04, 3.04], "texture": "#texture1"},
				"up": {"uv": [12.96, 0.96, 15.04, 3.04], "texture": "#texture1"},
				"down": {"uv": [12.96, 0.96, 15.04, 3.04], "texture": "#texture1"}
			}
		},
		{
			"name": "Voxels-000000",
			"from": [-0.75, 17.75, 19],
			"to": [-0.25, 18.5, 19.5],
			"faces": {
				"north": {"uv": [12.96, 0.96, 15.04, 3.04], "texture": "#texture1"},
				"east": {"uv": [12.96, 0.96, 15.04, 3.04], "texture": "#texture1"},
				"south": {"uv": [12.96, 0.96, 15.04, 3.04], "texture": "#texture1"},
				"west": {"uv": [12.96, 0.96, 15.04, 3.04], "texture": "#texture1"},
				"up": {"uv": [12.96, 0.96, 15.04, 3.04], "texture": "#texture1"},
				"down": {"uv": [12.96, 0.96, 15.04, 3.04], "texture": "#texture1"}
			}
		},
		{
			"name": "Voxels-000000",
			"from": [-0.75, 18, -3],
			"to": [-0.25, 18.5, -2.25],
			"faces": {
				"north": {"uv": [12.96, 0.96, 15.04, 3.04], "texture": "#texture1"},
				"east": {"uv": [12.96, 0.96, 15.04, 3.04], "texture": "#texture1"},
				"south": {"uv": [12.96, 0.96, 15.04, 3.04], "texture": "#texture1"},
				"west": {"uv": [12.96, 0.96, 15.04, 3.04], "texture": "#texture1"},
				"up": {"uv": [12.96, 0.96, 15.04, 3.04], "texture": "#texture1"},
				"down": {"uv": [12.96, 0.96, 15.04, 3.04], "texture": "#texture1"}
			}
		},
		{
			"name": "Voxels-000000",
			"from": [-0.75, 18, 0.75],
			"to": [-0.25, 18.75, 1.25],
			"faces": {
				"north": {"uv": [12.96, 0.96, 15.04, 3.04], "texture": "#texture1"},
				"east": {"uv": [12.96, 0.96, 15.04, 3.04], "texture": "#texture1"},
				"south": {"uv": [12.96, 0.96, 15.04, 3.04], "texture": "#texture1"},
				"west": {"uv": [12.96, 0.96, 15.04, 3.04], "texture": "#texture1"},
				"up": {"uv": [12.96, 0.96, 15.04, 3.04], "texture": "#texture1"},
				"down": {"uv": [12.96, 0.96, 15.04, 3.04], "texture": "#texture1"}
			}
		},
		{
			"name": "Voxels-000000",
			"from": [-0.75, 18, 1.25],
			"to": [-0.25, 18.5, 1.5],
			"faces": {
				"north": {"uv": [12.96, 0.96, 15.04, 3.04], "texture": "#texture1"},
				"east": {"uv": [12.96, 0.96, 15.04, 3.04], "texture": "#texture1"},
				"south": {"uv": [12.96, 0.96, 15.04, 3.04], "texture": "#texture1"},
				"west": {"uv": [12.96, 0.96, 15.04, 3.04], "texture": "#texture1"},
				"up": {"uv": [12.96, 0.96, 15.04, 3.04], "texture": "#texture1"},
				"down": {"uv": [12.96, 0.96, 15.04, 3.04], "texture": "#texture1"}
			}
		},
		{
			"name": "Voxels-000000",
			"from": [-0.75, 18, 14.5],
			"to": [-0.25, 18.5, 15.25],
			"faces": {
				"north": {"uv": [12.96, 0.96, 15.04, 3.04], "texture": "#texture1"},
				"east": {"uv": [12.96, 0.96, 15.04, 3.04], "texture": "#texture1"},
				"south": {"uv": [12.96, 0.96, 15.04, 3.04], "texture": "#texture1"},
				"west": {"uv": [12.96, 0.96, 15.04, 3.04], "texture": "#texture1"},
				"up": {"uv": [12.96, 0.96, 15.04, 3.04], "texture": "#texture1"},
				"down": {"uv": [12.96, 0.96, 15.04, 3.04], "texture": "#texture1"}
			}
		},
		{
			"name": "Voxels-000000",
			"from": [-0.75, 18, 18.25],
			"to": [-0.25, 18.75, 18.75],
			"faces": {
				"north": {"uv": [12.96, 0.96, 15.04, 3.04], "texture": "#texture1"},
				"east": {"uv": [12.96, 0.96, 15.04, 3.04], "texture": "#texture1"},
				"south": {"uv": [12.96, 0.96, 15.04, 3.04], "texture": "#texture1"},
				"west": {"uv": [12.96, 0.96, 15.04, 3.04], "texture": "#texture1"},
				"up": {"uv": [12.96, 0.96, 15.04, 3.04], "texture": "#texture1"},
				"down": {"uv": [12.96, 0.96, 15.04, 3.04], "texture": "#texture1"}
			}
		},
		{
			"name": "Voxels-000000",
			"from": [-0.75, 18, 18.75],
			"to": [-0.25, 18.5, 19],
			"faces": {
				"north": {"uv": [12.96, 0.96, 15.04, 3.04], "texture": "#texture1"},
				"east": {"uv": [12.96, 0.96, 15.04, 3.04], "texture": "#texture1"},
				"south": {"uv": [12.96, 0.96, 15.04, 3.04], "texture": "#texture1"},
				"west": {"uv": [12.96, 0.96, 15.04, 3.04], "texture": "#texture1"},
				"up": {"uv": [12.96, 0.96, 15.04, 3.04], "texture": "#texture1"},
				"down": {"uv": [12.96, 0.96, 15.04, 3.04], "texture": "#texture1"}
			}
		},
		{
			"name": "Voxels-000000",
			"from": [-0.75, 18.25, -2.25],
			"to": [-0.25, 18.75, 0.75],
			"faces": {
				"north": {"uv": [12.96, 0.96, 15.04, 3.04], "texture": "#texture1"},
				"east": {"uv": [12.96, 0.96, 15.04, 3.04], "texture": "#texture1"},
				"south": {"uv": [12.96, 0.96, 15.04, 3.04], "texture": "#texture1"},
				"west": {"uv": [12.96, 0.96, 15.04, 3.04], "texture": "#texture1"},
				"up": {"uv": [12.96, 0.96, 15.04, 3.04], "texture": "#texture1"},
				"down": {"uv": [12.96, 0.96, 15.04, 3.04], "texture": "#texture1"}
			}
		},
		{
			"name": "Voxels-000000",
			"from": [-0.75, 18.25, 15.25],
			"to": [-0.25, 18.75, 18.25],
			"faces": {
				"north": {"uv": [12.96, 0.96, 15.04, 3.04], "texture": "#texture1"},
				"east": {"uv": [12.96, 0.96, 15.04, 3.04], "texture": "#texture1"},
				"south": {"uv": [12.96, 0.96, 15.04, 3.04], "texture": "#texture1"},
				"west": {"uv": [12.96, 0.96, 15.04, 3.04], "texture": "#texture1"},
				"up": {"uv": [12.96, 0.96, 15.04, 3.04], "texture": "#texture1"},
				"down": {"uv": [12.96, 0.96, 15.04, 3.04], "texture": "#texture1"}
			}
		},
		{
			"name": "Voxels-000000",
			"from": [-0.75, 18.5, -2.75],
			"to": [-0.25, 18.75, -2.25],
			"faces": {
				"north": {"uv": [12.96, 0.96, 15.04, 3.04], "texture": "#texture1"},
				"east": {"uv": [12.96, 0.96, 15.04, 3.04], "texture": "#texture1"},
				"south": {"uv": [12.96, 0.96, 15.04, 3.04], "texture": "#texture1"},
				"west": {"uv": [12.96, 0.96, 15.04, 3.04], "texture": "#texture1"},
				"up": {"uv": [12.96, 0.96, 15.04, 3.04], "texture": "#texture1"},
				"down": {"uv": [12.96, 0.96, 15.04, 3.04], "texture": "#texture1"}
			}
		},
		{
			"name": "Voxels-000000",
			"from": [-0.75, 18.5, 14.75],
			"to": [-0.25, 18.75, 15.25],
			"faces": {
				"north": {"uv": [12.96, 0.96, 15.04, 3.04], "texture": "#texture1"},
				"east": {"uv": [12.96, 0.96, 15.04, 3.04], "texture": "#texture1"},
				"south": {"uv": [12.96, 0.96, 15.04, 3.04], "texture": "#texture1"},
				"west": {"uv": [12.96, 0.96, 15.04, 3.04], "texture": "#texture1"},
				"up": {"uv": [12.96, 0.96, 15.04, 3.04], "texture": "#texture1"},
				"down": {"uv": [12.96, 0.96, 15.04, 3.04], "texture": "#texture1"}
			}
		},
		{
			"name": "Voxels-000000",
			"from": [-0.75, 18.75, -2],
			"to": [-0.25, 19, 0.5],
			"faces": {
				"north": {"uv": [12.96, 0.96, 15.04, 3.04], "texture": "#texture1"},
				"east": {"uv": [12.96, 0.96, 15.04, 3.04], "texture": "#texture1"},
				"south": {"uv": [12.96, 0.96, 15.04, 3.04], "texture": "#texture1"},
				"west": {"uv": [12.96, 0.96, 15.04, 3.04], "texture": "#texture1"},
				"up": {"uv": [12.96, 0.96, 15.04, 3.04], "texture": "#texture1"},
				"down": {"uv": [12.96, 0.96, 15.04, 3.04], "texture": "#texture1"}
			}
		},
		{
			"name": "Voxels-000000",
			"from": [-0.75, 18.75, 15.5],
			"to": [-0.25, 19, 18],
			"faces": {
				"north": {"uv": [12.96, 0.96, 15.04, 3.04], "texture": "#texture1"},
				"east": {"uv": [12.96, 0.96, 15.04, 3.04], "texture": "#texture1"},
				"south": {"uv": [12.96, 0.96, 15.04, 3.04], "texture": "#texture1"},
				"west": {"uv": [12.96, 0.96, 15.04, 3.04], "texture": "#texture1"},
				"up": {"uv": [12.96, 0.96, 15.04, 3.04], "texture": "#texture1"},
				"down": {"uv": [12.96, 0.96, 15.04, 3.04], "texture": "#texture1"}
			}
		},
		{
			"name": "Voxels-000000",
			"from": [-0.25, 12.75, 11],
			"to": [0, 13, 11.25],
			"faces": {
				"north": {"uv": [12.96, 0.96, 15.04, 3.04], "texture": "#texture1"},
				"east": {"uv": [12.96, 0.96, 15.04, 3.04], "texture": "#texture1"},
				"south": {"uv": [12.96, 0.96, 15.04, 3.04], "texture": "#texture1"},
				"west": {"uv": [12.96, 0.96, 15.04, 3.04], "texture": "#texture1"},
				"up": {"uv": [12.96, 0.96, 15.04, 3.04], "texture": "#texture1"},
				"down": {"uv": [12.96, 0.96, 15.04, 3.04], "texture": "#texture1"}
			}
		},
		{
			"name": "Voxels-000000",
			"from": [-0.25, 13.5, 11],
			"to": [0, 13.75, 11.25],
			"faces": {
				"north": {"uv": [12.96, 0.96, 15.04, 3.04], "texture": "#texture1"},
				"east": {"uv": [12.96, 0.96, 15.04, 3.04], "texture": "#texture1"},
				"south": {"uv": [12.96, 0.96, 15.04, 3.04], "texture": "#texture1"},
				"west": {"uv": [12.96, 0.96, 15.04, 3.04], "texture": "#texture1"},
				"up": {"uv": [12.96, 0.96, 15.04, 3.04], "texture": "#texture1"},
				"down": {"uv": [12.96, 0.96, 15.04, 3.04], "texture": "#texture1"}
			}
		}
	],
	"display": {
		"head": {
			"rotation": [0, -90, 0],
			"translation": [0, 4.1739, 9.755],
			"scale": [1.2869, 0.8345, 0.8954]
		},
		"fixed": {
			"rotation": [0, -90, 0],
			"translation": [0, -3, 5.75],
			"scale": [0.69, 0.69, 0.69]
		}
	},
	"groups": [
		{
			"name": "mickey_ears",
			"children": [
				{
					"name": "mickey_ears",
					"children": [0, 1, 2, 3, 4, 5, 6, 7, 8, 9, 10, 11, 12, 13, 14, 15, 16, 17, 18, 19, 20, 21, 22, 23, 24, 25, 26, 27, 28, 29, 30, 31, 32, 33, 34, 35, 36, 37, 38, 39, 40, 41, 42, 43, 44, 45, 46, 47, 48, 49, 50, 51, 52, 53, 54, 55, 56, 57, 58, 59, 60, 61, 62, 63, 64, 65, 66, 67, 68, 69, 70, 71, 72, 73, 74, 75, 76, 77, 78, 79, 80, 81, 82, 83, 84, 85, 86, 87, 88, 89, 90, 91, 92, 93, 94, 95, 96, 97, 98, 99, 100, 101, 102, 103, 104, 105, 106, 107, 108, 109, 110, 111, 112, 113, 114, 115, 116, 117, 118, 119, 120, 121, 122, 123, 124, 125, 126, 127, 128, 129, 130, 131, 132, 133, 134, 135, 136, 137, 138, 139, 140, 141, 142, 143, 144, 145, 146, 147, 148, 149, 150, 151, 152, 153, 154, 155, 156, 157, 158, 159, 160, 161, 162, 163, 164, 165, 166, 167, 168, 169, 170, 171, 172]
				}
			]
		}
	]
}