{
	"credit": "Made by PanicAtTheJedi",
	"textures": {
		"2": "block/dark_oak_planks",
		"3": "block/black_wool",
		"7": "block/packed_ice",
		"8": "block/white_terracotta",
		"10": "block/bone_block_top",
		"particle": "block/texture"
	},
	"elements": [
		{
			"from": [0.3449, -1.99664, -0.02534],
			"to": [1.3449, 4.00336, 0.97466],
			"faces": {
				"north": {"uv": [1, 1, 2, 7], "texture": "#3"},
				"east": {"uv": [1, 1, 2, 7], "texture": "#3"},
				"south": {"uv": [1, 1, 2, 7], "texture": "#3"},
				"west": {"uv": [1, 1, 2, 7], "texture": "#3"},
				"up": {"uv": [1, 1, 2, 7], "texture": "#3"},
				"down": {"uv": [1, 1, 2, 7], "texture": "#3"}
			}
		},
		{
			"from": [15, -2, 0],
			"to": [16, 4, 1],
			"faces": {
				"north": {"uv": [1, 1, 2, 7], "texture": "#3"},
				"east": {"uv": [1, 1, 2, 7], "texture": "#3"},
				"south": {"uv": [1, 1, 2, 7], "texture": "#3"},
				"west": {"uv": [1, 1, 2, 7], "texture": "#3"},
				"up": {"uv": [1, 1, 2, 7], "texture": "#3"},
				"down": {"uv": [1, 1, 2, 7], "texture": "#3"}
			}
		},
		{
			"from": [-0.26406, 0.94014, -0.02359],
			"to": [0.73594, 2.94014, 0.97641],
			"rotation": {"angle": -22.5, "axis": "z", "origin": [7.73594, 0.94014, 7.97641]},
			"faces": {
				"north": {"uv": [1, 1, 2, 3], "texture": "#3"},
				"east": {"uv": [1, 1, 2, 3], "texture": "#3"},
				"south": {"uv": [1, 1, 2, 3], "texture": "#3"},
				"west": {"uv": [1, 1, 2, 3], "texture": "#3"},
				"up": {"uv": [1, 1, 2, 3], "texture": "#3"},
				"down": {"uv": [1, 1, 2, 3], "texture": "#3"}
			}
		},
		{
			"from": [15.60898, 0.94028, -0.00177],
			"to": [16.60898, 2.94028, 0.99823],
			"rotation": {"angle": 22.5, "axis": "z", "origin": [8.60898, 0.94028, 7.99823]},
			"faces": {
				"north": {"uv": [1, 1, 2, 3], "texture": "#3"},
				"east": {"uv": [1, 1, 2, 3], "texture": "#3"},
				"south": {"uv": [1, 1, 2, 3], "texture": "#3"},
				"west": {"uv": [1, 1, 2, 3], "texture": "#3"},
				"up": {"uv": [1, 1, 2, 3], "texture": "#3"},
				"down": {"uv": [1, 1, 2, 3], "texture": "#3"}
			}
		},
		{
			"from": [-3.35419, 1.06945, -0.02185],
			"to": [-2.35419, 3.06945, 0.97815],
			"rotation": {"angle": -45, "axis": "z", "origin": [4.64581, -1.93055, 7.97815]},
			"faces": {
				"north": {"uv": [1, 1, 2, 3], "texture": "#3"},
				"east": {"uv": [1, 1, 2, 3], "texture": "#3"},
				"south": {"uv": [1, 1, 2, 3], "texture": "#3"},
				"west": {"uv": [1, 1, 2, 3], "texture": "#3"},
				"up": {"uv": [1, 1, 2, 3], "texture": "#3"},
				"down": {"uv": [1, 1, 2, 3], "texture": "#3"}
			}
		},
		{
			"from": [5.7382, 6.10368, -0.02012],
			"to": [8.7382, 7.10368, 0.97988],
			"rotation": {"angle": 22.5, "axis": "z", "origin": [3.7382, -0.89632, 7.97988]},
			"faces": {
				"north": {"uv": [1, 1, 4, 2], "texture": "#3"},
				"east": {"uv": [1, 1, 4, 2], "texture": "#3"},
				"south": {"uv": [1, 1, 4, 2], "texture": "#3"},
				"west": {"uv": [1, 1, 4, 2], "texture": "#3"},
				"up": {"uv": [1, 1, 4, 2], "texture": "#3"},
				"down": {"uv": [1, 1, 4, 2], "texture": "#3"}
			}
		},
		{
			"from": [7.60677, 6.1108, -0.00528],
			"to": [10.60677, 7.1108, 0.99472],
			"rotation": {"angle": -22.5, "axis": "z", "origin": [12.60677, -0.8892, 7.99472]},
			"faces": {
				"north": {"uv": [1, 1, 4, 2], "texture": "#3"},
				"east": {"uv": [1, 1, 4, 2], "texture": "#3"},
				"south": {"uv": [1, 1, 4, 2], "texture": "#3"},
				"west": {"uv": [1, 1, 4, 2], "texture": "#3"},
				"up": {"uv": [1, 1, 4, 2], "texture": "#3"},
				"down": {"uv": [1, 1, 4, 2], "texture": "#3"}
			}
		},
		{
			"from": [18.69914, 1.07308, -0.00353],
			"to": [19.69914, 3.07308, 0.99647],
			"rotation": {"angle": 45, "axis": "z", "origin": [11.69914, -1.92692, 7.99647]},
			"faces": {
				"north": {"uv": [1, 1, 2, 3], "texture": "#3"},
				"east": {"uv": [1, 1, 2, 3], "texture": "#3"},
				"south": {"uv": [1, 1, 2, 3], "texture": "#3"},
				"west": {"uv": [1, 1, 2, 3], "texture": "#3"},
				"up": {"uv": [1, 1, 2, 3], "texture": "#3"},
				"down": {"uv": [1, 1, 2, 3], "texture": "#3"}
			}
		},
		{
			"from": [5.30487, 7.40816, -0.02887],
			"to": [11.05487, 8.40816, 0.97113],
			"faces": {
				"north": {"uv": [1, 1, 6, 2], "texture": "#3"},
				"east": {"uv": [1, 1, 6, 2], "texture": "#3"},
				"south": {"uv": [1, 1, 6, 2], "texture": "#3"},
				"west": {"uv": [1, 1, 6, 2], "texture": "#3"},
				"up": {"uv": [1, 1, 6, 2], "texture": "#3"},
				"down": {"uv": [1, 1, 6, 2], "texture": "#3"}
			}
		},
		{
			"from": [0.35183, 2.9944, -1.02333],
			"to": [1.35183, 4.4944, -0.02333],
			"faces": {
				"north": {"uv": [4.75, 3.25, 5.625, 3.75], "texture": "#2"},
				"east": {"uv": [4.75, 3.25, 5.625, 3.75], "texture": "#2"},
				"south": {"uv": [4.75, 3.25, 5.625, 3.75], "texture": "#2"},
				"west": {"uv": [4.75, 3.25, 5.625, 3.75], "texture": "#2"},
				"up": {"uv": [4.75, 3.25, 5.625, 3.75], "texture": "#2"},
				"down": {"uv": [4.75, 3.25, 5.625, 3.75], "texture": "#2"}
			}
		},
		{
			"from": [14.64817, 2.9944, -1.02333],
			"to": [15.64817, 4.4944, -0.02333],
			"faces": {
				"north": {"uv": [4.75, 3.25, 5.625, 3.75], "texture": "#2"},
				"east": {"uv": [4.75, 3.25, 5.625, 3.75], "texture": "#2"},
				"south": {"uv": [4.75, 3.25, 5.625, 3.75], "texture": "#2"},
				"west": {"uv": [4.75, 3.25, 5.625, 3.75], "texture": "#2"},
				"up": {"uv": [4.75, 3.25, 5.625, 3.75], "texture": "#2"},
				"down": {"uv": [4.75, 3.25, 5.625, 3.75], "texture": "#2"}
			}
		},
		{
			"from": [13.89817, 2.7444, -2.02333],
			"to": [15.14817, 4.4944, -0.77333],
			"faces": {
				"north": {"uv": [4.75, 3.25, 5.625, 3.75], "texture": "#2"},
				"east": {"uv": [4.75, 3.25, 5.625, 3.75], "texture": "#2"},
				"south": {"uv": [4.75, 3.25, 5.625, 3.75], "texture": "#2"},
				"west": {"uv": [4.75, 3.25, 5.625, 3.75], "texture": "#2"},
				"up": {"uv": [4.75, 3.25, 5.625, 3.75], "texture": "#2"},
				"down": {"uv": [4.75, 3.25, 5.625, 3.75], "texture": "#2"}
			}
		},
		{
			"from": [0.85183, 2.7444, -1.77333],
			"to": [2.10183, 4.4944, -0.77333],
			"faces": {
				"north": {"uv": [4.75, 3.25, 5.625, 3.75], "texture": "#2"},
				"east": {"uv": [4.75, 3.25, 5.625, 3.75], "texture": "#2"},
				"south": {"uv": [4.75, 3.25, 5.625, 3.75], "texture": "#2"},
				"west": {"uv": [4.75, 3.25, 5.625, 3.75], "texture": "#2"},
				"up": {"uv": [4.75, 3.25, 5.625, 3.75], "texture": "#2"},
				"down": {"uv": [4.75, 3.25, 5.625, 3.75], "texture": "#2"}
			}
		},
		{
			"from": [12.65383, 2.48873, -2.52334],
			"to": [14.15383, 4.48873, -1.52334],
			"faces": {
				"north": {"uv": [4.75, 3.25, 5.625, 3.75], "texture": "#2"},
				"east": {"uv": [4.75, 3.25, 5.625, 3.75], "texture": "#2"},
				"south": {"uv": [4.75, 3.25, 5.625, 3.75], "texture": "#2"},
				"west": {"uv": [4.75, 3.25, 5.625, 3.75], "texture": "#2"},
				"up": {"uv": [4.75, 3.25, 5.625, 3.75], "texture": "#2"},
				"down": {"uv": [4.75, 3.25, 5.625, 3.75], "texture": "#2"}
			}
		},
		{
			"from": [11.90383, 1.98873, -3.27334],
			"to": [13.40383, 4.48873, -2.27334],
			"faces": {
				"north": {"uv": [4.75, 3.25, 5.625, 3.75], "texture": "#2"},
				"east": {"uv": [4.75, 3.25, 5.625, 3.75], "texture": "#2"},
				"south": {"uv": [4.75, 3.25, 5.625, 3.75], "texture": "#2"},
				"west": {"uv": [4.75, 3.25, 5.625, 3.75], "texture": "#2"},
				"up": {"uv": [4.75, 3.25, 5.625, 3.75], "texture": "#2"},
				"down": {"uv": [4.75, 3.25, 5.625, 3.75], "texture": "#2"}
			}
		},
		{
			"from": [2.59617, 1.98873, -3.27334],
			"to": [4.09617, 4.48873, -2.27334],
			"faces": {
				"north": {"uv": [4.75, 3.25, 5.625, 3.75], "texture": "#2"},
				"east": {"uv": [4.75, 3.25, 5.625, 3.75], "texture": "#2"},
				"south": {"uv": [4.75, 3.25, 5.625, 3.75], "texture": "#2"},
				"west": {"uv": [4.75, 3.25, 5.625, 3.75], "texture": "#2"},
				"up": {"uv": [4.75, 3.25, 5.625, 3.75], "texture": "#2"},
				"down": {"uv": [4.75, 3.25, 5.625, 3.75], "texture": "#2"}
			}
		},
		{
			"from": [4.09617, 1.48873, -3.27334],
			"to": [5.59617, 4.48873, -2.27334],
			"faces": {
				"north": {"uv": [4.75, 3.25, 5.625, 3.75], "texture": "#2"},
				"east": {"uv": [4.75, 3.25, 5.625, 3.75], "texture": "#2"},
				"south": {"uv": [4.75, 3.25, 5.625, 3.75], "texture": "#2"},
				"west": {"uv": [4.75, 3.25, 5.625, 3.75], "texture": "#2"},
				"up": {"uv": [4.75, 3.25, 5.625, 3.75], "texture": "#2"},
				"down": {"uv": [4.75, 3.25, 5.625, 3.75], "texture": "#2"}
			}
		},
		{
			"from": [10.40383, 1.48873, -3.27334],
			"to": [11.90383, 4.48873, -2.27334],
			"faces": {
				"north": {"uv": [4.75, 3.25, 5.625, 3.75], "texture": "#2"},
				"east": {"uv": [4.75, 3.25, 5.625, 3.75], "texture": "#2"},
				"south": {"uv": [4.75, 3.25, 5.625, 3.75], "texture": "#2"},
				"west": {"uv": [4.75, 3.25, 5.625, 3.75], "texture": "#2"},
				"up": {"uv": [4.75, 3.25, 5.625, 3.75], "texture": "#2"},
				"down": {"uv": [4.75, 3.25, 5.625, 3.75], "texture": "#2"}
			}
		},
		{
			"from": [5.40383, 0.98873, -3.52334],
			"to": [10.40383, 4.48873, -2.52334],
			"faces": {
				"north": {"uv": [4.75, 3.25, 5.625, 3.75], "texture": "#2"},
				"east": {"uv": [4.75, 3.25, 5.625, 3.75], "texture": "#2"},
				"south": {"uv": [4.75, 3.25, 5.625, 3.75], "texture": "#2"},
				"west": {"uv": [4.75, 3.25, 5.625, 3.75], "texture": "#2"},
				"up": {"uv": [4.75, 3.25, 5.625, 3.75], "texture": "#2"},
				"down": {"uv": [4.75, 3.25, 5.625, 3.75], "texture": "#2"}
			}
		},
		{
			"from": [7.40383, 1.98873, -4.52334],
			"to": [8.40383, 3.48873, -3.52334],
			"rotation": {"angle": 0, "axis": "y", "origin": [6, 8, 7]},
			"faces": {
				"north": {"uv": [5, 0, 12, 15], "rotation": 90, "texture": "#10"},
				"east": {"uv": [0, 0, 16, 16], "texture": "#10"},
				"south": {"uv": [0, 0, 16, 16], "texture": "#10"},
				"west": {"uv": [0, 0, 16, 16], "texture": "#10"},
				"up": {"uv": [0, 0, 16, 16], "texture": "#10"},
				"down": {"uv": [0, 0, 16, 16], "texture": "#10"}
			}
		},
		{
			"from": [7.65, 3.4, -4.52334],
			"to": [8.15, 3.9, -3.52334],
			"rotation": {"angle": 0, "axis": "y", "origin": [6, 9, 7]},
			"faces": {
				"north": {"uv": [2, 4, 7, 10], "rotation": 90, "texture": "#10"},
				"east": {"uv": [0, 0, 16, 16], "texture": "#10"},
				"south": {"uv": [0, 0, 16, 16], "texture": "#10"},
				"west": {"uv": [0, 0, 16, 16], "texture": "#10"},
				"up": {"uv": [0, 0, 16, 16], "texture": "#10"},
				"down": {"uv": [0, 0, 16, 16], "texture": "#10"}
			}
		},
		{
			"from": [7.5, 3.4, -4.52334],
			"to": [7.75, 3.65, -3.52334],
			"rotation": {"angle": 0, "axis": "y", "origin": [6, 9, 7]},
			"faces": {
				"north": {"uv": [2, 1, 7, 7], "rotation": 90, "texture": "#10"},
				"east": {"uv": [0, 0, 16, 16], "texture": "#10"},
				"south": {"uv": [0, 0, 16, 16], "texture": "#10"},
				"west": {"uv": [0, 0, 16, 16], "texture": "#10"},
				"up": {"uv": [0, 0, 16, 16], "texture": "#10"},
				"down": {"uv": [0, 0, 16, 16], "texture": "#10"}
			}
		},
		{
			"from": [7.5, 1.75, -4.52334],
			"to": [7.75, 2, -3.52334],
			"rotation": {"angle": 0, "axis": "y", "origin": [6, -3, 7]},
			"faces": {
				"north": {"uv": [7, 1, 2, 7], "rotation": 90, "texture": "#10"},
				"east": {"uv": [0, 16, 16, 0], "texture": "#10"},
				"south": {"uv": [0, 16, 16, 0], "texture": "#10"},
				"west": {"uv": [0, 16, 16, 0], "texture": "#10"},
				"up": {"uv": [0, 16, 16, 0], "texture": "#10"},
				"down": {"uv": [0, 16, 16, 0], "texture": "#10"}
			}
		},
		{
			"from": [8.05, 3.4, -4.52334],
			"to": [8.3, 3.65, -3.52334],
			"rotation": {"angle": 0, "axis": "y", "origin": [10, 9, 7]},
			"faces": {
				"north": {"uv": [2, 7, 7, 1], "rotation": 90, "texture": "#10"},
				"east": {"uv": [16, 0, 0, 16], "texture": "#10"},
				"south": {"uv": [16, 0, 0, 16], "texture": "#10"},
				"west": {"uv": [16, 0, 0, 16], "texture": "#10"},
				"up": {"uv": [16, 0, 0, 16], "texture": "#10"},
				"down": {"uv": [16, 0, 0, 16], "texture": "#10"}
			}
		},
		{
			"from": [7.4, 3.4, -4.55],
			"to": [8.409, 3.5, -3.55],
			"rotation": {"angle": 0, "axis": "y", "origin": [10, 9, 7]},
			"faces": {
				"north": {"uv": [6.875, 2.625, 6.875, 2.625], "rotation": 90, "texture": "#2"},
				"east": {"uv": [6.875, 2.625, 6.875, 2.625], "rotation": 90, "texture": "#2"},
				"south": {"uv": [6.875, 2.625, 6.875, 2.625], "rotation": 90, "texture": "#2"},
				"west": {"uv": [6.875, 2.625, 6.875, 2.625], "rotation": 90, "texture": "#2"},
				"up": {"uv": [6.875, 2.625, 6.875, 2.625], "rotation": 90, "texture": "#2"},
				"down": {"uv": [6.875, 2.625, 6.875, 2.625], "rotation": 90, "texture": "#2"}
			}
		},
		{
			"from": [7.4, 1.98, -4.55],
			"to": [8.409, 2.08, -3.55],
			"rotation": {"angle": 0, "axis": "y", "origin": [10, -4, 7]},
			"faces": {
				"north": {"uv": [6.875, 2.625, 6.875, 2.625], "rotation": 90, "texture": "#2"},
				"east": {"uv": [6.875, 2.625, 6.875, 2.625], "rotation": 90, "texture": "#2"},
				"south": {"uv": [6.875, 2.625, 6.875, 2.625], "rotation": 90, "texture": "#2"},
				"west": {"uv": [6.875, 2.625, 6.875, 2.625], "rotation": 90, "texture": "#2"},
				"up": {"uv": [6.875, 2.625, 6.875, 2.625], "rotation": 90, "texture": "#2"},
				"down": {"uv": [6.875, 2.625, 6.875, 2.625], "rotation": 90, "texture": "#2"}
			}
		},
		{
			"from": [7.4, 2.75, -4.55],
			"to": [8.409, 2.85, -3.55],
			"rotation": {"angle": 0, "axis": "y", "origin": [10, -4, 7]},
			"faces": {
				"north": {"uv": [6.875, 2.625, 6.875, 2.625], "rotation": 90, "texture": "#2"},
				"east": {"uv": [6.875, 2.625, 6.875, 2.625], "rotation": 90, "texture": "#2"},
				"south": {"uv": [6.875, 2.625, 6.875, 2.625], "rotation": 90, "texture": "#2"},
				"west": {"uv": [6.875, 2.625, 6.875, 2.625], "rotation": 90, "texture": "#2"},
				"up": {"uv": [6.875, 2.625, 6.875, 2.625], "rotation": 90, "texture": "#2"},
				"down": {"uv": [6.875, 2.625, 6.875, 2.625], "rotation": 90, "texture": "#2"}
			}
		},
		{
			"from": [8.05, 1.75, -4.52334],
			"to": [8.3, 2, -3.52334],
			"rotation": {"angle": 0, "axis": "y", "origin": [10, -3, 7]},
			"faces": {
				"north": {"uv": [7, 7, 2, 1], "rotation": 90, "texture": "#10"},
				"east": {"uv": [16, 16, 0, 0], "texture": "#10"},
				"south": {"uv": [16, 16, 0, 0], "texture": "#10"},
				"west": {"uv": [16, 16, 0, 0], "texture": "#10"},
				"up": {"uv": [16, 16, 0, 0], "texture": "#10"},
				"down": {"uv": [16, 16, 0, 0], "texture": "#10"}
			}
		},
		{
			"from": [7.65, 1.5, -4.52334],
			"to": [8.15, 2, -3.52334],
			"rotation": {"angle": 0, "axis": "y", "origin": [6, -3, 7]},
			"faces": {
				"north": {"uv": [5, 6, 0, 12], "rotation": 90, "texture": "#10"},
				"east": {"uv": [0, 16, 16, 0], "texture": "#10"},
				"south": {"uv": [0, 16, 16, 0], "texture": "#10"},
				"west": {"uv": [0, 16, 16, 0], "texture": "#10"},
				"up": {"uv": [0, 16, 16, 0], "texture": "#10"},
				"down": {"uv": [0, 16, 16, 0], "texture": "#10"}
			}
		},
		{
			"from": [1.84617, 2.48873, -2.52334],
			"to": [3.34617, 4.48873, -1.52334],
			"faces": {
				"north": {"uv": [4.75, 3.25, 5.625, 3.75], "texture": "#2"},
				"east": {"uv": [4.75, 3.25, 5.625, 3.75], "texture": "#2"},
				"south": {"uv": [4.75, 3.25, 5.625, 3.75], "texture": "#2"},
				"west": {"uv": [4.75, 3.25, 5.625, 3.75], "texture": "#2"},
				"up": {"uv": [4.75, 3.25, 5.625, 3.75], "texture": "#2"},
				"down": {"uv": [4.75, 3.25, 5.625, 3.75], "texture": "#2"}
			}
		},
		{
			"from": [-0.5, -0.5, 0],
			"to": [0.5, 4.5, 1],
			"faces": {
				"north": {"uv": [14.25, 3, 14.5, 3], "texture": "#7"},
				"east": {"uv": [14.25, 3, 14.5, 3], "texture": "#7"},
				"south": {"uv": [14.25, 3, 14.5, 3], "texture": "#7"},
				"west": {"uv": [14.25, 3, 14.5, 3], "texture": "#7"},
				"up": {"uv": [14.25, 3, 14.5, 3], "texture": "#7"},
				"down": {"uv": [14.25, 3, 14.5, 3], "texture": "#7"}
			}
		},
		{
			"from": [16, -0.5, 0],
			"to": [17, 4.5, 1],
			"faces": {
				"north": {"uv": [14.25, 3, 14.5, 3], "texture": "#7"},
				"east": {"uv": [14.25, 3, 14.5, 3], "texture": "#7"},
				"south": {"uv": [14.25, 3, 14.5, 3], "texture": "#7"},
				"west": {"uv": [14.25, 3, 14.5, 3], "texture": "#7"},
				"up": {"uv": [14.25, 3, 14.5, 3], "texture": "#7"},
				"down": {"uv": [14.25, 3, 14.5, 3], "texture": "#7"}
			}
		},
		{
			"from": [-4.10854, 9.21856, -0.00342],
			"to": [-3.10854, 11.21856, 0.99658],
			"rotation": {"angle": 45, "axis": "z", "origin": [4.39146, 11.21856, 7.99658]},
			"faces": {
				"north": {"uv": [14.25, 3, 14.5, 3], "texture": "#7"},
				"east": {"uv": [14.25, 3, 14.5, 3], "texture": "#7"},
				"south": {"uv": [14.25, 3, 14.5, 3], "texture": "#7"},
				"west": {"uv": [14.25, 3, 14.5, 3], "texture": "#7"},
				"up": {"uv": [14.25, 3, 14.5, 3], "texture": "#7"},
				"down": {"uv": [14.25, 3, 14.5, 3], "texture": "#7"}
			}
		},
		{
			"from": [20.77756, 12.04186, 0.009],
			"to": [21.77756, 14.04186, 1.009],
			"rotation": {"angle": -45, "axis": "z", "origin": [9.27756, 14.04186, 8.009]},
			"faces": {
				"north": {"uv": [14.25, 3, 14.5, 3], "texture": "#7"},
				"east": {"uv": [14.25, 3, 14.5, 3], "texture": "#7"},
				"south": {"uv": [14.25, 3, 14.5, 3], "texture": "#7"},
				"west": {"uv": [14.25, 3, 14.5, 3], "texture": "#7"},
				"up": {"uv": [14.25, 3, 14.5, 3], "texture": "#7"},
				"down": {"uv": [14.25, 3, 14.5, 3], "texture": "#7"}
			}
		},
		{
			"from": [0.6129, 5.11078, -0.00685],
			"to": [2.1129, 6.11078, 0.99315],
			"rotation": {"angle": -22.5, "axis": "z", "origin": [0.1129, 13.61078, 7.99315]},
			"faces": {
				"north": {"uv": [14.25, 3, 14.5, 3], "texture": "#7"},
				"east": {"uv": [14.25, 3, 14.5, 3], "texture": "#7"},
				"south": {"uv": [14.25, 3, 14.5, 3], "texture": "#7"},
				"west": {"uv": [14.25, 3, 14.5, 3], "texture": "#7"},
				"up": {"uv": [14.25, 3, 14.5, 3], "texture": "#7"},
				"down": {"uv": [14.25, 3, 14.5, 3], "texture": "#7"}
			}
		},
		{
			"from": [10.94151, 4.41833, 0.01145],
			"to": [12.44151, 5.41833, 1.01145],
			"rotation": {"angle": 22.5, "axis": "z", "origin": [12.94151, 21.91833, 8.01145]},
			"faces": {
				"north": {"uv": [14.25, 3, 14.5, 3], "texture": "#7"},
				"east": {"uv": [14.25, 3, 14.5, 3], "texture": "#7"},
				"south": {"uv": [14.25, 3, 14.5, 3], "texture": "#7"},
				"west": {"uv": [14.25, 3, 14.5, 3], "texture": "#7"},
				"up": {"uv": [14.25, 3, 14.5, 3], "texture": "#7"},
				"down": {"uv": [14.25, 3, 14.5, 3], "texture": "#7"}
			}
		},
		{
			"from": [0.70834, 1.84232, 0.87],
			"to": [2.45834, 5.84232, 0.97],
			"rotation": {"angle": -22.5, "axis": "z", "origin": [0.20834, 13.84232, 7.99182]},
			"faces": {
				"north": {"uv": [1, 1, 2, 5], "texture": "#8"},
				"east": {"uv": [14.25, 3, 14.5, 3], "texture": "#7"},
				"south": {"uv": [14.25, 3, 14.5, 3], "texture": "#7"},
				"west": {"uv": [14.25, 3, 14.5, 3], "texture": "#7"},
				"up": {"uv": [14.25, 3, 14.5, 3], "texture": "#7"},
				"down": {"uv": [14.25, 3, 14.5, 3], "texture": "#7"}
			}
		},
		{
			"from": [14.1371, 1.11078, 0.87],
			"to": [15.8871, 5.11078, 0.97],
			"rotation": {"angle": 22.5, "axis": "z", "origin": [15.8871, 13.61078, 7.99315]},
			"faces": {
				"north": {"uv": [1, 1, 2, 5], "texture": "#8"},
				"east": {"uv": [14.25, 3, 14.5, 3], "texture": "#7"},
				"south": {"uv": [14.25, 3, 14.5, 3], "texture": "#7"},
				"west": {"uv": [14.25, 3, 14.5, 3], "texture": "#7"},
				"up": {"uv": [14.25, 3, 14.5, 3], "texture": "#7"},
				"down": {"uv": [14.25, 3, 14.5, 3], "texture": "#7"}
			}
		},
		{
			"from": [-2.92773, 8.39856, -0.01027],
			"to": [-1.67773, 9.39856, 0.98973],
			"rotation": {"angle": 22.5, "axis": "z", "origin": [5.32227, 6.39856, 7.98973]},
			"faces": {
				"north": {"uv": [14.25, 3, 14.5, 3], "texture": "#7"},
				"east": {"uv": [14.25, 3, 14.5, 3], "texture": "#7"},
				"south": {"uv": [14.25, 3, 14.5, 3], "texture": "#7"},
				"west": {"uv": [14.25, 3, 14.5, 3], "texture": "#7"},
				"up": {"uv": [14.25, 3, 14.5, 3], "texture": "#7"},
				"down": {"uv": [14.25, 3, 14.5, 3], "texture": "#7"}
			}
		},
		{
			"from": [15.89227, 8.84368, 0.00487],
			"to": [17.14227, 9.84368, 1.00487],
			"rotation": {"angle": -22.5, "axis": "z", "origin": [8.89227, 0.84368, 8.00487]},
			"faces": {
				"north": {"uv": [14.25, 3, 14.5, 3], "texture": "#7"},
				"east": {"uv": [14.25, 3, 14.5, 3], "texture": "#7"},
				"south": {"uv": [14.25, 3, 14.5, 3], "texture": "#7"},
				"west": {"uv": [14.25, 3, 14.5, 3], "texture": "#7"},
				"up": {"uv": [14.25, 3, 14.5, 3], "texture": "#7"},
				"down": {"uv": [14.25, 3, 14.5, 3], "texture": "#7"}
			}
		},
		{
			"from": [-0.9983, 2.3331, -0.01026],
			"to": [0.0017, 4.3331, 0.98974],
			"rotation": {"angle": -22.5, "axis": "z", "origin": [2.0017, 11.3331, 7.98974]},
			"faces": {
				"north": {"uv": [14.25, 3, 14.5, 3], "texture": "#7"},
				"east": {"uv": [14.25, 3, 14.5, 3], "texture": "#7"},
				"south": {"uv": [14.25, 3, 14.5, 3], "texture": "#7"},
				"west": {"uv": [14.25, 3, 14.5, 3], "texture": "#7"},
				"up": {"uv": [14.25, 3, 14.5, 3], "texture": "#7"},
				"down": {"uv": [14.25, 3, 14.5, 3], "texture": "#7"}
			}
		},
		{
			"from": [13.43369, 1.70709, 0.02222],
			"to": [14.43369, 3.70709, 1.02222],
			"rotation": {"angle": 22.5, "axis": "z", "origin": [11.43369, 18.70709, 8.02222]},
			"faces": {
				"north": {"uv": [14.25, 3, 14.5, 3], "texture": "#7"},
				"east": {"uv": [14.25, 3, 14.5, 3], "texture": "#7"},
				"south": {"uv": [14.25, 3, 14.5, 3], "texture": "#7"},
				"west": {"uv": [14.25, 3, 14.5, 3], "texture": "#7"},
				"up": {"uv": [14.25, 3, 14.5, 3], "texture": "#7"},
				"down": {"uv": [14.25, 3, 14.5, 3], "texture": "#7"}
			}
		},
		{
			"from": [-4.21181, 1.91736, -0.01367],
			"to": [-3.21181, 4.16736, 0.98633],
			"faces": {
				"north": {"uv": [14.25, 3, 14.5, 3], "texture": "#7"},
				"east": {"uv": [14.25, 3, 14.5, 3], "texture": "#7"},
				"south": {"uv": [14.25, 3, 14.5, 3], "texture": "#7"},
				"west": {"uv": [14.25, 3, 14.5, 3], "texture": "#7"},
				"up": {"uv": [14.25, 3, 14.5, 3], "texture": "#7"},
				"down": {"uv": [14.25, 3, 14.5, 3], "texture": "#7"}
			}
		},
		{
			"from": [19.71026, 1.89906, 0.02303],
			"to": [20.71026, 4.14906, 1.02303],
			"faces": {
				"north": {"uv": [14.25, 3, 14.5, 3], "texture": "#7"},
				"east": {"uv": [14.25, 3, 14.5, 3], "texture": "#7"},
				"south": {"uv": [14.25, 3, 14.5, 3], "texture": "#7"},
				"west": {"uv": [14.25, 3, 14.5, 3], "texture": "#7"},
				"up": {"uv": [14.25, 3, 14.5, 3], "texture": "#7"},
				"down": {"uv": [14.25, 3, 14.5, 3], "texture": "#7"}
			}
		},
		{
			"from": [-10.042, -0.50982, -0.01365],
			"to": [-9.042, 1.99018, 0.98635],
			"rotation": {"angle": 45, "axis": "z", "origin": [-7.042, 8.99018, 7.98635]},
			"faces": {
				"north": {"uv": [14.25, 3, 14.5, 3], "texture": "#7"},
				"east": {"uv": [14.25, 3, 14.5, 3], "texture": "#7"},
				"south": {"uv": [14.25, 3, 14.5, 3], "texture": "#7"},
				"west": {"uv": [14.25, 3, 14.5, 3], "texture": "#7"},
				"up": {"uv": [14.25, 3, 14.5, 3], "texture": "#7"},
				"down": {"uv": [14.25, 3, 14.5, 3], "texture": "#7"}
			}
		},
		{
			"from": [26.70543, 2.29441, 0.032],
			"to": [27.70543, 4.79441, 1.032],
			"rotation": {"angle": -45, "axis": "z", "origin": [20.70543, 11.79441, 8.032]},
			"faces": {
				"north": {"uv": [14.25, 3, 14.5, 3], "texture": "#7"},
				"east": {"uv": [14.25, 3, 14.5, 3], "texture": "#7"},
				"south": {"uv": [14.25, 3, 14.5, 3], "texture": "#7"},
				"west": {"uv": [14.25, 3, 14.5, 3], "texture": "#7"},
				"up": {"uv": [14.25, 3, 14.5, 3], "texture": "#7"},
				"down": {"uv": [14.25, 3, 14.5, 3], "texture": "#7"}
			}
		},
		{
			"from": [-10.042, -0.50982, 0.87],
			"to": [-5.792, 1.99018, 0.97],
			"rotation": {"angle": 45, "axis": "z", "origin": [-7.042, 8.99018, 7.98635]},
			"faces": {
				"north": {"uv": [1, 1, 5, 3], "texture": "#8"},
				"east": {"uv": [14.25, 3, 14.5, 3], "texture": "#7"},
				"south": {"uv": [14.25, 3, 14.5, 3], "texture": "#7"},
				"west": {"uv": [14.25, 3, 14.5, 3], "texture": "#7"},
				"up": {"uv": [14.25, 3, 14.5, 3], "texture": "#7"},
				"down": {"uv": [14.25, 3, 14.5, 3], "texture": "#7"}
			}
		},
		{
			"from": [21.792, -0.00982, 0.87],
			"to": [26.042, 2.49018, 0.97],
			"rotation": {"angle": -45, "axis": "z", "origin": [23.042, 8.99018, 7.98635]},
			"faces": {
				"north": {"uv": [1, 1, 5, 3], "texture": "#8"},
				"east": {"uv": [14.25, 3, 14.5, 3], "texture": "#7"},
				"south": {"uv": [14.25, 3, 14.5, 3], "texture": "#7"},
				"west": {"uv": [14.25, 3, 14.5, 3], "texture": "#7"},
				"up": {"uv": [14.25, 3, 14.5, 3], "texture": "#7"},
				"down": {"uv": [14.25, 3, 14.5, 3], "texture": "#7"}
			}
		},
		{
			"from": [-0.76528, 2.60118, -0.01269],
			"to": [2.23472, 3.60118, 0.98731],
			"rotation": {"angle": -22.5, "axis": "z", "origin": [-7.76528, 5.60118, 7.98731]},
			"faces": {
				"north": {"uv": [14.25, 3, 14.5, 3], "texture": "#7"},
				"east": {"uv": [14.25, 3, 14.5, 3], "texture": "#7"},
				"south": {"uv": [14.25, 3, 14.5, 3], "texture": "#7"},
				"west": {"uv": [14.25, 3, 14.5, 3], "texture": "#7"},
				"up": {"uv": [14.25, 3, 14.5, 3], "texture": "#7"},
				"down": {"uv": [14.25, 3, 14.5, 3], "texture": "#7"}
			}
		},
		{
			"from": [10.94488, 1.96922, 0.0318],
			"to": [14.19488, 2.96922, 1.0318],
			"rotation": {"angle": 22.5, "axis": "z", "origin": [21.19488, 12.96922, 8.0318]},
			"faces": {
				"north": {"uv": [14.25, 3, 14.5, 3], "texture": "#7"},
				"east": {"uv": [14.25, 3, 14.5, 3], "texture": "#7"},
				"south": {"uv": [14.25, 3, 14.5, 3], "texture": "#7"},
				"west": {"uv": [14.25, 3, 14.5, 3], "texture": "#7"},
				"up": {"uv": [14.25, 3, 14.5, 3], "texture": "#7"},
				"down": {"uv": [14.25, 3, 14.5, 3], "texture": "#7"}
			}
		},
		{
			"from": [-0.51528, 2.60118, 0.87],
			"to": [1.23472, 5.60118, 0.97],
			"rotation": {"angle": -22.5, "axis": "z", "origin": [-7.76528, 5.60118, 7.98731]},
			"faces": {
				"north": {"uv": [1, 1, 2, 4], "texture": "#8"},
				"east": {"uv": [14.25, 3, 14.5, 3], "texture": "#7"},
				"south": {"uv": [14.25, 3, 14.5, 3], "texture": "#7"},
				"west": {"uv": [14.25, 3, 14.5, 3], "texture": "#7"},
				"up": {"uv": [14.25, 3, 14.5, 3], "texture": "#7"},
				"down": {"uv": [14.25, 3, 14.5, 3], "texture": "#7"}
			}
		},
		{
			"from": [15.51528, 3.10118, 0.87],
			"to": [17.26528, 6.10118, 0.97],
			"rotation": {"angle": 22.5, "axis": "z", "origin": [23.76528, 5.60118, 7.98731]},
			"faces": {
				"north": {"uv": [1, 1, 2, 4], "texture": "#8"},
				"east": {"uv": [14.25, 3, 14.5, 3], "texture": "#7"},
				"south": {"uv": [14.25, 3, 14.5, 3], "texture": "#7"},
				"west": {"uv": [14.25, 3, 14.5, 3], "texture": "#7"},
				"up": {"uv": [14.25, 3, 14.5, 3], "texture": "#7"},
				"down": {"uv": [14.25, 3, 14.5, 3], "texture": "#7"}
			}
		}
	],
	"display": {
		"thirdperson_righthand": {
			"translation": [0, 0, 2],
			"scale": [0.33, 0.33, 0.33]
		},
		"thirdperson_lefthand": {
			"translation": [0, 0, 2],
			"scale": [0.33, 0.33, 0.33]
		},
		"firstperson_righthand": {
			"rotation": [0, -32, 0]
		},
		"firstperson_lefthand": {
			"rotation": [0, -32, 0]
		},
		"gui": {
			"rotation": [0, -180, 0],
			"translation": [0.5, 3.25, 6.25],
			"scale": [0.68, 0.72, 4]
		},
		"head": {
			"translation": [0, 7, 3.25],
			"scale": [0.86, 0.79, 1.13]
		},
		"fixed": {
			"translation": [0, 3.25, 6.25],
			"scale": [0.73, 0.81, 0.93]
		}
	}
}
