{
	"credit": "Made by Kastle",
	"textures": {
		"1": "custom/wings_out"
	},
	"elements": [
		{
			"from": [15.46752, 0, -15.24264],
			"to": [15.96752, 24, 8.75736],
			"rotation": {"angle": 22.5, "axis": "y", "origin": [16.75, 8, 8]},
			"faces": {
				"north": {"uv": [0, 0, 0, 0], "texture": "#1"},
				"east": {"uv": [0, 0, 16, 16], "texture": "#1"},
				"south": {"uv": [0, 0, 0, 0], "texture": "#1"},
				"west": {"uv": [16, 0, 0, 16], "texture": "#1"},
				"up": {"uv": [0, 0, 0, 0], "rotation": 90, "texture": "#1"},
				"down": {"uv": [0, 0, 0, 0], "rotation": 270, "texture": "#1"}
			}
		},
		{
			"from": [15.56752, 0, -15.24264],
			"to": [16.06752, 24, 8.75736],
			"rotation": {"angle": 22.5, "axis": "y", "origin": [16.75, 8, 8]},
			"faces": {
				"north": {"uv": [0, 0, 0, 0], "texture": "#1"},
				"east": {"uv": [0, 0, 16, 16], "texture": "#1"},
				"south": {"uv": [0, 0, 0, 0], "texture": "#1"},
				"west": {"uv": [16, 0, 0, 16], "texture": "#1"},
				"up": {"uv": [0, 0, 0, 0], "rotation": 90, "texture": "#1"},
				"down": {"uv": [0, 0, 0, 0], "rotation": 270, "texture": "#1"}
			}
		},
		{
			"from": [15.66752, 0, -15.24264],
			"to": [16.16752, 24, 8.75736],
			"rotation": {"angle": 22.5, "axis": "y", "origin": [16.75, 8, 8]},
			"faces": {
				"north": {"uv": [0, 0, 0, 0], "texture": "#1"},
				"east": {"uv": [0, 0, 16, 16], "texture": "#1"},
				"south": {"uv": [0, 0, 0, 0], "texture": "#1"},
				"west": {"uv": [16, 0, 0, 16], "texture": "#1"},
				"up": {"uv": [0, 0, 0, 0], "rotation": 90, "texture": "#1"},
				"down": {"uv": [0, 0, 0, 0], "rotation": 270, "texture": "#1"}
			}
		},
		{
			"from": [15.46056, 0, 6.82376],
			"to": [15.96056, 24, 30.82376],
			"rotation": {"angle": -22.5, "axis": "y", "origin": [16.14089, 12, 8.04038]},
			"faces": {
				"east": {"uv": [16, 0, 0, 16], "texture": "#1"},
				"west": {"uv": [0, 0, 16, 16], "texture": "#1"}
			}
		},
		{
			"from": [15.26056, 0, 6.82376],
			"to": [15.76056, 24, 30.82376],
			"rotation": {"angle": -22.5, "axis": "y", "origin": [16.14089, 12, 8.04038]},
			"faces": {
				"east": {"uv": [16, 0, 0, 16], "texture": "#1"},
				"west": {"uv": [0, 0, 16, 16], "texture": "#1"}
			}
		},
		{
			"from": [15.36056, 0, 6.82376],
			"to": [15.86056, 24, 30.82376],
			"rotation": {"angle": -22.5, "axis": "y", "origin": [16.14089, 12, 8.04038]},
			"faces": {
				"east": {"uv": [16, 0, 0, 16], "texture": "#1"},
				"west": {"uv": [0, 0, 16, 16], "texture": "#1"}
			}
		}
	],
	"display": {
		"thirdperson_righthand": {
			"rotation": [65, 90, 0],
			"translation": [-6, -16, 4.25]
		},
		"thirdperson_lefthand": {
			"rotation": [65, -90, 0],
			"translation": [-6, -16, 4.25]
		},
		"firstperson_righthand": {
			"rotation": [0, 90, 0],
			"translation": [4.75, -1.25, 1.75],
			"scale": [0.7, 0.7, 0.7]
		},
		"firstperson_lefthand": {
			"rotation": [0, -90, 0],
			"translation": [4.75, -1.25, 1.75],
			"scale": [0.7, 0.7, 0.7]
		},
		"ground": {
			"translation": [-5, 5.75, 0]
		},
		"gui": {
			"rotation": [0, 90, 0],
			"translation": [0, -2.75, 0],
			"scale": [0.68, 0.68, 0.68]
		},
		"head": {
			"rotation": [0, 90, 0],
			"translation": [0, -24, 17.5],
			"scale": [2, 2, 2]
		},
		"fixed": {
			"rotation": [0, -90, 0],
			"translation": [0, -5.5, -10.75],
			"scale": [1.3, 1.3, 1.3]
		}
	},
	"groups": [
		{
			"name": "group",
			"origin": [18.5, 8, 0.25],
			"children": [0, 1, 2]
		},
		{
			"name": "group",
			"origin": [18.5, 8, 15.75],
			"children": [3, 4, 5]
		}
	]
}
