{
	"credit": "Bought by McMagic",
	"textures": {
		"1": "block/iron_block",
		"2": "block/black_terracotta",
		"9": "block/black_stained_glass",
		"11": "custom/rides/monorail_exterior2",
		"12": "custom/rides/monorail_exterior1"
	},
	"elements": [
		{
			"from": [6.59853, 6.73772, 1.11658],
			"to": [9.41548, 7.79332, 1.51771],
			"rotation": {"angle": 0, "axis": "y", "origin": [13.96668, 5.82463, 1.35937]},
			"faces": {
				"north": {"uv": [11.23438, 2.9375, 11.01563, 3.09375], "texture": "#12"},
				"east": {"uv": [11.23438, 2.9375, 11.01563, 3.09375], "texture": "#12"},
				"south": {"uv": [11.23438, 2.9375, 11.01563, 3.09375], "texture": "#12"},
				"west": {"uv": [11.23438, 2.9375, 11.01563, 3.09375], "texture": "#12"},
				"up": {"uv": [11.23438, 2.9375, 11.01563, 3.09375], "texture": "#12"},
				"down": {"uv": [11.23438, 2.9375, 11.01563, 3.09375], "texture": "#12"}
			}
		},
		{
			"from": [6.55098, 6.6622, 1.10111],
			"to": [9.41798, 6.9122, 1.10111],
			"rotation": {"angle": 0, "axis": "y", "origin": [19.40625, 10.06082, 1.05945]},
			"faces": {
				"north": {"uv": [15.46875, 0.59375, 15.6875, 6.4625], "rotation": 90, "texture": "#12"},
				"east": {"uv": [1.5, 1.5, 4.75, 2.9], "texture": "#12"},
				"south": {"uv": [6.59375, 10.8125, 6.96875, 11.0875], "texture": "#12"},
				"west": {"uv": [1.5, 1.5, 4.75, 2.9], "texture": "#12"},
				"up": {"uv": [1.5, 1.5, 4.75, 2.9], "rotation": 90, "texture": "#12"},
				"down": {"uv": [1.5, 1.5, 4.75, 2.9], "rotation": 270, "texture": "#12"}
			}
		},
		{
			"from": [6.52497, 4.999, 1.50263],
			"to": [9.46697, 7.7511, 1.66851],
			"rotation": {"angle": 0, "axis": "y", "origin": [16.64003, 5.79296, 1.35937]},
			"faces": {
				"north": {"uv": [8, 0, 0, 16], "texture": "#2"},
				"east": {"uv": [0, 0, 1, 4.9], "texture": "#2"},
				"south": {"uv": [8, 0, 0, 16], "texture": "#2"},
				"west": {"uv": [8, 0, 0, 16], "texture": "#2"},
				"up": {"uv": [0, 0, 1, 16], "rotation": 90, "texture": "#2"},
				"down": {"uv": [0, 0, 8, 16], "rotation": 270, "texture": "#2"}
			}
		},
		{
			"from": [6.55777, 7.8511, 1.40375],
			"to": [9.47477, 8.38809, 1.56965],
			"rotation": {"angle": 0, "axis": "y", "origin": [16.64003, 5.83066, 1.36049]},
			"faces": {
				"north": {"uv": [0, 0, 16, 2.375], "texture": "#2"},
				"east": {"uv": [0, 0, 0, 15.75], "texture": "#2"},
				"south": {"uv": [0, 0, 0, 15.75], "texture": "#2"},
				"west": {"uv": [0, 0, 0, 15.75], "rotation": 90, "texture": "#2"},
				"up": {"uv": [0, 0, 0, 15.75], "rotation": 90, "texture": "#2"},
				"down": {"uv": [0, 0, 0, 15.75], "rotation": 270, "texture": "#2"}
			}
		},
		{
			"from": [6.54777, 8.36109, 1.40375],
			"to": [6.78476, 12.02809, 1.56965],
			"rotation": {"angle": 0, "axis": "y", "origin": [7.99127, 8.1196, 1.4867]},
			"faces": {
				"north": {"uv": [0, 0, 16, 2.375], "rotation": 90, "texture": "#2"},
				"east": {"uv": [0, 0, 0, 15.75], "rotation": 180, "texture": "#2"},
				"south": {"uv": [0, 0, 0, 15.75], "rotation": 270, "texture": "#2"},
				"west": {"uv": [0, 0, 0, 15.75], "texture": "#2"},
				"up": {"uv": [0, 0, 0, 15.75], "rotation": 270, "texture": "#2"},
				"down": {"uv": [0, 0, 0, 15.75], "texture": "#2"}
			}
		},
		{
			"from": [6.55777, 11.8511, 1.40375],
			"to": [9.47477, 12.08809, 1.56965],
			"rotation": {"angle": 0, "axis": "y", "origin": [16.64003, 5.83066, 1.36049]},
			"faces": {
				"north": {"uv": [0, 0, 16, 2.375], "texture": "#2"},
				"east": {"uv": [0, 0, 0, 15.75], "texture": "#2"},
				"south": {"uv": [0, 0, 0, 15.75], "texture": "#2"},
				"west": {"uv": [0, 0, 0, 15.75], "rotation": 90, "texture": "#2"},
				"up": {"uv": [0, 0, 0, 15.75], "rotation": 90, "texture": "#2"},
				"down": {"uv": [0, 0, 0, 15.75], "rotation": 270, "texture": "#2"}
			}
		},
		{
			"from": [9.24778, 8.36109, 1.40375],
			"to": [9.48476, 12.02809, 1.56965],
			"rotation": {"angle": 0, "axis": "y", "origin": [7.99127, 8.1196, 1.4867]},
			"faces": {
				"north": {"uv": [0, 0, 16, 2.375], "rotation": 90, "texture": "#2"},
				"east": {"uv": [0, 0, 0, 15.75], "rotation": 180, "texture": "#2"},
				"south": {"uv": [0, 0, 0, 15.75], "rotation": 270, "texture": "#2"},
				"west": {"uv": [0, 0, 0, 15.75], "texture": "#2"},
				"up": {"uv": [0, 0, 0, 15.75], "rotation": 270, "texture": "#2"},
				"down": {"uv": [0, 0, 0, 15.75], "texture": "#2"}
			}
		},
		{
			"from": [6.55905, 8.0511, 1.30375],
			"to": [9.42605, 12.03809, 1.46963],
			"rotation": {"angle": 0, "axis": "y", "origin": [-15.68793, 5.83066, 1.36049]},
			"faces": {
				"north": {"uv": [0, 5.875, 16, 8.25], "texture": "#9"},
				"east": {"uv": [0, 0, 0, 15.75], "texture": "#9"},
				"south": {"uv": [0, 0, 0, 15.75], "texture": "#9"},
				"west": {"uv": [0, 0, 0, 15.75], "rotation": 90, "texture": "#9"},
				"up": {"uv": [0, 0, 0, 15.75], "rotation": 90, "texture": "#9"},
				"down": {"uv": [0, 0, 0, 15.75], "rotation": 270, "texture": "#9"}
			}
		},
		{
			"from": [6.54726, 4.84332, 1.20103],
			"to": [6.69355, 12.06236, 1.51771],
			"rotation": {"angle": 0, "axis": "y", "origin": [10.60803, 5.86685, 1.35937]},
			"faces": {
				"north": {"uv": [4.75, 1.5, 1.5, 2.9], "texture": "#1"},
				"east": {"uv": [1.5, 1.5, 4.75, 2.9], "texture": "#1"},
				"south": {"uv": [4.75, 1.5, 1.5, 2.9], "texture": "#1"},
				"west": {"uv": [4.75, 1.5, 1.5, 2.9], "texture": "#1"},
				"up": {"uv": [4.75, 1.5, 1.5, 2.9], "rotation": 90, "texture": "#1"},
				"down": {"uv": [4.75, 1.5, 1.5, 2.9], "rotation": 270, "texture": "#1"}
			}
		},
		{
			"from": [6.60701, 12.3747, 1.17611],
			"to": [9.03048, 12.4497, 1.17611],
			"rotation": {"angle": 0, "axis": "y", "origin": [17.25624, 10.8497, 1.17611]},
			"faces": {
				"north": {"uv": [15.5625, 0.6875, 15.71875, 6.11875], "rotation": 90, "texture": "#12"},
				"east": {"uv": [1.5, 1.5, 4.75, 2.9], "rotation": 180, "texture": "#12"},
				"south": {"uv": [6.59375, 10.8125, 6.96875, 11.0875], "rotation": 180, "texture": "#12"},
				"west": {"uv": [1.5, 1.5, 4.75, 2.9], "rotation": 180, "texture": "#12"},
				"up": {"uv": [1.5, 1.5, 4.75, 2.9], "rotation": 90, "texture": "#12"},
				"down": {"uv": [1.5, 1.5, 4.75, 2.9], "rotation": 270, "texture": "#12"}
			}
		},
		{
			"from": [9.30853, 4.84332, 1.20103],
			"to": [9.47982, 12.06236, 1.51771],
			"rotation": {"angle": 0, "axis": "y", "origin": [4.04407, 5.86685, 1.35937]},
			"faces": {
				"north": {"uv": [1.5, 1.5, 4.75, 2.9], "texture": "#1"},
				"east": {"uv": [1.5, 1.5, 4.75, 2.9], "texture": "#1"},
				"south": {"uv": [1.5, 1.5, 4.75, 2.9], "texture": "#1"},
				"west": {"uv": [4.75, 1.5, 1.5, 2.9], "texture": "#1"},
				"up": {"uv": [4.75, 2.9, 1.5, 1.5], "rotation": 90, "texture": "#1"},
				"down": {"uv": [4.75, 2.9, 1.5, 1.5], "rotation": 270, "texture": "#1"}
			}
		},
		{
			"from": [6.54853, 11.9482, 1.20103],
			"to": [9.46548, 12.63772, 1.51771],
			"rotation": {"angle": 0, "axis": "y", "origin": [10.57994, 5.79296, 1.35937]},
			"faces": {
				"north": {"uv": [4.75, 1.5, 1.5, 2.9], "texture": "#1"},
				"east": {"uv": [1.5, 1.5, 4.75, 2.9], "texture": "#1"},
				"south": {"uv": [4.75, 1.5, 1.5, 2.9], "texture": "#1"},
				"west": {"uv": [4.75, 1.5, 1.5, 2.9], "texture": "#1"},
				"up": {"uv": [4.75, 1.5, 1.5, 2.9], "rotation": 90, "texture": "#1"},
				"down": {"uv": [4.75, 1.5, 1.5, 2.9], "rotation": 270, "texture": "#1"}
			}
		},
		{
			"from": [6.53125, 4.70046, 1.17611],
			"to": [6.60625, 12.44893, 1.17611],
			"rotation": {"angle": 0, "axis": "y", "origin": [0.04374, 0.7497, 2.00111]},
			"faces": {
				"north": {"uv": [15.5625, 0.6875, 15.65625, 6.11875], "texture": "#12"},
				"east": {"uv": [1.5, 1.5, 4.75, 2.9], "rotation": 180, "texture": "#12"},
				"south": {"uv": [6.59375, 10.8125, 6.96875, 11.0875], "rotation": 270, "texture": "#12"},
				"west": {"uv": [1.5, 1.5, 4.75, 2.9], "texture": "#12"},
				"up": {"uv": [1.5, 1.5, 4.75, 2.9], "rotation": 270, "texture": "#12"},
				"down": {"uv": [1.5, 1.5, 4.75, 2.9], "rotation": 270, "texture": "#12"}
			}
		},
		{
			"from": [8.87085, 11.85046, 1.17611],
			"to": [9.47086, 12.44893, 1.17611],
			"rotation": {"angle": 0, "axis": "y", "origin": [14.60836, 0.7497, 2.00111]},
			"faces": {
				"north": {"uv": [2.41563, 13.98672, 3.71875, 15.14375], "texture": "#11"},
				"east": {"uv": [4.75, 1.5, 1.5, 2.9], "texture": "#11"},
				"south": {"uv": [6.59375, 11.0875, 6.96875, 10.8125], "rotation": 270, "texture": "#11"},
				"west": {"uv": [4.75, 1.5, 1.5, 2.9], "rotation": 180, "texture": "#11"},
				"up": {"uv": [1.5, 2.9, 4.75, 1.5], "rotation": 270, "texture": "#11"},
				"down": {"uv": [1.5, 2.9, 4.75, 1.5], "rotation": 270, "texture": "#11"}
			}
		},
		{
			"from": [9.38125, 4.70046, 1.17611],
			"to": [9.48125, 11.99893, 1.17611],
			"rotation": {"angle": 0, "axis": "y", "origin": [0.04374, 0.7497, 2.00111]},
			"faces": {
				"north": {"uv": [15.5625, 0.6875, 15.71875, 6.11875], "texture": "#12"},
				"east": {"uv": [1.5, 1.5, 4.75, 2.9], "rotation": 180, "texture": "#12"},
				"south": {"uv": [6.59375, 10.8125, 6.96875, 11.0875], "rotation": 270, "texture": "#12"},
				"west": {"uv": [1.5, 1.5, 4.75, 2.9], "texture": "#12"},
				"up": {"uv": [1.5, 1.5, 4.75, 2.9], "rotation": 270, "texture": "#12"},
				"down": {"uv": [1.5, 1.5, 4.75, 2.9], "rotation": 270, "texture": "#12"}
			}
		},
		{
			"from": [6.54853, 7.6482, 1.20103],
			"to": [9.41548, 8.16272, 1.51771],
			"rotation": {"angle": 0, "axis": "y", "origin": [10.57994, 5.79296, 1.35937]},
			"faces": {
				"north": {"uv": [4.75, 1.5, 1.5, 2.9], "texture": "#1"},
				"east": {"uv": [1.5, 1.5, 4.75, 2.9], "texture": "#1"},
				"south": {"uv": [4.75, 1.5, 1.5, 2.9], "texture": "#1"},
				"west": {"uv": [4.75, 1.5, 1.5, 2.9], "texture": "#1"},
				"up": {"uv": [4.75, 1.5, 1.5, 2.9], "rotation": 90, "texture": "#1"},
				"down": {"uv": [4.75, 1.5, 1.5, 2.9], "rotation": 270, "texture": "#1"}
			}
		},
		{
			"from": [6.55098, 7.5872, 1.10111],
			"to": [9.41798, 7.8372, 1.10111],
			"rotation": {"angle": 0, "axis": "y", "origin": [19.40625, 10.06082, 1.05945]},
			"faces": {
				"north": {"uv": [15.46875, 0.59375, 15.6875, 6.4625], "rotation": 90, "texture": "#12"},
				"east": {"uv": [1.5, 1.5, 4.75, 2.9], "texture": "#12"},
				"south": {"uv": [6.59375, 10.8125, 6.96875, 11.0875], "texture": "#12"},
				"west": {"uv": [1.5, 1.5, 4.75, 2.9], "texture": "#12"},
				"up": {"uv": [1.5, 1.5, 4.75, 2.9], "rotation": 90, "texture": "#12"},
				"down": {"uv": [1.5, 1.5, 4.75, 2.9], "rotation": 270, "texture": "#12"}
			}
		},
		{
			"from": [6.54853, 4.8482, 1.20103],
			"to": [9.41548, 6.73772, 1.51771],
			"rotation": {"angle": 0, "axis": "y", "origin": [10.57994, 5.79296, 1.35937]},
			"faces": {
				"north": {"uv": [4.75, 1.5, 1.5, 2.9], "texture": "#1"},
				"east": {"uv": [1.5, 1.5, 4.75, 2.9], "texture": "#1"},
				"south": {"uv": [4.75, 1.5, 1.5, 2.9], "texture": "#1"},
				"west": {"uv": [4.75, 1.5, 1.5, 2.9], "texture": "#1"},
				"up": {"uv": [4.75, 1.5, 1.5, 2.9], "rotation": 90, "texture": "#1"},
				"down": {"uv": [4.75, 1.5, 1.5, 2.9], "rotation": 270, "texture": "#1"}
			}
		},
		{
			"from": [6.52497, 7.76411, 1.50263],
			"to": [9.46697, 8.1761, 1.66851],
			"rotation": {"angle": 0, "axis": "y", "origin": [16.46423, 5.41867, 1.35937]},
			"faces": {
				"north": {"uv": [7.75, 0.5, 6.75, 4.4], "texture": "#1"},
				"east": {"uv": [6.75, 0.5, 7.75, 4.4], "texture": "#1"},
				"south": {"uv": [7.75, 0.5, 6.75, 4.4], "texture": "#1"},
				"west": {"uv": [7.75, 0.5, 6.75, 4.4], "texture": "#1"},
				"up": {"uv": [7.75, 0.5, 6.75, 4.4], "rotation": 90, "texture": "#1"},
				"down": {"uv": [7.75, 0.5, 6.75, 4.4], "rotation": 270, "texture": "#1"}
			}
		}
	],
	"display": {
		"thirdperson_righthand": {
			"rotation": [90, 0, 0],
			"translation": [-6.5, -35, 0],
			"scale": [4, 4, 4]
		},
		"firstperson_righthand": {
			"translation": [0, 3.75, -0.25],
			"scale": [4, 4, 4]
		},
		"head": {
			"translation": [0, 66, 0],
			"scale": [4, 4, 4]
		}
	},
	"groups": [
		{
			"name": "group",
			"origin": [13.96668, 5.41867, -1.13818],
			"color": 0,
			"nbt": "{}",
			"armAnimationEnabled": false,
			"children": [0, 1, 2, 3, 4, 5, 6, 7, 8, 9, 10, 11, 12, 13, 14, 15, 16, 17, 18]
		}
	]
}
