{
	"credit": "Bought by McMagic",
	"textures": {
		"0": "custom/rides/monorail_spacer",
		"particle": "custom/rides/monorail_spacer"
	},
	"elements": [
		{
			"from": [10.9502, 0.47116, 5.95383],
			"to": [12.61688, 4.9737, 10.06103],
			"rotation": {"angle": 0, "axis": "y", "origin": [12.70854, 2.90702, 10.31011]},
			"faces": {
				"north": {"uv": [9.0625, 0.8125, 9, 0.6875], "texture": "#0"},
				"east": {"uv": [7.75, 16, 0.25, 8.375], "rotation": 180, "texture": "#0"},
				"south": {"uv": [9.0625, 0.8125, 9, 0.6875], "texture": "#0"},
				"west": {"uv": [0.25, 16, 7.75, 8.375], "rotation": 180, "texture": "#0"},
				"up": {"uv": [9.0625, 0.8125, 9, 0.6875], "texture": "#0"},
				"down": {"uv": [0.1375, 7.625, 7.625, 0], "rotation": 90, "texture": "#0"}
			}
		},
		{
			"from": [12.14881, 3.07807, 5.94743],
			"to": [12.89049, 3.61039, 10.0653],
			"rotation": {"angle": -45, "axis": "z", "origin": [12.83215, 3.44423, 0.09386]},
			"faces": {
				"north": {"uv": [9.0625, 0.8125, 9, 0.6875], "texture": "#0"},
				"east": {"uv": [7.75, 16, 0.25, 10.875], "rotation": 180, "texture": "#0"},
				"south": {"uv": [9.0625, 0.8125, 9, 0.6875], "texture": "#0"},
				"west": {"uv": [1.5, 1.5, 4.75, 2.9], "texture": "#0"},
				"up": {"uv": [1.5, 1.5, 4.75, 2.9], "texture": "#0"},
				"down": {"uv": [1.5, 1.5, 4.75, 2.9], "texture": "#0"}
			}
		},
		{
			"from": [11.24055, 3.72189, 5.94989],
			"to": [12.15723, 5.18641, 10.0521],
			"rotation": {"angle": -22.5, "axis": "z", "origin": [11.99889, 1.53931, 22.63243]},
			"faces": {
				"north": {"uv": [9.0625, 0.8125, 9, 0.6875], "texture": "#0"},
				"east": {"uv": [7.75, 13.25, 0.25, 8.125], "rotation": 180, "texture": "#0"},
				"south": {"uv": [9.0625, 0.8125, 9, 0.6875], "texture": "#0"},
				"west": {"uv": [4.75, 1.5, 1.5, 2.9], "texture": "#0"},
				"up": {"uv": [0, 0, 0, 0], "texture": "#0"},
				"down": {"uv": [1.5, 2.9, 4.75, 1.5], "texture": "#0"}
			}
		},
		{
			"from": [2.44918, 4.8482, 5.94989],
			"to": [13.54086, 12.43772, 10.04658],
			"rotation": {"angle": 0, "axis": "y", "origin": [13.38252, 5.79296, 31.49947]},
			"faces": {
				"north": {"uv": [9.0625, 0.8125, 9, 0.6875], "texture": "#0"},
				"east": {"uv": [16, 0, 7.875, 16], "rotation": 180, "texture": "#0"},
				"south": {"uv": [9.0625, 0.8125, 9, 0.6875], "texture": "#0"},
				"west": {"uv": [7.875, 0, 16, 16], "rotation": 180, "texture": "#0"},
				"up": {"uv": [0, 0, 0, 0], "texture": "#0"},
				"down": {"uv": [4.75, 2.9, 1.5, 1.5], "texture": "#0"}
			}
		},
		{
			"from": [4.26268, 12.39406, 5.94188],
			"to": [11.71668, 13.4513, 10.04326],
			"rotation": {"angle": 0, "axis": "y", "origin": [3.12458, 12.95516, 13.46072]},
			"faces": {
				"north": {"uv": [9.0625, 0.8125, 9, 0.6875], "texture": "#0"},
				"east": {"uv": [4.75, 1.5, 1.5, 2.9], "texture": "#0"},
				"south": {"uv": [9.0625, 0.8125, 9, 0.6875], "texture": "#0"},
				"west": {"uv": [4.75, 1.5, 1.5, 2.9], "texture": "#0"},
				"up": {"uv": [7.75, 1.375, 0, 5.775], "rotation": 90, "texture": "#0"},
				"down": {"uv": [4.75, 1.5, 1.5, 2.9], "texture": "#0"}
			}
		},
		{
			"from": [11.56257, 11.8765, 5.94188],
			"to": [13.06037, 12.99318, 10.04406],
			"rotation": {"angle": -22.5, "axis": "z", "origin": [12.79119, 12.83484, 13.41152]},
			"faces": {
				"north": {"uv": [9.0625, 0.8125, 9, 0.6875], "texture": "#0"},
				"east": {"uv": [4.75, 1.5, 1.5, 2.9], "texture": "#0"},
				"south": {"uv": [9.0625, 0.8125, 9, 0.6875], "texture": "#0"},
				"west": {"uv": [4.75, 1.5, 1.5, 2.9], "texture": "#0"},
				"up": {"uv": [7.875, 8.75, 0.125, 10.65], "rotation": 90, "texture": "#0"},
				"down": {"uv": [4.75, 1.5, 1.5, 2.9], "texture": "#0"}
			}
		},
		{
			"from": [12.98022, 12.24692, 5.94988],
			"to": [13.3969, 12.86973, 10.04406],
			"rotation": {"angle": 45, "axis": "z", "origin": [13.23856, 12.5161, 13.41152]},
			"faces": {
				"north": {"uv": [9.0625, 0.8125, 9, 0.6875], "texture": "#0"},
				"east": {"uv": [0.125, 8.75, 7.875, 10.65], "texture": "#0"},
				"south": {"uv": [9.0625, 0.8125, 9, 0.6875], "texture": "#0"},
				"west": {"uv": [4.75, 1.5, 1.5, 2.9], "texture": "#0"},
				"up": {"uv": [0, 0, 0, 0], "texture": "#0"},
				"down": {"uv": [4.75, 1.5, 1.5, 2.9], "texture": "#0"}
			}
		},
		{
			"from": [3.38312, 0.47116, 5.95383],
			"to": [5.0498, 4.9737, 10.06103],
			"rotation": {"angle": 0, "axis": "y", "origin": [3.29146, 2.90702, 10.31011]},
			"faces": {
				"north": {"uv": [9, 0.8125, 9.0625, 0.6875], "texture": "#0"},
				"east": {"uv": [7.75, 16, 0.25, 8.375], "rotation": 180, "texture": "#0"},
				"south": {"uv": [9, 0.8125, 9.0625, 0.6875], "texture": "#0"},
				"west": {"uv": [0.25, 16, 7.75, 8.375], "rotation": 180, "texture": "#0"},
				"up": {"uv": [9, 0.8125, 9.0625, 0.6875], "texture": "#0"},
				"down": {"uv": [0.1375, 7.625, 7.625, 0], "rotation": 90, "texture": "#0"}
			}
		},
		{
			"from": [3.10951, 3.07807, 5.94743],
			"to": [3.85119, 3.61039, 10.0653],
			"rotation": {"angle": 45, "axis": "z", "origin": [3.16785, 3.44423, 0.09386]},
			"faces": {
				"north": {"uv": [9.0625, 0.8125, 9, 0.6875], "texture": "#0"},
				"east": {"uv": [4.75, 1.5, 1.5, 2.9], "texture": "#0"},
				"south": {"uv": [9.0625, 0.8125, 9, 0.6875], "texture": "#0"},
				"west": {"uv": [0.25, 16, 7.75, 10.875], "rotation": 180, "texture": "#0"},
				"up": {"uv": [4.75, 1.5, 1.5, 2.9], "texture": "#0"},
				"down": {"uv": [4.75, 1.5, 1.5, 2.9], "texture": "#0"}
			}
		},
		{
			"from": [3.84277, 3.72189, 5.94989],
			"to": [4.75945, 5.18641, 10.0521],
			"rotation": {"angle": 22.5, "axis": "z", "origin": [4.00111, 1.53931, 22.63243]},
			"faces": {
				"north": {"uv": [9.0625, 0.8125, 9, 0.6875], "texture": "#0"},
				"east": {"uv": [1.5, 1.5, 4.75, 2.9], "texture": "#0"},
				"south": {"uv": [9.0625, 0.8125, 9, 0.6875], "texture": "#0"},
				"west": {"uv": [0.25, 13.25, 7.75, 8.125], "rotation": 180, "texture": "#0"},
				"up": {"uv": [0, 0, 0, 0], "texture": "#0"},
				"down": {"uv": [4.75, 2.9, 1.5, 1.5], "texture": "#0"}
			}
		},
		{
			"from": [2.6031, 12.24692, 5.94988],
			"to": [3.01978, 12.86973, 10.04406],
			"rotation": {"angle": -45, "axis": "z", "origin": [2.76144, 12.5161, 13.41152]},
			"faces": {
				"north": {"uv": [9.0625, 0.8125, 9, 0.6875], "texture": "#0"},
				"east": {"uv": [1.5, 1.5, 4.75, 2.9], "texture": "#0"},
				"south": {"uv": [9.0625, 0.8125, 9, 0.6875], "texture": "#0"},
				"west": {"uv": [7.875, 8.75, 0.125, 10.65], "texture": "#0"},
				"up": {"uv": [0, 0, 0, 0], "texture": "#0"},
				"down": {"uv": [1.5, 1.5, 4.75, 2.9], "texture": "#0"}
			}
		},
		{
			"from": [2.93963, 12.0265, 5.94188],
			"to": [4.43743, 12.99318, 10.04406],
			"rotation": {"angle": 22.5, "axis": "z", "origin": [3.20881, 12.83484, 13.41152]},
			"faces": {
				"north": {"uv": [9.0625, 0.8125, 9, 0.6875], "texture": "#0"},
				"east": {"uv": [1.5, 1.5, 4.75, 2.9], "texture": "#0"},
				"south": {"uv": [9.0625, 0.8125, 9, 0.6875], "texture": "#0"},
				"west": {"uv": [1.5, 1.5, 4.75, 2.9], "texture": "#0"},
				"up": {"uv": [7.875, 8.75, 0.125, 10.65], "rotation": 90, "texture": "#0"},
				"down": {"uv": [1.5, 1.5, 4.75, 2.9], "texture": "#0"}
			}
		}
	],
	"display": {
		"thirdperson_righthand": {
			"rotation": [90, 0, 0],
			"translation": [-5.75, -2.5, 0],
			"scale": [4, 4, 4]
		},
		"firstperson_righthand": {
			"translation": [0, 3.75, -0.25],
			"scale": [4, 4, 4]
		},
		"head": {
			"translation": [0, 66, 0],
			"scale": [4, 4, 4]
		}
	}
}
