{
	"credit": "Made by Autvmn",
	"textures": {
		"1": "block/iron_block",
		"2": "block/black_terracotta",
		"9": "block/black_stained_glass",
		"11": "custom/rides/monorail_exterior2",
		"12": "custom/rides/monorail_exterior1"
	},
	"elements": [
		{
			"from": [6.58452, 6.73772, 1.11658],
			"to": [9.40147, 7.79332, 1.51771],
			"rotation": {"angle": 0, "axis": "y", "origin": [8, 9.10258, 1.34334]},
			"faces": {
				"north": {"uv": [4.09375, 6.90625, 4.3125, 7.0625], "texture": "#12"},
				"east": {"uv": [4.09375, 6.90625, 4.3125, 7.0625], "texture": "#12"},
				"south": {"uv": [4.09375, 6.90625, 4.3125, 7.0625], "texture": "#12"},
				"west": {"uv": [4.09375, 6.90625, 4.3125, 7.0625], "texture": "#12"},
				"up": {"uv": [4.09375, 6.90625, 4.3125, 7.0625], "texture": "#12"},
				"down": {"uv": [4.09375, 6.90625, 4.3125, 7.0625], "texture": "#12"}
			}
		},
		{
			"from": [6.58202, 6.6622, 1.10111],
			"to": [9.44902, 6.9122, 1.10111],
			"rotation": {"angle": 0, "axis": "y", "origin": [8, 9.10258, 1.34334]},
			"faces": {
				"north": {"uv": [15.46875, 6.4625, 15.6875, 0.59375], "rotation": 90, "texture": "#12"},
				"east": {"uv": [4.75, 1.5, 1.5, 2.9], "texture": "#12"},
				"south": {"uv": [6.96875, 10.8125, 6.59375, 11.0875], "texture": "#12"},
				"west": {"uv": [4.75, 1.5, 1.5, 2.9], "texture": "#12"},
				"up": {"uv": [1.5, 2.9, 4.75, 1.5], "rotation": 90, "texture": "#12"},
				"down": {"uv": [1.5, 2.9, 4.75, 1.5], "rotation": 270, "texture": "#12"}
			}
		},
		{
			"from": [6.53303, 4.999, 1.50263],
			"to": [9.47503, 7.7511, 1.66851],
			"rotation": {"angle": 0, "axis": "y", "origin": [8, 9.10258, 1.34334]},
			"faces": {
				"north": {"uv": [0, 0, 8, 16], "texture": "#2"},
				"east": {"uv": [0, 0, 8, 16], "texture": "#2"},
				"south": {"uv": [0, 0, 8, 16], "texture": "#2"},
				"west": {"uv": [1, 0, 0, 4.9], "texture": "#2"},
				"up": {"uv": [0, 16, 1, 0], "rotation": 90, "texture": "#2"},
				"down": {"uv": [0, 16, 8, 0], "rotation": 270, "texture": "#2"}
			}
		},
		{
			"from": [6.52523, 7.8511, 1.40375],
			"to": [9.44223, 8.38809, 1.56965],
			"rotation": {"angle": 0, "axis": "y", "origin": [8, 9.10258, 1.34334]},
			"faces": {
				"north": {"uv": [16, 0, 0, 2.375], "texture": "#2"},
				"east": {"uv": [0, 15.75, 0, 0], "rotation": 90, "texture": "#2"},
				"south": {"uv": [0, 0, 0, 15.75], "texture": "#2"},
				"west": {"uv": [0, 0, 0, 15.75], "texture": "#2"},
				"up": {"uv": [0, 15.75, 0, 0], "rotation": 90, "texture": "#2"},
				"down": {"uv": [0, 15.75, 0, 0], "rotation": 270, "texture": "#2"}
			}
		},
		{
			"from": [9.21524, 8.36109, 1.40375],
			"to": [9.45223, 12.02809, 1.56965],
			"rotation": {"angle": 0, "axis": "y", "origin": [8, 9.10258, 1.34334]},
			"faces": {
				"north": {"uv": [0, 2.375, 16, 0], "rotation": 90, "texture": "#2"},
				"east": {"uv": [0, 0, 0, 15.75], "texture": "#2"},
				"south": {"uv": [0, 15.75, 0, 0], "rotation": 270, "texture": "#2"},
				"west": {"uv": [0, 0, 0, 15.75], "rotation": 180, "texture": "#2"},
				"up": {"uv": [0, 15.75, 0, 0], "rotation": 270, "texture": "#2"},
				"down": {"uv": [0, 0, 0, 15.75], "texture": "#2"}
			}
		},
		{
			"from": [6.52523, 11.8511, 1.40375],
			"to": [9.44223, 12.08809, 1.56965],
			"rotation": {"angle": 0, "axis": "y", "origin": [8, 9.10258, 1.34334]},
			"faces": {
				"north": {"uv": [16, 0, 0, 2.375], "texture": "#2"},
				"east": {"uv": [0, 15.75, 0, 0], "rotation": 90, "texture": "#2"},
				"south": {"uv": [0, 0, 0, 15.75], "texture": "#2"},
				"west": {"uv": [0, 0, 0, 15.75], "texture": "#2"},
				"up": {"uv": [0, 15.75, 0, 0], "rotation": 90, "texture": "#2"},
				"down": {"uv": [0, 15.75, 0, 0], "rotation": 270, "texture": "#2"}
			}
		},
		{
			"from": [6.51524, 8.36109, 1.40375],
			"to": [6.75222, 12.02809, 1.56965],
			"rotation": {"angle": 0, "axis": "y", "origin": [8, 9.10258, 1.34334]},
			"faces": {
				"north": {"uv": [0, 2.375, 16, 0], "rotation": 90, "texture": "#2"},
				"east": {"uv": [0, 0, 0, 15.75], "texture": "#2"},
				"south": {"uv": [0, 15.75, 0, 0], "rotation": 270, "texture": "#2"},
				"west": {"uv": [0, 0, 0, 15.75], "rotation": 180, "texture": "#2"},
				"up": {"uv": [0, 15.75, 0, 0], "rotation": 270, "texture": "#2"},
				"down": {"uv": [0, 0, 0, 15.75], "texture": "#2"}
			}
		},
		{
			"from": [6.57395, 8.0511, 1.30375],
			"to": [9.44095, 12.03809, 1.46963],
			"rotation": {"angle": 0, "axis": "y", "origin": [8, 9.10258, 1.34334]},
			"faces": {
				"north": {"uv": [16, 6.125, 0, 8.5], "texture": "#9"},
				"east": {"uv": [0, 15.75, 0, 0], "rotation": 90, "texture": "#9"},
				"south": {"uv": [0, 0, 0, 15.75], "texture": "#9"},
				"west": {"uv": [0, 0, 0, 15.75], "texture": "#9"},
				"up": {"uv": [0, 15.75, 0, 0], "rotation": 90, "texture": "#9"},
				"down": {"uv": [0, 15.75, 0, 0], "rotation": 270, "texture": "#9"}
			}
		},
		{
			"from": [9.30645, 4.84332, 1.20103],
			"to": [9.45274, 12.06236, 1.51771],
			"rotation": {"angle": 0, "axis": "y", "origin": [8, 9.10258, 1.34334]},
			"faces": {
				"north": {"uv": [1.5, 1.5, 4.75, 2.9], "texture": "#1"},
				"east": {"uv": [1.5, 1.5, 4.75, 2.9], "texture": "#1"},
				"south": {"uv": [1.5, 1.5, 4.75, 2.9], "texture": "#1"},
				"west": {"uv": [4.75, 1.5, 1.5, 2.9], "texture": "#1"},
				"up": {"uv": [4.75, 2.9, 1.5, 1.5], "rotation": 90, "texture": "#1"},
				"down": {"uv": [4.75, 2.9, 1.5, 1.5], "rotation": 270, "texture": "#1"}
			}
		},
		{
			"from": [6.96952, 12.3747, 1.17611],
			"to": [9.39299, 12.4497, 1.17611],
			"rotation": {"angle": 0, "axis": "y", "origin": [8, 9.10258, 1.34334]},
			"faces": {
				"north": {"uv": [15.5625, 6.11875, 15.71875, 0.6875], "rotation": 90, "texture": "#12"},
				"east": {"uv": [4.75, 1.5, 1.5, 2.9], "rotation": 180, "texture": "#12"},
				"south": {"uv": [6.96875, 10.8125, 6.59375, 11.0875], "rotation": 180, "texture": "#12"},
				"west": {"uv": [4.75, 1.5, 1.5, 2.9], "rotation": 180, "texture": "#12"},
				"up": {"uv": [1.5, 2.9, 4.75, 1.5], "rotation": 90, "texture": "#12"},
				"down": {"uv": [1.5, 2.9, 4.75, 1.5], "rotation": 270, "texture": "#12"}
			}
		},
		{
			"from": [6.52018, 4.84332, 1.20103],
			"to": [6.69147, 12.06236, 1.51771],
			"rotation": {"angle": 0, "axis": "y", "origin": [8, 9.10258, 1.34334]},
			"faces": {
				"north": {"uv": [4.75, 1.5, 1.5, 2.9], "texture": "#1"},
				"east": {"uv": [1.5, 1.5, 4.75, 2.9], "texture": "#1"},
				"south": {"uv": [4.75, 1.5, 1.5, 2.9], "texture": "#1"},
				"west": {"uv": [4.75, 1.5, 1.5, 2.9], "texture": "#1"},
				"up": {"uv": [4.75, 1.5, 1.5, 2.9], "rotation": 90, "texture": "#1"},
				"down": {"uv": [4.75, 1.5, 1.5, 2.9], "rotation": 270, "texture": "#1"}
			}
		},
		{
			"from": [6.53452, 11.9482, 1.20103],
			"to": [9.45147, 12.63772, 1.51771],
			"rotation": {"angle": 0, "axis": "y", "origin": [8, 9.10258, 1.34334]},
			"faces": {
				"north": {"uv": [1.5, 1.5, 4.75, 2.9], "texture": "#1"},
				"east": {"uv": [1.5, 1.5, 4.75, 2.9], "texture": "#1"},
				"south": {"uv": [1.5, 1.5, 4.75, 2.9], "texture": "#1"},
				"west": {"uv": [4.75, 1.5, 1.5, 2.9], "texture": "#1"},
				"up": {"uv": [4.75, 2.9, 1.5, 1.5], "rotation": 90, "texture": "#1"},
				"down": {"uv": [4.75, 2.9, 1.5, 1.5], "rotation": 270, "texture": "#1"}
			}
		},
		{
			"from": [9.39375, 4.70046, 1.17611],
			"to": [9.46875, 12.44893, 1.17611],
			"rotation": {"angle": 0, "axis": "y", "origin": [8, 9.10258, 1.34334]},
			"faces": {
				"north": {"uv": [15.65625, 0.6875, 15.5625, 6.11875], "texture": "#12"},
				"east": {"uv": [4.75, 1.5, 1.5, 2.9], "texture": "#12"},
				"south": {"uv": [6.59375, 11.0875, 6.96875, 10.8125], "rotation": 270, "texture": "#12"},
				"west": {"uv": [4.75, 1.5, 1.5, 2.9], "rotation": 180, "texture": "#12"},
				"up": {"uv": [1.5, 2.9, 4.75, 1.5], "rotation": 270, "texture": "#12"},
				"down": {"uv": [1.5, 2.9, 4.75, 1.5], "rotation": 270, "texture": "#12"}
			}
		},
		{
			"from": [6.52914, 11.85046, 1.17611],
			"to": [7.12915, 12.44893, 1.17611],
			"rotation": {"angle": 0, "axis": "y", "origin": [8, 9.10258, 1.34334]},
			"faces": {
				"north": {"uv": [3.71875, 13.98672, 2.41563, 15.14375], "texture": "#11"},
				"east": {"uv": [1.5, 1.5, 4.75, 2.9], "rotation": 180, "texture": "#11"},
				"south": {"uv": [6.59375, 10.8125, 6.96875, 11.0875], "rotation": 270, "texture": "#11"},
				"west": {"uv": [1.5, 1.5, 4.75, 2.9], "texture": "#11"},
				"up": {"uv": [1.5, 1.5, 4.75, 2.9], "rotation": 270, "texture": "#11"},
				"down": {"uv": [1.5, 1.5, 4.75, 2.9], "rotation": 270, "texture": "#11"}
			}
		},
		{
			"from": [6.51875, 4.70046, 1.17611],
			"to": [6.61875, 11.99893, 1.17611],
			"rotation": {"angle": 0, "axis": "y", "origin": [8, 9.10258, 1.34334]},
			"faces": {
				"north": {"uv": [15.71875, 0.6875, 15.5625, 6.11875], "texture": "#12"},
				"east": {"uv": [4.75, 1.5, 1.5, 2.9], "texture": "#12"},
				"south": {"uv": [6.59375, 11.0875, 6.96875, 10.8125], "rotation": 270, "texture": "#12"},
				"west": {"uv": [4.75, 1.5, 1.5, 2.9], "rotation": 180, "texture": "#12"},
				"up": {"uv": [1.5, 2.9, 4.75, 1.5], "rotation": 270, "texture": "#12"},
				"down": {"uv": [1.5, 2.9, 4.75, 1.5], "rotation": 270, "texture": "#12"}
			}
		},
		{
			"from": [6.58452, 7.6482, 1.20103],
			"to": [9.45147, 8.16272, 1.51771],
			"rotation": {"angle": 0, "axis": "y", "origin": [8, 9.10258, 1.34334]},
			"faces": {
				"north": {"uv": [1.5, 1.5, 4.75, 2.9], "texture": "#1"},
				"east": {"uv": [1.5, 1.5, 4.75, 2.9], "texture": "#1"},
				"south": {"uv": [1.5, 1.5, 4.75, 2.9], "texture": "#1"},
				"west": {"uv": [4.75, 1.5, 1.5, 2.9], "texture": "#1"},
				"up": {"uv": [4.75, 2.9, 1.5, 1.5], "rotation": 90, "texture": "#1"},
				"down": {"uv": [4.75, 2.9, 1.5, 1.5], "rotation": 270, "texture": "#1"}
			}
		},
		{
			"from": [6.58202, 7.5872, 1.10111],
			"to": [9.44902, 7.8372, 1.10111],
			"rotation": {"angle": 0, "axis": "y", "origin": [8, 9.10258, 1.34334]},
			"faces": {
				"north": {"uv": [15.46875, 6.4625, 15.6875, 0.59375], "rotation": 90, "texture": "#12"},
				"east": {"uv": [4.75, 1.5, 1.5, 2.9], "texture": "#12"},
				"south": {"uv": [6.96875, 10.8125, 6.59375, 11.0875], "texture": "#12"},
				"west": {"uv": [4.75, 1.5, 1.5, 2.9], "texture": "#12"},
				"up": {"uv": [1.5, 2.9, 4.75, 1.5], "rotation": 90, "texture": "#12"},
				"down": {"uv": [1.5, 2.9, 4.75, 1.5], "rotation": 270, "texture": "#12"}
			}
		},
		{
			"from": [6.58452, 4.8482, 1.20103],
			"to": [9.45147, 6.73772, 1.51771],
			"rotation": {"angle": 0, "axis": "y", "origin": [8, 9.10258, 1.34334]},
			"faces": {
				"north": {"uv": [1.5, 1.5, 4.75, 2.9], "texture": "#1"},
				"east": {"uv": [1.5, 1.5, 4.75, 2.9], "texture": "#1"},
				"south": {"uv": [1.5, 1.5, 4.75, 2.9], "texture": "#1"},
				"west": {"uv": [4.75, 1.5, 1.5, 2.9], "texture": "#1"},
				"up": {"uv": [4.75, 2.9, 1.5, 1.5], "rotation": 90, "texture": "#1"},
				"down": {"uv": [4.75, 2.9, 1.5, 1.5], "rotation": 270, "texture": "#1"}
			}
		},
		{
			"from": [6.53303, 7.76411, 1.50263],
			"to": [9.47503, 8.1761, 1.66851],
			"rotation": {"angle": 0, "axis": "y", "origin": [8, 9.10258, 1.34334]},
			"faces": {
				"north": {"uv": [6.75, 0.5, 7.75, 4.4], "texture": "#1"},
				"east": {"uv": [6.75, 0.5, 7.75, 4.4], "texture": "#1"},
				"south": {"uv": [6.75, 0.5, 7.75, 4.4], "texture": "#1"},
				"west": {"uv": [7.75, 0.5, 6.75, 4.4], "texture": "#1"},
				"up": {"uv": [7.75, 4.4, 6.75, 0.5], "rotation": 90, "texture": "#1"},
				"down": {"uv": [7.75, 4.4, 6.75, 0.5], "rotation": 270, "texture": "#1"}
			}
		}
	],
	"display": {
		"thirdperson_righthand": {
			"rotation": [90, 0, 0],
			"translation": [-6.5, -35, 0],
			"scale": [4, 4, 4]
		},
		"firstperson_righthand": {
			"translation": [0, 3.75, -0.25],
			"scale": [4, 4, 4]
		},
		"head": {
			"translation": [0, 66, 0],
			"scale": [4, 4, 4]
		}
	},
	"groups": [
		{
			"name": "group",
			"origin": [13.96668, 5.41867, -1.13818],
			"color": 0,
			"nbt": "{}",
			"armAnimationEnabled": false,
			"children": [0, 1, 2, 3, 4, 5, 6, 7, 8, 9, 10, 11, 12, 13, 14, 15, 16, 17, 18]
		}
	]
}