{
	"credit": "Made with Blockbench",
	"textures": {
		"0": "custom/ttc/ttc1",
		"particle": "custom/ttc/ttc1"
	},
	"elements": [
		{
			"from": [18.61755, 16.14584, -8],
			"to": [20.61755, 18.74584, -7.5],
			"rotation": {"angle": -22.5, "axis": "z", "origin": [4, 7.18321, -7]},
			"faces": {
				"north": {"uv": [9.844, 7.188, 10.844, 7.782], "texture": "#0"},
				"east": {"uv": [9.75, 6.782, 10.594, 7.282], "texture": "#0"},
				"south": {"uv": [9.875, 6.032, 10.875, 6.844], "texture": "#0"},
				"west": {"uv": [9.375, 6.688, 9.782, 7.594], "texture": "#0"},
				"up": {"uv": [9.844, 7.188, 10.844, 7.438], "texture": "#0"},
				"down": {"uv": [9.625, 7.188, 10.625, 7.438], "texture": "#0"}
			}
		},
		{
			"from": [-3.61755, 16.14584, -8],
			"to": [-1.61755, 18.74584, -7.5],
			"rotation": {"angle": 22.5, "axis": "z", "origin": [13, 7.18321, -7]},
			"faces": {
				"north": {"uv": [10.844, 7.188, 9.844, 7.782], "texture": "#0"},
				"east": {"uv": [10.469, 5.875, 9.625, 6.938], "texture": "#0"},
				"south": {"uv": [10.438, 6.594, 10, 7.282], "texture": "#0"},
				"west": {"uv": [10.219, 6.438, 9.532, 6.688], "texture": "#0"},
				"up": {"uv": [10.75, 7.032, 9.75, 7.282], "texture": "#0"},
				"down": {"uv": [11.032, 6.344, 10.032, 6.594], "texture": "#0"}
			}
		},
		{
			"from": [18.61755, 11.74584, -8],
			"to": [20.61755, 15.54584, -7.5],
			"rotation": {"angle": -22.5, "axis": "z", "origin": [4, 7.18321, -7]},
			"faces": {
				"north": {"uv": [9.844, 10.375, 10.844, 10.688], "texture": "#0"},
				"east": {"uv": [10, 10.25, 10.907, 11.5], "texture": "#0"},
				"south": {"uv": [9.625, 10.844, 10.625, 11.657], "texture": "#0"},
				"west": {"uv": [9.938, 10.688, 10.125, 10.719], "texture": "#0"},
				"up": {"uv": [9.594, 10.375, 10.594, 10.625], "texture": "#0"},
				"down": {"uv": [9.25, 10.625, 10.25, 10.875], "texture": "#0"}
			}
		},
		{
			"from": [-3.61755, 11.74584, -8],
			"to": [-1.61755, 15.54584, -7.5],
			"rotation": {"angle": 22.5, "axis": "z", "origin": [13, 7.18321, -7]},
			"faces": {
				"north": {"uv": [10.844, 10.375, 9.844, 10.688], "texture": "#0"},
				"east": {"uv": [9.938, 10.532, 10.438, 10.532], "texture": "#0"},
				"south": {"uv": [10.75, 10.344, 10.094, 10.844], "texture": "#0"},
				"west": {"uv": [10.782, 9.844, 9.782, 9.938], "texture": "#0"},
				"up": {"uv": [11.282, 10.375, 10.282, 10.625], "texture": "#0"},
				"down": {"uv": [10.125, 10.875, 9.125, 11.125], "texture": "#0"}
			}
		},
		{
			"from": [19.41755, 11.74584, -8],
			"to": [20.61755, 16.04584, -7.5],
			"rotation": {"angle": -22.5, "axis": "z", "origin": [4, 7.18321, -7]},
			"faces": {
				"north": {"uv": [9.844, 10.375, 10.844, 10.688], "texture": "#0"},
				"east": {"uv": [10, 10.25, 10.907, 11.5], "texture": "#0"},
				"south": {"uv": [9.625, 10.844, 10.625, 11.657], "texture": "#0"},
				"west": {"uv": [9.938, 10.688, 10.125, 10.719], "texture": "#0"},
				"up": {"uv": [9.594, 10.375, 10.594, 10.625], "texture": "#0"},
				"down": {"uv": [9.25, 10.625, 10.25, 10.875], "texture": "#0"}
			}
		},
		{
			"from": [-3.61755, 11.74584, -8],
			"to": [-2.41755, 16.04584, -7.5],
			"rotation": {"angle": 22.5, "axis": "z", "origin": [13, 7.18321, -7]},
			"faces": {
				"north": {"uv": [10.844, 10.375, 9.844, 10.688], "texture": "#0"},
				"east": {"uv": [10.438, 9.875, 9.875, 11.188], "texture": "#0"},
				"south": {"uv": [10.688, 10.188, 9.438, 11.125], "texture": "#0"},
				"west": {"uv": [10.5, 10, 9.188, 10.844], "texture": "#0"},
				"up": {"uv": [10.594, 11.032, 9.594, 11.282], "texture": "#0"},
				"down": {"uv": [11.032, 10.532, 10.032, 10.782], "texture": "#0"}
			}
		},
		{
			"from": [1.77744, 11.50643, -8],
			"to": [23.77744, 12.50643, -7.5],
			"rotation": {"angle": 0, "axis": "y", "origin": [4, 7.18321, -7]},
			"faces": {
				"north": {"uv": [9.688, 6.5, 10.688, 7.5], "rotation": 270, "texture": "#0"},
				"east": {"uv": [9.625, 7.188, 10.625, 7.438], "rotation": 90, "texture": "#0"},
				"south": {"uv": [9.875, 6.344, 10.875, 7.344], "rotation": 90, "texture": "#0"},
				"west": {"uv": [9.875, 7.032, 10.875, 7.282], "rotation": 90, "texture": "#0"},
				"up": {"uv": [10.282, 6.532, 10.532, 7.532], "rotation": 90, "texture": "#0"},
				"down": {"uv": [10, 6.594, 10.25, 7.594], "rotation": 90, "texture": "#0"}
			}
		},
		{
			"from": [-6.77744, 11.50643, -8],
			"to": [21.22256, 12.50643, -7.5],
			"rotation": {"angle": 0, "axis": "y", "origin": [13, 7.18321, -7]},
			"faces": {
				"north": {"uv": [9.688, 6.5, 10.688, 7.5], "rotation": 270, "texture": "#0"},
				"east": {"uv": [9.625, 7.188, 10.625, 7.438], "rotation": 90, "texture": "#0"},
				"south": {"uv": [9.875, 6.344, 10.875, 7.344], "rotation": 90, "texture": "#0"},
				"west": {"uv": [9.875, 7.032, 10.875, 7.282], "rotation": 90, "texture": "#0"},
				"up": {"uv": [10.282, 6.532, 10.532, 7.532], "rotation": 90, "texture": "#0"},
				"down": {"uv": [10, 6.594, 10.25, 7.594], "rotation": 90, "texture": "#0"}
			}
		},
		{
			"from": [11.94866, 5.03927, -8],
			"to": [21.09866, 9.03927, -7.5],
			"rotation": {"angle": 0, "axis": "y", "origin": [15.91342, 10.80261, -7]},
			"faces": {
				"north": {"uv": [9.5, 9.625, 10.438, 11.063], "texture": "#0"},
				"east": {"uv": [9.594, 9.594, 9.844, 11.594], "texture": "#0"},
				"south": {"uv": [9.594, 9.782, 10.5, 10.188], "texture": "#0"},
				"west": {"uv": [10.094, 9.438, 10.344, 11.438], "texture": "#0"},
				"up": {"uv": [9.875, 10.594, 10.875, 11.438], "texture": "#0"},
				"down": {"uv": [9.625, 9.532, 10.532, 10.188], "texture": "#0"}
			}
		},
		{
			"from": [-4.09866, 5.03927, -8],
			"to": [13.90134, 8.53927, -7.5],
			"rotation": {"angle": 0, "axis": "y", "origin": [11.08658, 10.80261, -7]},
			"faces": {
				"north": {"uv": [9.5, 9.625, 10.438, 11.063], "texture": "#0"},
				"east": {"uv": [9.594, 9.594, 9.844, 11.594], "texture": "#0"},
				"south": {"uv": [9.594, 9.782, 10.5, 10.188], "texture": "#0"},
				"west": {"uv": [10.094, 9.438, 10.344, 11.438], "texture": "#0"},
				"up": {"uv": [9.875, 10.594, 10.875, 11.438], "texture": "#0"},
				"down": {"uv": [9.625, 9.532, 10.532, 10.188], "texture": "#0"}
			}
		},
		{
			"from": [-3.71988, 6.87212, -8],
			"to": [4.93012, 9.12212, -7.5],
			"rotation": {"angle": 0, "axis": "y", "origin": [11.5, 8.18321, -7]},
			"faces": {
				"north": {"uv": [9.75, 9.719, 11.157, 9.75], "texture": "#0"},
				"east": {"uv": [9.688, 9.5, 9.938, 10.75], "texture": "#0"},
				"south": {"uv": [9.282, 9.5, 10.094, 10.75], "texture": "#0"},
				"west": {"uv": [9.875, 9.782, 10.125, 11.032], "texture": "#0"},
				"up": {"uv": [9.875, 9.532, 10.782, 10.688], "texture": "#0"},
				"down": {"uv": [9.344, 9.375, 10.907, 11.375], "texture": "#0"}
			}
		},
		{
			"from": [11.92968, 9.2718, -8],
			"to": [21.92968, 12.2718, -7.5],
			"rotation": {"angle": 0, "axis": "y", "origin": [14, 7.18321, -7]},
			"faces": {
				"north": {"uv": [9.438, 6.188, 10.875, 6.782], "texture": "#0"},
				"east": {"uv": [10, 6.094, 10.25, 7.594], "texture": "#0"},
				"south": {"uv": [9.282, 6.5, 10.782, 7.344], "texture": "#0"},
				"west": {"uv": [10.282, 6.438, 10.532, 7.938], "texture": "#0"},
				"up": {"uv": [9.938, 6.438, 10.782, 7.125], "texture": "#0"},
				"down": {"uv": [9.438, 6.375, 10.532, 7.313], "texture": "#0"}
			}
		},
		{
			"from": [-4.92968, 9.2718, -8],
			"to": [13.07032, 12.2718, -7.5],
			"rotation": {"angle": 0, "axis": "y", "origin": [13, 7.18321, -7]},
			"faces": {
				"north": {"uv": [9.438, 6.188, 10.875, 6.782], "texture": "#0"},
				"east": {"uv": [10, 6.094, 10.25, 7.594], "texture": "#0"},
				"south": {"uv": [9.282, 6.5, 10.782, 7.344], "texture": "#0"},
				"west": {"uv": [10.282, 6.438, 10.532, 7.938], "texture": "#0"},
				"up": {"uv": [9.938, 6.438, 10.782, 7.125], "texture": "#0"},
				"down": {"uv": [9.438, 6.375, 10.532, 7.313], "texture": "#0"}
			}
		},
		{
			"from": [5.12032, 8.6718, -8],
			"to": [11.87032, 9.3218, -7.5],
			"rotation": {"angle": 0, "axis": "y", "origin": [12.25, 6.43321, -7]},
			"faces": {
				"north": {"uv": [9.438, 6.188, 10.875, 6.782], "texture": "#0"},
				"east": {"uv": [10, 6.094, 10.25, 7.594], "texture": "#0"},
				"south": {"uv": [9.282, 6.5, 10.782, 7.344], "texture": "#0"},
				"west": {"uv": [10.282, 6.438, 10.532, 7.938], "texture": "#0"},
				"up": {"uv": [9.938, 6.438, 10.782, 7.125], "texture": "#0"},
				"down": {"uv": [9.438, 6.375, 10.532, 7.313], "texture": "#0"}
			}
		},
		{
			"from": [11.62032, 8.8718, -8],
			"to": [12.27032, 9.5218, -7.5],
			"rotation": {"angle": 0, "axis": "y", "origin": [12.65, 6.63321, -7]},
			"faces": {
				"north": {"uv": [9.438, 6.188, 10.875, 6.782], "texture": "#0"},
				"east": {"uv": [10, 6.094, 10.25, 7.594], "texture": "#0"},
				"south": {"uv": [9.282, 6.5, 10.782, 7.344], "texture": "#0"},
				"west": {"uv": [10.282, 6.438, 10.532, 7.938], "texture": "#0"},
				"up": {"uv": [9.938, 6.438, 10.782, 7.125], "texture": "#0"},
				"down": {"uv": [9.438, 6.375, 10.532, 7.313], "texture": "#0"}
			}
		},
		{
			"from": [4.77032, 8.8718, -8],
			"to": [5.42032, 9.5218, -7.5],
			"rotation": {"angle": 0, "axis": "y", "origin": [5.8, 6.63321, -7]},
			"faces": {
				"north": {"uv": [9.438, 6.188, 10.875, 6.782], "texture": "#0"},
				"east": {"uv": [10, 6.094, 10.25, 7.594], "texture": "#0"},
				"south": {"uv": [9.282, 6.5, 10.782, 7.344], "texture": "#0"},
				"west": {"uv": [10.282, 6.438, 10.532, 7.938], "texture": "#0"},
				"up": {"uv": [9.938, 6.438, 10.782, 7.125], "texture": "#0"},
				"down": {"uv": [9.438, 6.375, 10.532, 7.313], "texture": "#0"}
			}
		},
		{
			"from": [16.5, 5, -7.9],
			"to": [18.5, 6, -7.6],
			"rotation": {"angle": 45, "axis": "z", "origin": [18, 5.5, -7]},
			"faces": {
				"north": {"uv": [5.782, 13.782, 6.469, 14.032], "texture": "#0"},
				"east": {"uv": [6.438, 13.188, 6.588, 14.688], "texture": "#0"},
				"south": {"uv": [5.625, 13.188, 6.625, 14.688], "texture": "#0"},
				"west": {"uv": [6.938, 13.782, 7.088, 15.282], "texture": "#0"},
				"up": {"uv": [5.782, 14.25, 6.782, 14.4], "texture": "#0"},
				"down": {"uv": [5.782, 14.032, 6.782, 14.182], "texture": "#0"}
			}
		},
		{
			"from": [-1.5, 5, -7.9],
			"to": [0.5, 6, -7.6],
			"rotation": {"angle": -45, "axis": "z", "origin": [-1, 5.5, -7]},
			"faces": {
				"north": {"uv": [5.782, 13.782, 6.469, 14.032], "texture": "#0"},
				"east": {"uv": [6.438, 13.188, 6.588, 14.688], "texture": "#0"},
				"south": {"uv": [5.625, 13.188, 6.625, 14.688], "texture": "#0"},
				"west": {"uv": [6.938, 13.782, 7.088, 15.282], "texture": "#0"},
				"up": {"uv": [5.782, 14.25, 6.782, 14.4], "texture": "#0"},
				"down": {"uv": [5.782, 14.032, 6.782, 14.182], "texture": "#0"}
			}
		},
		{
			"from": [15.29289, 4.08579, -7.9],
			"to": [17.29289, 7.08579, -7.6],
			"rotation": {"angle": 0, "axis": "y", "origin": [16.29289, 4.58579, -7]},
			"faces": {
				"north": {"uv": [5.782, 13.782, 6.469, 14.032], "texture": "#0"},
				"east": {"uv": [6.438, 13.188, 6.588, 14.688], "texture": "#0"},
				"south": {"uv": [5.625, 13.188, 6.625, 14.688], "texture": "#0"},
				"west": {"uv": [6.938, 13.782, 7.088, 15.282], "texture": "#0"},
				"up": {"uv": [5.782, 14.25, 6.782, 14.4], "texture": "#0"},
				"down": {"uv": [5.782, 14.032, 6.782, 14.182], "texture": "#0"}
			}
		},
		{
			"from": [-0.29289, 4.08579, -7.9],
			"to": [1.70711, 7.08579, -7.6],
			"rotation": {"angle": 0, "axis": "y", "origin": [0.70711, 4.58579, -7]},
			"faces": {
				"north": {"uv": [5.782, 13.782, 6.469, 14.032], "texture": "#0"},
				"east": {"uv": [6.438, 13.188, 6.588, 14.688], "texture": "#0"},
				"south": {"uv": [5.625, 13.188, 6.625, 14.688], "texture": "#0"},
				"west": {"uv": [6.938, 13.782, 7.088, 15.282], "texture": "#0"},
				"up": {"uv": [5.782, 14.25, 6.782, 14.4], "texture": "#0"},
				"down": {"uv": [5.782, 14.032, 6.782, 14.182], "texture": "#0"}
			}
		},
		{
			"from": [15, 3, -8],
			"to": [17, 7, -7.5],
			"rotation": {"angle": -45, "axis": "z", "origin": [16, 6, -7]},
			"faces": {
				"north": {"uv": [9.094, 10.25, 11.094, 11.25], "rotation": 90, "texture": "#0"},
				"east": {"uv": [9.188, 10.094, 11.188, 10.344], "rotation": 270, "texture": "#0"},
				"south": {"uv": [9.094, 9.75, 11.094, 10.75], "rotation": 270, "texture": "#0"},
				"west": {"uv": [8.938, 10.375, 10.938, 10.625], "rotation": 270, "texture": "#0"},
				"up": {"uv": [9.782, 10.25, 10.032, 11.25], "rotation": 270, "texture": "#0"},
				"down": {"uv": [10, 10.125, 10.25, 11.125], "rotation": 270, "texture": "#0"}
			}
		},
		{
			"from": [0, 3, -8],
			"to": [2, 7, -7.5],
			"rotation": {"angle": 45, "axis": "z", "origin": [1, 6, -7]},
			"faces": {
				"north": {"uv": [9.094, 10.25, 11.094, 11.25], "rotation": 90, "texture": "#0"},
				"east": {"uv": [9.188, 10.094, 11.188, 10.344], "rotation": 270, "texture": "#0"},
				"south": {"uv": [9.094, 9.75, 11.094, 10.75], "rotation": 270, "texture": "#0"},
				"west": {"uv": [8.938, 10.375, 10.938, 10.625], "rotation": 270, "texture": "#0"},
				"up": {"uv": [9.782, 10.25, 10.032, 11.25], "rotation": 270, "texture": "#0"},
				"down": {"uv": [10, 10.125, 10.25, 11.125], "rotation": 270, "texture": "#0"}
			}
		},
		{
			"from": [6.58579, 3.17157, -8],
			"to": [14.58579, 7.17157, -7.5],
			"rotation": {"angle": 0, "axis": "y", "origin": [13.58579, 4.17157, -7]},
			"faces": {
				"north": {"uv": [9.094, 10.25, 11.094, 11.25], "texture": "#0"},
				"east": {"uv": [9.188, 10.094, 11.188, 10.344], "texture": "#0"},
				"south": {"uv": [9.094, 9.75, 11.094, 10.75], "texture": "#0"},
				"west": {"uv": [8.938, 10.375, 10.938, 10.625], "texture": "#0"},
				"up": {"uv": [9.782, 10.25, 10.032, 11.25], "texture": "#0"},
				"down": {"uv": [10, 10.125, 10.25, 11.125], "texture": "#0"}
			}
		},
		{
			"from": [2.41421, 3.17157, -8],
			"to": [8.41421, 7.17157, -7.5],
			"rotation": {"angle": 0, "axis": "y", "origin": [3.41421, 4.17157, -7]},
			"faces": {
				"north": {"uv": [9.094, 10.25, 11.094, 11.25], "texture": "#0"},
				"east": {"uv": [9.188, 10.094, 11.188, 10.344], "texture": "#0"},
				"south": {"uv": [9.094, 9.75, 11.094, 10.75], "texture": "#0"},
				"west": {"uv": [8.938, 10.375, 10.938, 10.625], "texture": "#0"},
				"up": {"uv": [9.782, 10.25, 10.032, 11.25], "texture": "#0"},
				"down": {"uv": [10, 10.125, 10.25, 11.125], "texture": "#0"}
			}
		},
		{
			"from": [11.75, 11.5, -8],
			"to": [13.75, 13.5, -7.5],
			"rotation": {"angle": 22.5, "axis": "z", "origin": [12.75, 12.5, -7]},
			"faces": {
				"north": {"uv": [9.688, 6.5, 10.688, 7.5], "rotation": 270, "texture": "#0"},
				"east": {"uv": [9.625, 7.188, 10.625, 7.438], "rotation": 90, "texture": "#0"},
				"south": {"uv": [9.875, 6.344, 10.875, 7.344], "rotation": 90, "texture": "#0"},
				"west": {"uv": [9.875, 7.032, 10.875, 7.282], "rotation": 90, "texture": "#0"},
				"up": {"uv": [10.282, 6.532, 10.532, 7.532], "rotation": 90, "texture": "#0"},
				"down": {"uv": [10, 6.594, 10.25, 7.594], "rotation": 90, "texture": "#0"}
			}
		},
		{
			"from": [3.15, 11.5, -8],
			"to": [5.15, 13.5, -7.5],
			"rotation": {"angle": -22.5, "axis": "z", "origin": [4.15, 12.5, -7]},
			"faces": {
				"north": {"uv": [9.688, 6.5, 10.688, 7.5], "texture": "#0"},
				"east": {"uv": [9.625, 7.188, 10.625, 7.438], "texture": "#0"},
				"south": {"uv": [9.875, 6.344, 10.875, 7.344], "texture": "#0"},
				"west": {"uv": [9.875, 7.032, 10.875, 7.282], "texture": "#0"},
				"up": {"uv": [10.282, 6.532, 10.532, 7.532], "texture": "#0"},
				"down": {"uv": [10, 6.594, 10.25, 7.594], "texture": "#0"}
			}
		},
		{
			"name": "hexadecagon",
			"from": [7.05707, 11, -8.3],
			"to": [9.64293, 18, -7.2],
			"rotation": {"angle": -45, "axis": "z", "origin": [8.35, 11.5, -7.75]},
			"faces": {
				"north": {"uv": [14.282, 13.438, 14.677, 14.438], "texture": "#0"},
				"east": {"uv": [13.594, 13.782, 14.144, 14.782], "texture": "#0"},
				"south": {"uv": [13.782, 14.282, 14.177, 15.282], "texture": "#0"},
				"west": {"uv": [14.282, 14.5, 14.832, 15.5], "texture": "#0"},
				"up": {"uv": [13.625, 14, 14.021, 14.55], "texture": "#0"},
				"down": {"uv": [14.625, 14.5, 15.021, 15.05], "texture": "#0"}
			}
		},
		{
			"name": "hexadecagon",
			"from": [7.05707, 13, -8.3],
			"to": [9.64293, 18, -7.2],
			"rotation": {"angle": -22.5, "axis": "z", "origin": [8.35, 11.5, -7.75]},
			"faces": {
				"north": {"uv": [14.282, 13.438, 14.677, 14.438], "texture": "#0"},
				"east": {"uv": [13.594, 13.782, 14.144, 14.782], "texture": "#0"},
				"south": {"uv": [13.782, 14.282, 14.177, 15.282], "texture": "#0"},
				"west": {"uv": [14.282, 14.5, 14.832, 15.5], "texture": "#0"},
				"up": {"uv": [13.625, 14, 14.021, 14.55], "texture": "#0"},
				"down": {"uv": [14.625, 14.5, 15.021, 15.05], "texture": "#0"}
			}
		},
		{
			"name": "hexadecagon",
			"from": [7.05707, 13, -8.3],
			"to": [9.64293, 18, -7.2],
			"rotation": {"angle": 0, "axis": "y", "origin": [8.35, 11.5, -7.75]},
			"faces": {
				"north": {"uv": [14.282, 13.438, 14.677, 14.438], "texture": "#0"},
				"east": {"uv": [13.594, 13.782, 14.144, 14.782], "texture": "#0"},
				"south": {"uv": [13.782, 14.282, 14.177, 15.282], "texture": "#0"},
				"west": {"uv": [14.282, 14.5, 14.832, 15.5], "texture": "#0"},
				"up": {"uv": [13.625, 14, 14.021, 14.55], "texture": "#0"},
				"down": {"uv": [14.625, 14.5, 15.021, 15.05], "texture": "#0"}
			}
		},
		{
			"name": "hexadecagon",
			"from": [7.05707, 13, -8.3],
			"to": [9.64293, 18, -7.2],
			"rotation": {"angle": 22.5, "axis": "z", "origin": [8.35, 11.5, -7.75]},
			"faces": {
				"north": {"uv": [14.282, 13.438, 14.677, 14.438], "texture": "#0"},
				"east": {"uv": [13.594, 13.782, 14.144, 14.782], "texture": "#0"},
				"south": {"uv": [13.782, 14.282, 14.177, 15.282], "texture": "#0"},
				"west": {"uv": [14.282, 14.5, 14.832, 15.5], "texture": "#0"},
				"up": {"uv": [13.625, 14, 14.021, 14.55], "texture": "#0"},
				"down": {"uv": [14.625, 14.5, 15.021, 15.05], "texture": "#0"}
			}
		},
		{
			"name": "hexadecagon",
			"from": [4.93575, 10.12132, -8.3],
			"to": [7.52161, 17.12132, -7.2],
			"rotation": {"angle": 45, "axis": "z", "origin": [6.22868, 13.62132, -7.75]},
			"faces": {
				"north": {"uv": [14.282, 13.438, 14.677, 14.438], "texture": "#0"},
				"east": {"uv": [13.594, 13.782, 14.144, 14.782], "texture": "#0"},
				"south": {"uv": [13.782, 14.282, 14.177, 15.282], "texture": "#0"},
				"west": {"uv": [14.282, 14.5, 14.832, 15.5], "texture": "#0"},
				"up": {"uv": [13.625, 14, 14.021, 14.55], "texture": "#0"},
				"down": {"uv": [14.625, 14.5, 15.021, 15.05], "texture": "#0"}
			}
		},
		{
			"from": [8.828, 10.73982, -8.3],
			"to": [9.62, 12.73982, -7.2],
			"rotation": {"angle": -45, "axis": "z", "origin": [7.69591, 11.73982, -7.75]},
			"faces": {
				"north": {"uv": [14.282, 13.438, 14.677, 14.438], "texture": "#0"},
				"east": {"uv": [13.594, 13.782, 14.144, 14.782], "texture": "#0"},
				"south": {"uv": [13.782, 14.282, 14.177, 15.282], "texture": "#0"},
				"west": {"uv": [14.282, 14.5, 14.832, 15.5], "texture": "#0"},
				"up": {"uv": [13.625, 14, 14.021, 14.55], "texture": "#0"},
				"down": {"uv": [14.625, 14.5, 15.021, 15.05], "texture": "#0"}
			}
		},
		{
			"from": [-5.7, 9, -8.05],
			"to": [4.6, 9.5, -7.45],
			"rotation": {"angle": 0, "axis": "y", "origin": [10.3, 25, 7.95]},
			"faces": {
				"north": {"uv": [6.594, 10.125, 7.182, 11.375], "texture": "#0"},
				"east": {"uv": [6.282, 9.938, 6.582, 10.188], "texture": "#0"},
				"south": {"uv": [6.782, 10.532, 6.782, 11.125], "texture": "#0"},
				"west": {"uv": [5.875, 10.532, 6.175, 10.782], "texture": "#0"},
				"up": {"uv": [6.875, 11, 7.432, 11.144], "texture": "#0"},
				"down": {"uv": [6.844, 10.25, 6.844, 11.488], "texture": "#0"}
			}
		},
		{
			"from": [12.4, 9, -8.05],
			"to": [22.7, 9.5, -7.45],
			"rotation": {"angle": 0, "axis": "y", "origin": [6.7, 25, 7.95]},
			"faces": {
				"north": {"uv": [7.182, 10.125, 6.594, 11.375], "texture": "#0"},
				"east": {"uv": [6.175, 10.532, 5.875, 10.782], "texture": "#0"},
				"south": {"uv": [6.782, 10.532, 6.782, 11.125], "texture": "#0"},
				"west": {"uv": [6.582, 9.938, 6.282, 10.188], "texture": "#0"},
				"up": {"uv": [7.432, 11, 6.875, 11.144], "texture": "#0"},
				"down": {"uv": [6.844, 10.25, 6.844, 11.488], "texture": "#0"}
			}
		},
		{
			"from": [22.59291, 8.96163, -8.05],
			"to": [22.89291, 9.46163, -7.45],
			"rotation": {"angle": -22.5, "axis": "z", "origin": [22.74291, 9.21163, -7.75]},
			"faces": {
				"north": {"uv": [7.182, 10.125, 6.594, 11.375], "texture": "#0"},
				"east": {"uv": [6.175, 10.532, 5.875, 10.782], "texture": "#0"},
				"south": {"uv": [6.782, 10.532, 6.782, 11.125], "texture": "#0"},
				"west": {"uv": [6.582, 9.938, 6.282, 10.188], "texture": "#0"},
				"up": {"uv": [7.432, 11, 6.875, 11.144], "texture": "#0"},
				"down": {"uv": [6.844, 10.25, 6.844, 11.488], "texture": "#0"}
			}
		},
		{
			"from": [-5.89291, 8.96163, -8.05],
			"to": [-5.59291, 9.46163, -7.45],
			"rotation": {"angle": 22.5, "axis": "z", "origin": [-5.74291, 9.21163, -7.75]},
			"faces": {
				"north": {"uv": [7.182, 10.125, 6.594, 11.375], "texture": "#0"},
				"east": {"uv": [6.175, 10.532, 5.875, 10.782], "texture": "#0"},
				"south": {"uv": [6.782, 10.532, 6.782, 11.125], "texture": "#0"},
				"west": {"uv": [6.582, 9.938, 6.282, 10.188], "texture": "#0"},
				"up": {"uv": [7.432, 11, 6.875, 11.144], "texture": "#0"},
				"down": {"uv": [6.844, 10.25, 6.844, 11.488], "texture": "#0"}
			}
		},
		{
			"from": [7.53431, 8.22721, -8.05],
			"to": [11.83431, 8.72721, -7.45],
			"rotation": {"angle": 0, "axis": "y", "origin": [-4.16569, 24.22721, 7.95]},
			"faces": {
				"north": {"uv": [7.182, 10.125, 6.594, 11.375], "texture": "#0"},
				"east": {"uv": [6.175, 10.532, 5.875, 10.782], "texture": "#0"},
				"south": {"uv": [6.782, 10.532, 6.782, 11.125], "texture": "#0"},
				"west": {"uv": [6.582, 9.938, 6.282, 10.188], "texture": "#0"},
				"up": {"uv": [7.432, 11, 6.875, 11.144], "texture": "#0"},
				"down": {"uv": [6.844, 10.25, 6.844, 11.488], "texture": "#0"}
			}
		},
		{
			"from": [5.16569, 8.22721, -8.05],
			"to": [9.46569, 8.72721, -7.45],
			"rotation": {"angle": 0, "axis": "y", "origin": [-6.53431, 24.22721, 7.95]},
			"faces": {
				"north": {"uv": [7.182, 10.125, 6.594, 11.375], "texture": "#0"},
				"east": {"uv": [6.175, 10.532, 5.875, 10.782], "texture": "#0"},
				"south": {"uv": [6.782, 10.532, 6.782, 11.125], "texture": "#0"},
				"west": {"uv": [6.582, 9.938, 6.282, 10.188], "texture": "#0"},
				"up": {"uv": [7.432, 11, 6.875, 11.144], "texture": "#0"},
				"down": {"uv": [6.844, 10.25, 6.844, 11.488], "texture": "#0"}
			}
		},
		{
			"from": [4.23284, 8.6136, -8.05],
			"to": [5.53284, 9.1136, -7.45],
			"rotation": {"angle": -45, "axis": "z", "origin": [4.88284, 8.8636, -7.75]},
			"faces": {
				"north": {"uv": [6.594, 10.125, 7.182, 11.375], "texture": "#0"},
				"east": {"uv": [6.282, 9.938, 6.582, 10.188], "texture": "#0"},
				"south": {"uv": [6.782, 10.532, 6.782, 11.125], "texture": "#0"},
				"west": {"uv": [5.875, 10.532, 6.175, 10.782], "texture": "#0"},
				"up": {"uv": [6.875, 11, 7.432, 11.144], "texture": "#0"},
				"down": {"uv": [6.844, 10.25, 6.844, 11.488], "texture": "#0"}
			}
		},
		{
			"from": [11.46716, 8.6136, -8.05],
			"to": [12.76716, 9.1136, -7.45],
			"rotation": {"angle": 45, "axis": "z", "origin": [12.11716, 8.8636, -7.75]},
			"faces": {
				"north": {"uv": [7.182, 10.125, 6.594, 11.375], "texture": "#0"},
				"east": {"uv": [6.175, 10.532, 5.875, 10.782], "texture": "#0"},
				"south": {"uv": [6.782, 10.532, 6.782, 11.125], "texture": "#0"},
				"west": {"uv": [6.582, 9.938, 6.282, 10.188], "texture": "#0"},
				"up": {"uv": [7.432, 11, 6.875, 11.144], "texture": "#0"},
				"down": {"uv": [6.844, 10.25, 6.844, 11.488], "texture": "#0"}
			}
		},
		{
			"from": [12.30993, 6.76774, -8.15],
			"to": [14.30993, 14.91774, -7.35],
			"rotation": {"angle": -45, "axis": "z", "origin": [13.30993, 14.76774, -6.75]},
			"faces": {
				"north": {"uv": [12.75, 9.594, 14.344, 11.419], "texture": "#0"},
				"east": {"uv": [13.188, 10.375, 14.9, 11.357], "texture": "#0"},
				"south": {"uv": [13.688, 10.032, 15, 10.95], "texture": "#0"},
				"west": {"uv": [14, 11.282, 14.994, 11.282], "texture": "#0"},
				"up": {"uv": [13.25, 11, 14.25, 11.4], "texture": "#0"},
				"down": {"uv": [13.282, 10.188, 14.282, 10.588], "texture": "#0"}
			}
		},
		{
			"from": [2.41043, 6.76774, -8.15],
			"to": [4.41043, 14.91774, -7.35],
			"rotation": {"angle": 45, "axis": "z", "origin": [3.41043, 14.76774, -6.75]},
			"faces": {
				"north": {"uv": [12.75, 9.594, 14.344, 11.419], "texture": "#0"},
				"east": {"uv": [13.188, 10.375, 14.9, 11.357], "texture": "#0"},
				"south": {"uv": [13.688, 10.032, 15, 10.95], "texture": "#0"},
				"west": {"uv": [14, 11.282, 14.994, 11.282], "texture": "#0"},
				"up": {"uv": [13.25, 11, 14.25, 11.4], "texture": "#0"},
				"down": {"uv": [13.282, 10.188, 14.282, 10.588], "texture": "#0"}
			}
		},
		{
			"name": "hexadecagon",
			"from": [7.05707, 17.65, -8.2],
			"to": [9.64293, 18.65, -7.3],
			"rotation": {"angle": -45, "axis": "z", "origin": [8.35, 12.15, -7.55]},
			"faces": {
				"north": {"uv": [13.532, 6.282, 14.532, 7.282], "texture": "#0"},
				"east": {"uv": [14.032, 6.375, 15.032, 7.375], "texture": "#0"},
				"south": {"uv": [12.782, 6.188, 13.782, 7.188], "texture": "#0"},
				"west": {"uv": [14.375, 6.032, 15.375, 7.032], "texture": "#0"},
				"up": {"uv": [13.282, 6.094, 14.282, 7.094], "texture": "#0"},
				"down": {"uv": [13.625, 6.344, 14.625, 7.344], "texture": "#0"}
			}
		},
		{
			"name": "hexadecagon",
			"from": [7.05707, 17.65, -8.2],
			"to": [9.64293, 18.65, -7.3],
			"rotation": {"angle": -22.5, "axis": "z", "origin": [8.35, 12.15, -7.55]},
			"faces": {
				"north": {"uv": [13.532, 6.282, 14.532, 7.282], "texture": "#0"},
				"east": {"uv": [14.032, 6.375, 15.032, 7.375], "texture": "#0"},
				"south": {"uv": [12.782, 6.188, 13.782, 7.188], "texture": "#0"},
				"west": {"uv": [14.375, 6.032, 15.375, 7.032], "texture": "#0"},
				"up": {"uv": [13.282, 6.094, 14.282, 7.094], "texture": "#0"},
				"down": {"uv": [13.625, 6.344, 14.625, 7.344], "texture": "#0"}
			}
		},
		{
			"name": "hexadecagon",
			"from": [7.05707, 17.65, -8.2],
			"to": [9.64293, 18.65, -7.3],
			"rotation": {"angle": 0, "axis": "y", "origin": [8.35, 12.15, -7.55]},
			"faces": {
				"north": {"uv": [13.532, 6.282, 14.532, 7.282], "texture": "#0"},
				"east": {"uv": [14.032, 6.375, 15.032, 7.375], "texture": "#0"},
				"south": {"uv": [12.782, 6.188, 13.782, 7.188], "texture": "#0"},
				"west": {"uv": [14.375, 6.032, 15.375, 7.032], "texture": "#0"},
				"up": {"uv": [13.282, 6.094, 14.282, 7.094], "texture": "#0"},
				"down": {"uv": [13.625, 6.344, 14.625, 7.344], "texture": "#0"}
			}
		},
		{
			"name": "hexadecagon",
			"from": [7.05707, 17.65, -8.2],
			"to": [9.64293, 18.65, -7.3],
			"rotation": {"angle": 22.5, "axis": "z", "origin": [8.35, 12.15, -7.55]},
			"faces": {
				"north": {"uv": [13.532, 6.282, 14.532, 7.282], "texture": "#0"},
				"east": {"uv": [14.032, 6.375, 15.032, 7.375], "texture": "#0"},
				"south": {"uv": [12.782, 6.188, 13.782, 7.188], "texture": "#0"},
				"west": {"uv": [14.375, 6.032, 15.375, 7.032], "texture": "#0"},
				"up": {"uv": [13.282, 6.094, 14.282, 7.094], "texture": "#0"},
				"down": {"uv": [13.625, 6.344, 14.625, 7.344], "texture": "#0"}
			}
		},
		{
			"name": "hexadecagon",
			"from": [7.05707, 17.65, -8.2],
			"to": [9.64293, 18.65, -7.3],
			"rotation": {"angle": 45, "axis": "z", "origin": [8.35, 12.15, -7.55]},
			"faces": {
				"north": {"uv": [13.532, 6.282, 14.532, 7.282], "texture": "#0"},
				"east": {"uv": [14.032, 6.375, 15.032, 7.375], "texture": "#0"},
				"south": {"uv": [12.782, 6.188, 13.782, 7.188], "texture": "#0"},
				"west": {"uv": [14.375, 6.032, 15.375, 7.032], "texture": "#0"},
				"up": {"uv": [13.282, 6.094, 14.282, 7.094], "texture": "#0"},
				"down": {"uv": [13.625, 6.344, 14.625, 7.344], "texture": "#0"}
			}
		},
		{
			"from": [9.4, 3, -7.95],
			"to": [11.4, 5, -7.55],
			"rotation": {"angle": -22.5, "axis": "z", "origin": [10.4, 4, -7]},
			"faces": {
				"north": {"uv": [10, 14.032, 11, 15.032], "texture": "#0"},
				"east": {"uv": [10.032, 14.188, 10.232, 15.188], "texture": "#0"},
				"south": {"uv": [10.438, 14.782, 11.438, 15.782], "texture": "#0"},
				"west": {"uv": [9.844, 14.25, 10.044, 15.25], "texture": "#0"},
				"up": {"uv": [9.438, 13.844, 10.438, 14.044], "texture": "#0"},
				"down": {"uv": [9.594, 13.938, 10.594, 14.138], "texture": "#0"}
			}
		},
		{
			"from": [5.58239, 3, -7.95],
			"to": [7.58239, 5, -7.55],
			"rotation": {"angle": 22.5, "axis": "z", "origin": [6.58239, 4, -7]},
			"faces": {
				"north": {"uv": [10, 14.032, 11, 15.032], "texture": "#0"},
				"east": {"uv": [10.032, 14.188, 10.232, 15.188], "texture": "#0"},
				"south": {"uv": [10.438, 14.782, 11.438, 15.782], "texture": "#0"},
				"west": {"uv": [9.844, 14.25, 10.044, 15.25], "texture": "#0"},
				"up": {"uv": [9.438, 13.844, 10.438, 14.044], "texture": "#0"},
				"down": {"uv": [9.594, 13.938, 10.594, 14.138], "texture": "#0"}
			}
		},
		{
			"from": [6.0412, 2.69344, -7.95],
			"to": [10.9412, 4.69344, -7.55],
			"rotation": {"angle": 0, "axis": "y", "origin": [7.0412, 3.69344, -7]},
			"faces": {
				"north": {"uv": [10, 14.032, 11, 15.032], "texture": "#0"},
				"east": {"uv": [10.032, 14.188, 10.232, 15.188], "texture": "#0"},
				"south": {"uv": [10.438, 14.782, 11.438, 15.782], "texture": "#0"},
				"west": {"uv": [9.844, 14.25, 10.044, 15.25], "texture": "#0"},
				"up": {"uv": [9.438, 13.844, 10.438, 14.044], "texture": "#0"},
				"down": {"uv": [9.594, 13.938, 10.594, 14.138], "texture": "#0"}
			}
		},
		{
			"name": "hexadecagon",
			"from": [8.10218, 11.5, -8.35],
			"to": [8.89782, 15.5, -7.15],
			"rotation": {"angle": -45, "axis": "z", "origin": [8.5, 13.5, -8.1]},
			"faces": {
				"north": {"uv": [13.594, 3.032, 14.594, 4.032], "texture": "#0"},
				"east": {"uv": [13.188, 3.188, 14.188, 4.188], "texture": "#0"},
				"south": {"uv": [13.25, 3.375, 14.25, 4.375], "texture": "#0"},
				"west": {"uv": [13.125, 3.282, 14.125, 4.282], "texture": "#0"},
				"up": {"uv": [12.844, 2.875, 13.844, 3.875], "texture": "#0"},
				"down": {"uv": [13.5, 2.938, 14.5, 3.938], "texture": "#0"}
			}
		},
		{
			"name": "hexadecagon",
			"from": [8.10218, 11.5, -8.35],
			"to": [8.89782, 15.5, -7.15],
			"rotation": {"angle": -22.5, "axis": "z", "origin": [8.5, 13.5, -8.1]},
			"faces": {
				"north": {"uv": [13.594, 3.032, 14.594, 4.032], "texture": "#0"},
				"east": {"uv": [13.188, 3.188, 14.188, 4.188], "texture": "#0"},
				"south": {"uv": [13.25, 3.375, 14.25, 4.375], "texture": "#0"},
				"west": {"uv": [13.125, 3.282, 14.125, 4.282], "texture": "#0"},
				"up": {"uv": [12.844, 2.875, 13.844, 3.875], "texture": "#0"},
				"down": {"uv": [13.5, 2.938, 14.5, 3.938], "texture": "#0"}
			}
		},
		{
			"name": "hexadecagon",
			"from": [8.10218, 11.5, -8.35],
			"to": [8.89782, 15.5, -7.15],
			"rotation": {"angle": 0, "axis": "y", "origin": [8.5, 13.5, -8.1]},
			"faces": {
				"north": {"uv": [13.594, 3.032, 14.594, 4.032], "texture": "#0"},
				"east": {"uv": [13.188, 3.188, 14.188, 4.188], "texture": "#0"},
				"south": {"uv": [13.25, 3.375, 14.25, 4.375], "texture": "#0"},
				"west": {"uv": [13.125, 3.282, 14.125, 4.282], "texture": "#0"},
				"up": {"uv": [12.844, 2.875, 13.844, 3.875], "texture": "#0"},
				"down": {"uv": [13.5, 2.938, 14.5, 3.938], "texture": "#0"}
			}
		},
		{
			"name": "hexadecagon",
			"from": [8.10218, 11.5, -8.35],
			"to": [8.89782, 15.5, -7.15],
			"rotation": {"angle": 22.5, "axis": "z", "origin": [8.5, 13.5, -8.1]},
			"faces": {
				"north": {"uv": [13.594, 3.032, 14.594, 4.032], "texture": "#0"},
				"east": {"uv": [13.188, 3.188, 14.188, 4.188], "texture": "#0"},
				"south": {"uv": [13.25, 3.375, 14.25, 4.375], "texture": "#0"},
				"west": {"uv": [13.125, 3.282, 14.125, 4.282], "texture": "#0"},
				"up": {"uv": [12.844, 2.875, 13.844, 3.875], "texture": "#0"},
				"down": {"uv": [13.5, 2.938, 14.5, 3.938], "texture": "#0"}
			}
		},
		{
			"name": "hexadecagon",
			"from": [8.10218, 11.5, -8.35],
			"to": [8.89782, 15.5, -7.15],
			"rotation": {"angle": 45, "axis": "z", "origin": [8.5, 13.5, -8.1]},
			"faces": {
				"north": {"uv": [13.594, 3.032, 14.594, 4.032], "texture": "#0"},
				"east": {"uv": [13.188, 3.188, 14.188, 4.188], "texture": "#0"},
				"south": {"uv": [13.25, 3.375, 14.25, 4.375], "texture": "#0"},
				"west": {"uv": [13.125, 3.282, 14.125, 4.282], "texture": "#0"},
				"up": {"uv": [12.844, 2.875, 13.844, 3.875], "texture": "#0"},
				"down": {"uv": [13.5, 2.938, 14.5, 3.938], "texture": "#0"}
			}
		},
		{
			"name": "hexadecagon",
			"from": [6.5, 13.10218, -8.35],
			"to": [10.5, 13.89782, -7.15],
			"rotation": {"angle": -22.5, "axis": "z", "origin": [8.5, 13.5, -8.1]},
			"faces": {
				"north": {"uv": [13.594, 3.032, 14.594, 4.032], "texture": "#0"},
				"east": {"uv": [13.188, 3.188, 14.188, 4.188], "texture": "#0"},
				"south": {"uv": [13.25, 3.375, 14.25, 4.375], "texture": "#0"},
				"west": {"uv": [13.125, 3.282, 14.125, 4.282], "texture": "#0"},
				"up": {"uv": [12.844, 2.875, 13.844, 3.875], "texture": "#0"},
				"down": {"uv": [13.5, 2.938, 14.5, 3.938], "texture": "#0"}
			}
		},
		{
			"name": "hexadecagon",
			"from": [6.5, 13.10218, -8.35],
			"to": [10.5, 13.89782, -7.15],
			"rotation": {"angle": 0, "axis": "y", "origin": [8.5, 13.5, -8.1]},
			"faces": {
				"north": {"uv": [13.594, 3.032, 14.594, 4.032], "texture": "#0"},
				"east": {"uv": [13.188, 3.188, 14.188, 4.188], "texture": "#0"},
				"south": {"uv": [13.25, 3.375, 14.25, 4.375], "texture": "#0"},
				"west": {"uv": [13.125, 3.282, 14.125, 4.282], "texture": "#0"},
				"up": {"uv": [12.844, 2.875, 13.844, 3.875], "texture": "#0"},
				"down": {"uv": [13.5, 2.938, 14.5, 3.938], "texture": "#0"}
			}
		},
		{
			"name": "hexadecagon",
			"from": [6.5, 13.10218, -8.35],
			"to": [10.5, 13.89782, -7.15],
			"rotation": {"angle": 22.5, "axis": "z", "origin": [8.5, 13.5, -8.1]},
			"faces": {
				"north": {"uv": [13.594, 3.032, 14.594, 4.032], "texture": "#0"},
				"east": {"uv": [13.188, 3.188, 14.188, 4.188], "texture": "#0"},
				"south": {"uv": [13.25, 3.375, 14.25, 4.375], "texture": "#0"},
				"west": {"uv": [13.125, 3.282, 14.125, 4.282], "texture": "#0"},
				"up": {"uv": [12.844, 2.875, 13.844, 3.875], "texture": "#0"},
				"down": {"uv": [13.5, 2.938, 14.5, 3.938], "texture": "#0"}
			}
		},
		{
			"name": "hexadecagon",
			"from": [10.25136, 14.25, -8.35],
			"to": [10.74864, 16.75, -7.15],
			"rotation": {"angle": -45, "axis": "z", "origin": [10.5, 15.5, -8.1]},
			"faces": {
				"north": {"uv": [13.594, 3.032, 14.594, 4.032], "texture": "#0"},
				"east": {"uv": [13.188, 3.188, 14.188, 4.188], "texture": "#0"},
				"south": {"uv": [13.25, 3.375, 14.25, 4.375], "texture": "#0"},
				"west": {"uv": [13.125, 3.282, 14.125, 4.282], "texture": "#0"},
				"up": {"uv": [12.844, 2.875, 13.844, 3.875], "texture": "#0"},
				"down": {"uv": [13.5, 2.938, 14.5, 3.938], "texture": "#0"}
			}
		},
		{
			"name": "hexadecagon",
			"from": [10.25136, 14.25, -8.35],
			"to": [10.74864, 16.75, -7.15],
			"rotation": {"angle": -22.5, "axis": "z", "origin": [10.5, 15.5, -8.1]},
			"faces": {
				"north": {"uv": [13.594, 3.032, 14.594, 4.032], "texture": "#0"},
				"east": {"uv": [13.188, 3.188, 14.188, 4.188], "texture": "#0"},
				"south": {"uv": [13.25, 3.375, 14.25, 4.375], "texture": "#0"},
				"west": {"uv": [13.125, 3.282, 14.125, 4.282], "texture": "#0"},
				"up": {"uv": [12.844, 2.875, 13.844, 3.875], "texture": "#0"},
				"down": {"uv": [13.5, 2.938, 14.5, 3.938], "texture": "#0"}
			}
		},
		{
			"name": "hexadecagon",
			"from": [10.25136, 14.25, -8.35],
			"to": [10.74864, 16.75, -7.15],
			"rotation": {"angle": 0, "axis": "y", "origin": [10.5, 15.5, -8.1]},
			"faces": {
				"north": {"uv": [13.594, 3.032, 14.594, 4.032], "texture": "#0"},
				"east": {"uv": [13.188, 3.188, 14.188, 4.188], "texture": "#0"},
				"south": {"uv": [13.25, 3.375, 14.25, 4.375], "texture": "#0"},
				"west": {"uv": [13.125, 3.282, 14.125, 4.282], "texture": "#0"},
				"up": {"uv": [12.844, 2.875, 13.844, 3.875], "texture": "#0"},
				"down": {"uv": [13.5, 2.938, 14.5, 3.938], "texture": "#0"}
			}
		},
		{
			"name": "hexadecagon",
			"from": [10.25136, 14.25, -8.35],
			"to": [10.74864, 16.75, -7.15],
			"rotation": {"angle": 22.5, "axis": "z", "origin": [10.5, 15.5, -8.1]},
			"faces": {
				"north": {"uv": [13.594, 3.032, 14.594, 4.032], "texture": "#0"},
				"east": {"uv": [13.188, 3.188, 14.188, 4.188], "texture": "#0"},
				"south": {"uv": [13.25, 3.375, 14.25, 4.375], "texture": "#0"},
				"west": {"uv": [13.125, 3.282, 14.125, 4.282], "texture": "#0"},
				"up": {"uv": [12.844, 2.875, 13.844, 3.875], "texture": "#0"},
				"down": {"uv": [13.5, 2.938, 14.5, 3.938], "texture": "#0"}
			}
		},
		{
			"name": "hexadecagon",
			"from": [10.25136, 14.25, -8.35],
			"to": [10.74864, 16.75, -7.15],
			"rotation": {"angle": 45, "axis": "z", "origin": [10.5, 15.5, -8.1]},
			"faces": {
				"north": {"uv": [13.594, 3.032, 14.594, 4.032], "texture": "#0"},
				"east": {"uv": [13.188, 3.188, 14.188, 4.188], "texture": "#0"},
				"south": {"uv": [13.25, 3.375, 14.25, 4.375], "texture": "#0"},
				"west": {"uv": [13.125, 3.282, 14.125, 4.282], "texture": "#0"},
				"up": {"uv": [12.844, 2.875, 13.844, 3.875], "texture": "#0"},
				"down": {"uv": [13.5, 2.938, 14.5, 3.938], "texture": "#0"}
			}
		},
		{
			"name": "hexadecagon",
			"from": [9.25, 15.25136, -8.35],
			"to": [11.75, 15.74864, -7.15],
			"rotation": {"angle": -22.5, "axis": "z", "origin": [10.5, 15.5, -8.1]},
			"faces": {
				"north": {"uv": [13.594, 3.032, 14.594, 4.032], "texture": "#0"},
				"east": {"uv": [13.188, 3.188, 14.188, 4.188], "texture": "#0"},
				"south": {"uv": [13.25, 3.375, 14.25, 4.375], "texture": "#0"},
				"west": {"uv": [13.125, 3.282, 14.125, 4.282], "texture": "#0"},
				"up": {"uv": [12.844, 2.875, 13.844, 3.875], "texture": "#0"},
				"down": {"uv": [13.5, 2.938, 14.5, 3.938], "texture": "#0"}
			}
		},
		{
			"name": "hexadecagon",
			"from": [9.25, 15.25136, -8.35],
			"to": [11.75, 15.74864, -7.15],
			"rotation": {"angle": 0, "axis": "y", "origin": [10.5, 15.5, -8.1]},
			"faces": {
				"north": {"uv": [13.594, 3.032, 14.594, 4.032], "texture": "#0"},
				"east": {"uv": [13.188, 3.188, 14.188, 4.188], "texture": "#0"},
				"south": {"uv": [13.25, 3.375, 14.25, 4.375], "texture": "#0"},
				"west": {"uv": [13.125, 3.282, 14.125, 4.282], "texture": "#0"},
				"up": {"uv": [12.844, 2.875, 13.844, 3.875], "texture": "#0"},
				"down": {"uv": [13.5, 2.938, 14.5, 3.938], "texture": "#0"}
			}
		},
		{
			"name": "hexadecagon",
			"from": [9.25, 15.25136, -8.35],
			"to": [11.75, 15.74864, -7.15],
			"rotation": {"angle": 22.5, "axis": "z", "origin": [10.5, 15.5, -8.1]},
			"faces": {
				"north": {"uv": [13.594, 3.032, 14.594, 4.032], "texture": "#0"},
				"east": {"uv": [13.188, 3.188, 14.188, 4.188], "texture": "#0"},
				"south": {"uv": [13.25, 3.375, 14.25, 4.375], "texture": "#0"},
				"west": {"uv": [13.125, 3.282, 14.125, 4.282], "texture": "#0"},
				"up": {"uv": [12.844, 2.875, 13.844, 3.875], "texture": "#0"},
				"down": {"uv": [13.5, 2.938, 14.5, 3.938], "texture": "#0"}
			}
		},
		{
			"name": "hexadecagon",
			"from": [6.25136, 14.25, -8.35],
			"to": [6.74864, 16.75, -7.15],
			"rotation": {"angle": -45, "axis": "z", "origin": [6.5, 15.5, -8.1]},
			"faces": {
				"north": {"uv": [13.594, 3.032, 14.594, 4.032], "texture": "#0"},
				"east": {"uv": [13.188, 3.188, 14.188, 4.188], "texture": "#0"},
				"south": {"uv": [13.25, 3.375, 14.25, 4.375], "texture": "#0"},
				"west": {"uv": [13.125, 3.282, 14.125, 4.282], "texture": "#0"},
				"up": {"uv": [12.844, 2.875, 13.844, 3.875], "texture": "#0"},
				"down": {"uv": [13.5, 2.938, 14.5, 3.938], "texture": "#0"}
			}
		},
		{
			"name": "hexadecagon",
			"from": [6.25136, 14.25, -8.35],
			"to": [6.74864, 16.75, -7.15],
			"rotation": {"angle": -22.5, "axis": "z", "origin": [6.5, 15.5, -8.1]},
			"faces": {
				"north": {"uv": [13.594, 3.032, 14.594, 4.032], "texture": "#0"},
				"east": {"uv": [13.188, 3.188, 14.188, 4.188], "texture": "#0"},
				"south": {"uv": [13.25, 3.375, 14.25, 4.375], "texture": "#0"},
				"west": {"uv": [13.125, 3.282, 14.125, 4.282], "texture": "#0"},
				"up": {"uv": [12.844, 2.875, 13.844, 3.875], "texture": "#0"},
				"down": {"uv": [13.5, 2.938, 14.5, 3.938], "texture": "#0"}
			}
		},
		{
			"name": "hexadecagon",
			"from": [6.25136, 14.25, -8.35],
			"to": [6.74864, 16.75, -7.15],
			"rotation": {"angle": 0, "axis": "y", "origin": [6.5, 15.5, -8.1]},
			"faces": {
				"north": {"uv": [13.594, 3.032, 14.594, 4.032], "texture": "#0"},
				"east": {"uv": [13.188, 3.188, 14.188, 4.188], "texture": "#0"},
				"south": {"uv": [13.25, 3.375, 14.25, 4.375], "texture": "#0"},
				"west": {"uv": [13.125, 3.282, 14.125, 4.282], "texture": "#0"},
				"up": {"uv": [12.844, 2.875, 13.844, 3.875], "texture": "#0"},
				"down": {"uv": [13.5, 2.938, 14.5, 3.938], "texture": "#0"}
			}
		},
		{
			"name": "hexadecagon",
			"from": [6.25136, 14.25, -8.35],
			"to": [6.74864, 16.75, -7.15],
			"rotation": {"angle": 22.5, "axis": "z", "origin": [6.5, 15.5, -8.1]},
			"faces": {
				"north": {"uv": [13.594, 3.032, 14.594, 4.032], "texture": "#0"},
				"east": {"uv": [13.188, 3.188, 14.188, 4.188], "texture": "#0"},
				"south": {"uv": [13.25, 3.375, 14.25, 4.375], "texture": "#0"},
				"west": {"uv": [13.125, 3.282, 14.125, 4.282], "texture": "#0"},
				"up": {"uv": [12.844, 2.875, 13.844, 3.875], "texture": "#0"},
				"down": {"uv": [13.5, 2.938, 14.5, 3.938], "texture": "#0"}
			}
		},
		{
			"name": "hexadecagon",
			"from": [6.25136, 14.25, -8.35],
			"to": [6.74864, 16.75, -7.15],
			"rotation": {"angle": 45, "axis": "z", "origin": [6.5, 15.5, -8.1]},
			"faces": {
				"north": {"uv": [13.594, 3.032, 14.594, 4.032], "texture": "#0"},
				"east": {"uv": [13.188, 3.188, 14.188, 4.188], "texture": "#0"},
				"south": {"uv": [13.25, 3.375, 14.25, 4.375], "texture": "#0"},
				"west": {"uv": [13.125, 3.282, 14.125, 4.282], "texture": "#0"},
				"up": {"uv": [12.844, 2.875, 13.844, 3.875], "texture": "#0"},
				"down": {"uv": [13.5, 2.938, 14.5, 3.938], "texture": "#0"}
			}
		},
		{
			"name": "hexadecagon",
			"from": [5.25, 15.25136, -8.35],
			"to": [7.75, 15.74864, -7.15],
			"rotation": {"angle": -22.5, "axis": "z", "origin": [6.5, 15.5, -8.1]},
			"faces": {
				"north": {"uv": [13.594, 3.032, 14.594, 4.032], "texture": "#0"},
				"east": {"uv": [13.188, 3.188, 14.188, 4.188], "texture": "#0"},
				"south": {"uv": [13.25, 3.375, 14.25, 4.375], "texture": "#0"},
				"west": {"uv": [13.125, 3.282, 14.125, 4.282], "texture": "#0"},
				"up": {"uv": [12.844, 2.875, 13.844, 3.875], "texture": "#0"},
				"down": {"uv": [13.5, 2.938, 14.5, 3.938], "texture": "#0"}
			}
		},
		{
			"name": "hexadecagon",
			"from": [5.25, 15.25136, -8.35],
			"to": [7.75, 15.74864, -7.15],
			"rotation": {"angle": 0, "axis": "y", "origin": [6.5, 15.5, -8.1]},
			"faces": {
				"north": {"uv": [13.594, 3.032, 14.594, 4.032], "texture": "#0"},
				"east": {"uv": [13.188, 3.188, 14.188, 4.188], "texture": "#0"},
				"south": {"uv": [13.25, 3.375, 14.25, 4.375], "texture": "#0"},
				"west": {"uv": [13.125, 3.282, 14.125, 4.282], "texture": "#0"},
				"up": {"uv": [12.844, 2.875, 13.844, 3.875], "texture": "#0"},
				"down": {"uv": [13.5, 2.938, 14.5, 3.938], "texture": "#0"}
			}
		},
		{
			"name": "hexadecagon",
			"from": [5.25, 15.25136, -8.35],
			"to": [7.75, 15.74864, -7.15],
			"rotation": {"angle": 22.5, "axis": "z", "origin": [6.5, 15.5, -8.1]},
			"faces": {
				"north": {"uv": [13.594, 3.032, 14.594, 4.032], "texture": "#0"},
				"east": {"uv": [13.188, 3.188, 14.188, 4.188], "texture": "#0"},
				"south": {"uv": [13.25, 3.375, 14.25, 4.375], "texture": "#0"},
				"west": {"uv": [13.125, 3.282, 14.125, 4.282], "texture": "#0"},
				"up": {"uv": [12.844, 2.875, 13.844, 3.875], "texture": "#0"},
				"down": {"uv": [13.5, 2.938, 14.5, 3.938], "texture": "#0"}
			}
		}
	],
	"display": {
		"head": {
			"translation": [-1.75, -21.25, 48.75],
			"scale": [3, 3, 3]
		}
	},
	"groups": [
		0,
		1,
		2,
		3,
		4,
		5,
		6,
		7,
		8,
		9,
		10,
		11,
		12,
		13,
		14,
		15,
		16,
		17,
		18,
		19,
		20,
		21,
		22,
		23,
		24,
		25,
		{
			"name": "hexadecagon",
			"origin": [8, 8, 8],
			"color": 0,
			"children": [26, 27, 28, 29, 30, 31, 32, 33, 34, 35, 36, 37, 38, 39]
		},
		40,
		41,
		{
			"name": "hexadecagon",
			"origin": [8, 8, 8],
			"color": 0,
			"children": [42, 43, 44, 45, 46]
		},
		47,
		48,
		49,
		{
			"name": "hexadecagon",
			"origin": [8, 8, 8],
			"color": 0,
			"children": [50, 51, 52, 53, 54, 55, 56, 57]
		},
		{
			"name": "hexadecagon",
			"origin": [8, 8, 8],
			"color": 0,
			"children": [58, 59, 60, 61, 62, 63, 64, 65]
		},
		{
			"name": "hexadecagon",
			"origin": [8, 8, 8],
			"color": 0,
			"children": [66, 67, 68, 69, 70, 71, 72, 73]
		}
	]
}