{
	"credit": "Made with Blockbench",
	"textures": {
		"8": "block/black_wool",
		"12": "block/andesite",
		"15": "block/acacia_log"
	},
	"elements": [
		{
			"name": "voxel",
			"from": [7.66667, 3.625, 7.95833],
			"to": [8.20833, 5.25, 8.04167],
			"faces": {
				"north": {"uv": [13.25, 2.75, 13.25, 2.75], "texture": "#12"},
				"east": {"uv": [13.25, 2.75, 13.25, 2.75], "texture": "#12"},
				"south": {"uv": [13.25, 2.75, 13.25, 2.75], "texture": "#12"},
				"west": {"uv": [13.25, 2.75, 13.25, 2.75], "texture": "#12"},
				"up": {"uv": [13.25, 2.75, 13.25, 2.75], "texture": "#12"},
				"down": {"uv": [13.25, 2.75, 13.25, 2.75], "texture": "#12"}
			}
		},
		{
			"name": "voxel",
			"from": [7.66667, 5.375, 7.91667],
			"to": [8.08333, 5.70833, 8.08333],
			"faces": {
				"north": {"uv": [6, 0, 6.5, 0.5], "texture": "#15"},
				"east": {"uv": [6, 0, 6.5, 0.5], "texture": "#15"},
				"south": {"uv": [6, 0, 6.5, 0.5], "texture": "#15"},
				"west": {"uv": [6, 0, 6.5, 0.5], "texture": "#15"},
				"up": {"uv": [6, 0, 6.5, 0.5], "texture": "#15"},
				"down": {"uv": [6, 0, 6.5, 0.5], "texture": "#15"}
			}
		},
		{
			"name": "voxel",
			"from": [7.70833, 3.625, 7.91667],
			"to": [8.20833, 5.25, 7.95833],
			"faces": {
				"north": {"uv": [0.25, 0.25, 0.75, 0.75], "texture": "#12"},
				"east": {"uv": [0.25, 0.25, 0.75, 0.75], "texture": "#12"},
				"south": {"uv": [0.25, 0.25, 0.75, 0.75], "texture": "#12"},
				"west": {"uv": [0.25, 0.25, 0.75, 0.75], "texture": "#12"},
				"up": {"uv": [0.25, 0.25, 0.75, 0.75], "texture": "#12"},
				"down": {"uv": [0.25, 0.25, 0.75, 0.75], "texture": "#12"}
			}
		},
		{
			"name": "voxel",
			"from": [7.70833, 3.625, 8.04167],
			"to": [8.20833, 5.25, 8.08333],
			"faces": {
				"north": {"uv": [13.25, 2.75, 13.25, 2.75], "texture": "#12"},
				"east": {"uv": [13.25, 2.75, 13.25, 2.75], "texture": "#12"},
				"south": {"uv": [13.25, 2.75, 13.25, 2.75], "texture": "#12"},
				"west": {"uv": [13.25, 2.75, 13.25, 2.75], "texture": "#12"},
				"up": {"uv": [13.25, 2.75, 13.25, 2.75], "texture": "#12"},
				"down": {"uv": [13.25, 2.75, 13.25, 2.75], "texture": "#12"}
			}
		},
		{
			"name": "voxel",
			"from": [7.70833, 5.375, 7.875],
			"to": [8.04167, 6.16667, 7.91667],
			"faces": {
				"north": {"uv": [6, 0, 6.5, 0.5], "texture": "#15"},
				"east": {"uv": [6, 0, 6.5, 0.5], "texture": "#15"},
				"south": {"uv": [6, 0, 6.5, 0.5], "texture": "#15"},
				"west": {"uv": [6, 0, 6.5, 0.5], "texture": "#15"},
				"up": {"uv": [6, 0, 6.5, 0.5], "texture": "#15"},
				"down": {"uv": [6, 0, 6.5, 0.5], "texture": "#15"}
			}
		},
		{
			"name": "voxel",
			"from": [7.70833, 5.375, 8.08333],
			"to": [8.04167, 6.16667, 8.125],
			"faces": {
				"north": {"uv": [6, 0, 6.5, 0.5], "texture": "#15"},
				"east": {"uv": [6, 0, 6.5, 0.5], "texture": "#15"},
				"south": {"uv": [6, 0, 6.5, 0.5], "texture": "#15"},
				"west": {"uv": [6, 0, 6.5, 0.5], "texture": "#15"},
				"up": {"uv": [6, 0, 6.5, 0.5], "texture": "#15"},
				"down": {"uv": [6, 0, 6.5, 0.5], "texture": "#15"}
			}
		},
		{
			"name": "voxel",
			"from": [7.70833, 5.70833, 7.91667],
			"to": [8.08333, 6.16667, 8.08333],
			"faces": {
				"north": {"uv": [6, 0, 6.5, 0.5], "texture": "#15"},
				"east": {"uv": [6, 0, 6.5, 0.5], "texture": "#15"},
				"south": {"uv": [6, 0, 6.5, 0.5], "texture": "#15"},
				"west": {"uv": [6, 0, 6.5, 0.5], "texture": "#15"},
				"up": {"uv": [6, 0, 6.5, 0.5], "texture": "#15"},
				"down": {"uv": [6, 0, 6.5, 0.5], "texture": "#15"}
			}
		},
		{
			"name": "voxel",
			"from": [7.70833, 6.16667, 7.91667],
			"to": [7.95833, 6.20833, 8.08333],
			"faces": {
				"north": {"uv": [6, 0, 6.5, 0.5], "texture": "#15"},
				"east": {"uv": [6, 0, 6.5, 0.5], "texture": "#15"},
				"south": {"uv": [6, 0, 6.5, 0.5], "texture": "#15"},
				"west": {"uv": [6, 0, 6.5, 0.5], "texture": "#15"},
				"up": {"uv": [6, 0, 6.5, 0.5], "texture": "#15"},
				"down": {"uv": [6, 0, 6.5, 0.5], "texture": "#15"}
			}
		},
		{
			"name": "voxel",
			"from": [7.75, 3.58333, 7.95833],
			"to": [8.16667, 3.625, 8.04167],
			"faces": {
				"north": {"uv": [6, 0, 6.5, 0.5], "texture": "#15"},
				"east": {"uv": [6, 0, 6.5, 0.5], "texture": "#15"},
				"south": {"uv": [6, 0, 6.5, 0.5], "texture": "#15"},
				"west": {"uv": [6, 0, 6.5, 0.5], "texture": "#15"},
				"up": {"uv": [6, 0, 6.5, 0.5], "texture": "#15"},
				"down": {"uv": [6, 0, 6.5, 0.5], "texture": "#15"}
			}
		},
		{
			"name": "voxel",
			"from": [7.75, 3.625, 7.875],
			"to": [8, 5.25, 7.91667],
			"faces": {
				"north": {"uv": [6, 0, 6.5, 0.5], "texture": "#15"},
				"east": {"uv": [6, 0, 6.5, 0.5], "texture": "#15"},
				"south": {"uv": [6, 0, 6.5, 0.5], "texture": "#15"},
				"west": {"uv": [6, 0, 6.5, 0.5], "texture": "#15"},
				"up": {"uv": [6, 0, 6.5, 0.5], "texture": "#15"},
				"down": {"uv": [6, 0, 6.5, 0.5], "texture": "#15"}
			}
		},
		{
			"name": "voxel",
			"from": [7.75, 3.625, 8.08333],
			"to": [8, 5.25, 8.125],
			"faces": {
				"north": {"uv": [6, 0, 6.5, 0.5], "texture": "#15"},
				"east": {"uv": [6, 0, 6.5, 0.5], "texture": "#15"},
				"south": {"uv": [6, 0, 6.5, 0.5], "texture": "#15"},
				"west": {"uv": [6, 0, 6.5, 0.5], "texture": "#15"},
				"up": {"uv": [6, 0, 6.5, 0.5], "texture": "#15"},
				"down": {"uv": [6, 0, 6.5, 0.5], "texture": "#15"}
			}
		},
		{
			"name": "voxel",
			"from": [7.79167, 3.45833, 7.95833],
			"to": [7.875, 3.58333, 8.04167],
			"faces": {
				"north": {"uv": [6, 0, 6.5, 0.5], "texture": "#15"},
				"east": {"uv": [6, 0, 6.5, 0.5], "texture": "#15"},
				"south": {"uv": [6, 0, 6.5, 0.5], "texture": "#15"},
				"west": {"uv": [6, 0, 6.5, 0.5], "texture": "#15"},
				"up": {"uv": [6, 0, 6.5, 0.5], "texture": "#15"},
				"down": {"uv": [6, 0, 6.5, 0.5], "texture": "#15"}
			}
		},
		{
			"name": "voxel",
			"from": [7.83333, 3.41667, 7.95833],
			"to": [8, 3.45833, 8.04167],
			"faces": {
				"north": {"uv": [6, 0, 6.5, 0.5], "texture": "#15"},
				"east": {"uv": [6, 0, 6.5, 0.5], "texture": "#15"},
				"south": {"uv": [6, 0, 6.5, 0.5], "texture": "#15"},
				"west": {"uv": [6, 0, 6.5, 0.5], "texture": "#15"},
				"up": {"uv": [6, 0, 6.5, 0.5], "texture": "#15"},
				"down": {"uv": [6, 0, 6.5, 0.5], "texture": "#15"}
			}
		},
		{
			"name": "voxel",
			"from": [7.83333, 6.16667, 7.95833],
			"to": [8.16667, 6.20833, 8.04167],
			"faces": {
				"north": {"uv": [6, 0, 6.5, 0.5], "texture": "#15"},
				"east": {"uv": [6, 0, 6.5, 0.5], "texture": "#15"},
				"south": {"uv": [6, 0, 6.5, 0.5], "texture": "#15"},
				"west": {"uv": [6, 0, 6.5, 0.5], "texture": "#15"},
				"up": {"uv": [6, 0, 6.5, 0.5], "texture": "#15"},
				"down": {"uv": [6, 0, 6.5, 0.5], "texture": "#15"}
			}
		},
		{
			"name": "voxel",
			"from": [7.875, 3.5, 7.95833],
			"to": [8.125, 3.58333, 8.04167],
			"faces": {
				"north": {"uv": [6, 0, 6.5, 0.5], "texture": "#15"},
				"east": {"uv": [6, 0, 6.5, 0.5], "texture": "#15"},
				"south": {"uv": [6, 0, 6.5, 0.5], "texture": "#15"},
				"west": {"uv": [6, 0, 6.5, 0.5], "texture": "#15"},
				"up": {"uv": [6, 0, 6.5, 0.5], "texture": "#15"},
				"down": {"uv": [6, 0, 6.5, 0.5], "texture": "#15"}
			}
		},
		{
			"name": "voxel",
			"from": [8, 3.41667, 7.95833],
			"to": [8.125, 3.45833, 8.04167],
			"faces": {
				"north": {"uv": [6, 0, 6.5, 0.5], "texture": "#15"},
				"east": {"uv": [6, 0, 6.5, 0.5], "texture": "#15"},
				"south": {"uv": [6, 0, 6.5, 0.5], "texture": "#15"},
				"west": {"uv": [6, 0, 6.5, 0.5], "texture": "#15"},
				"up": {"uv": [6, 0, 6.5, 0.5], "texture": "#15"},
				"down": {"uv": [6, 0, 6.5, 0.5], "texture": "#15"}
			}
		},
		{
			"name": "voxel",
			"from": [7.875, 3.45833, 7.95833],
			"to": [8.125, 3.5, 8.04167],
			"faces": {
				"north": {"uv": [6, 0, 6.5, 0.5], "texture": "#15"},
				"east": {"uv": [6, 0, 6.5, 0.5], "texture": "#15"},
				"south": {"uv": [6, 0, 6.5, 0.5], "texture": "#15"},
				"west": {"uv": [6, 0, 6.5, 0.5], "texture": "#15"},
				"up": {"uv": [6, 0, 6.5, 0.5], "texture": "#15"},
				"down": {"uv": [6, 0, 6.5, 0.5], "texture": "#15"}
			}
		},
		{
			"name": "voxel",
			"from": [8.08333, 5.375, 7.91667],
			"to": [8.20833, 5.45833, 8.08333],
			"faces": {
				"north": {"uv": [6, 0, 6.5, 0.5], "texture": "#15"},
				"east": {"uv": [6, 0, 6.5, 0.5], "texture": "#15"},
				"south": {"uv": [6, 0, 6.5, 0.5], "texture": "#15"},
				"west": {"uv": [6, 0, 6.5, 0.5], "texture": "#15"},
				"up": {"uv": [6, 0, 6.5, 0.5], "texture": "#15"},
				"down": {"uv": [6, 0, 6.5, 0.5], "texture": "#15"}
			}
		},
		{
			"name": "voxel",
			"from": [7.95833, 5.45833, 7.95833],
			"to": [8.25, 6.125, 8.04167],
			"faces": {
				"north": {"uv": [6, 0, 6.5, 0.5], "texture": "#15"},
				"east": {"uv": [6, 0, 6.5, 0.5], "texture": "#15"},
				"south": {"uv": [6, 0, 6.5, 0.5], "texture": "#15"},
				"west": {"uv": [6, 0, 6.5, 0.5], "texture": "#15"},
				"up": {"uv": [6, 0, 6.5, 0.5], "texture": "#15"},
				"down": {"uv": [6, 0, 6.5, 0.5], "texture": "#15"}
			}
		},
		{
			"name": "voxel",
			"from": [8.08333, 5.5, 7.91667],
			"to": [8.25, 5.58333, 7.95833],
			"faces": {
				"north": {"uv": [13.25, 2.75, 13.25, 2.75], "texture": "#12"},
				"east": {"uv": [13.25, 2.75, 13.25, 2.75], "texture": "#12"},
				"south": {"uv": [13.25, 2.75, 13.25, 2.75], "texture": "#12"},
				"west": {"uv": [13.25, 2.75, 13.25, 2.75], "texture": "#12"},
				"up": {"uv": [13.25, 2.75, 13.25, 2.75], "texture": "#12"},
				"down": {"uv": [13.25, 2.75, 13.25, 2.75], "texture": "#12"}
			}
		},
		{
			"name": "voxel",
			"from": [8.08333, 5.5, 8.04167],
			"to": [8.25, 5.58333, 8.08333],
			"faces": {
				"north": {"uv": [13.25, 2.75, 13.25, 2.75], "texture": "#12"},
				"east": {"uv": [13.25, 2.75, 13.25, 2.75], "texture": "#12"},
				"south": {"uv": [13.25, 2.75, 13.25, 2.75], "texture": "#12"},
				"west": {"uv": [13.25, 2.75, 13.25, 2.75], "texture": "#12"},
				"up": {"uv": [13.25, 2.75, 13.25, 2.75], "texture": "#12"},
				"down": {"uv": [13.25, 2.75, 13.25, 2.75], "texture": "#12"}
			}
		},
		{
			"name": "voxel",
			"from": [8.08333, 5.625, 7.91667],
			"to": [8.25, 5.70833, 7.95833],
			"faces": {
				"north": {"uv": [13.25, 2.75, 13.25, 2.75], "texture": "#12"},
				"east": {"uv": [13.25, 2.75, 13.25, 2.75], "texture": "#12"},
				"south": {"uv": [13.25, 2.75, 13.25, 2.75], "texture": "#12"},
				"west": {"uv": [13.25, 2.75, 13.25, 2.75], "texture": "#12"},
				"up": {"uv": [13.25, 2.75, 13.25, 2.75], "texture": "#12"},
				"down": {"uv": [13.25, 2.75, 13.25, 2.75], "texture": "#12"}
			}
		},
		{
			"name": "voxel",
			"from": [8.08333, 5.625, 8.04167],
			"to": [8.25, 5.70833, 8.08333],
			"faces": {
				"north": {"uv": [13.25, 2.75, 13.25, 2.75], "texture": "#12"},
				"east": {"uv": [13.25, 2.75, 13.25, 2.75], "texture": "#12"},
				"south": {"uv": [13.25, 2.75, 13.25, 2.75], "texture": "#12"},
				"west": {"uv": [13.25, 2.75, 13.25, 2.75], "texture": "#12"},
				"up": {"uv": [13.25, 2.75, 13.25, 2.75], "texture": "#12"},
				"down": {"uv": [13.25, 2.75, 13.25, 2.75], "texture": "#12"}
			}
		},
		{
			"name": "voxel",
			"from": [8.08333, 5.75, 7.91667],
			"to": [8.25, 5.83333, 7.95833],
			"faces": {
				"north": {"uv": [13.25, 2.75, 13.25, 2.75], "texture": "#12"},
				"east": {"uv": [13.25, 2.75, 13.25, 2.75], "texture": "#12"},
				"south": {"uv": [13.25, 2.75, 13.25, 2.75], "texture": "#12"},
				"west": {"uv": [13.25, 2.75, 13.25, 2.75], "texture": "#12"},
				"up": {"uv": [13.25, 2.75, 13.25, 2.75], "texture": "#12"},
				"down": {"uv": [13.25, 2.75, 13.25, 2.75], "texture": "#12"}
			}
		},
		{
			"name": "voxel",
			"from": [8.08333, 5.75, 8.04167],
			"to": [8.25, 5.83333, 8.08333],
			"faces": {
				"north": {"uv": [13.25, 2.75, 13.25, 2.75], "texture": "#12"},
				"east": {"uv": [13.25, 2.75, 13.25, 2.75], "texture": "#12"},
				"south": {"uv": [13.25, 2.75, 13.25, 2.75], "texture": "#12"},
				"west": {"uv": [13.25, 2.75, 13.25, 2.75], "texture": "#12"},
				"up": {"uv": [13.25, 2.75, 13.25, 2.75], "texture": "#12"},
				"down": {"uv": [13.25, 2.75, 13.25, 2.75], "texture": "#12"}
			}
		},
		{
			"name": "voxel",
			"from": [8.08333, 5.875, 7.91667],
			"to": [8.25, 5.95833, 7.95833],
			"faces": {
				"north": {"uv": [13.25, 2.75, 13.25, 2.75], "texture": "#12"},
				"east": {"uv": [13.25, 2.75, 13.25, 2.75], "texture": "#12"},
				"south": {"uv": [13.25, 2.75, 13.25, 2.75], "texture": "#12"},
				"west": {"uv": [13.25, 2.75, 13.25, 2.75], "texture": "#12"},
				"up": {"uv": [13.25, 2.75, 13.25, 2.75], "texture": "#12"},
				"down": {"uv": [13.25, 2.75, 13.25, 2.75], "texture": "#12"}
			}
		},
		{
			"name": "voxel",
			"from": [8.08333, 5.875, 8.04167],
			"to": [8.25, 5.95833, 8.08333],
			"faces": {
				"north": {"uv": [13.25, 2.75, 13.25, 2.75], "texture": "#12"},
				"east": {"uv": [13.25, 2.75, 13.25, 2.75], "texture": "#12"},
				"south": {"uv": [13.25, 2.75, 13.25, 2.75], "texture": "#12"},
				"west": {"uv": [13.25, 2.75, 13.25, 2.75], "texture": "#12"},
				"up": {"uv": [13.25, 2.75, 13.25, 2.75], "texture": "#12"},
				"down": {"uv": [13.25, 2.75, 13.25, 2.75], "texture": "#12"}
			}
		},
		{
			"name": "voxel",
			"from": [8.08333, 6, 7.91667],
			"to": [8.25, 6.08333, 7.95833],
			"faces": {
				"north": {"uv": [13.25, 2.75, 13.25, 2.75], "texture": "#12"},
				"east": {"uv": [13.25, 2.75, 13.25, 2.75], "texture": "#12"},
				"south": {"uv": [13.25, 2.75, 13.25, 2.75], "texture": "#12"},
				"west": {"uv": [13.25, 2.75, 13.25, 2.75], "texture": "#12"},
				"up": {"uv": [13.25, 2.75, 13.25, 2.75], "texture": "#12"},
				"down": {"uv": [13.25, 2.75, 13.25, 2.75], "texture": "#12"}
			}
		},
		{
			"name": "voxel",
			"from": [8.08333, 6, 8.04167],
			"to": [8.25, 6.08333, 8.08333],
			"faces": {
				"north": {"uv": [13.25, 2.75, 13.25, 2.75], "texture": "#12"},
				"east": {"uv": [13.25, 2.75, 13.25, 2.75], "texture": "#12"},
				"south": {"uv": [13.25, 2.75, 13.25, 2.75], "texture": "#12"},
				"west": {"uv": [13.25, 2.75, 13.25, 2.75], "texture": "#12"},
				"up": {"uv": [13.25, 2.75, 13.25, 2.75], "texture": "#12"},
				"down": {"uv": [13.25, 2.75, 13.25, 2.75], "texture": "#12"}
			}
		},
		{
			"name": "voxel",
			"from": [7.95833, 6.125, 7.95833],
			"to": [8.16667, 6.16667, 8.04167],
			"faces": {
				"north": {"uv": [6, 0, 6.5, 0.5], "texture": "#15"},
				"east": {"uv": [6, 0, 6.5, 0.5], "texture": "#15"},
				"south": {"uv": [6, 0, 6.5, 0.5], "texture": "#15"},
				"west": {"uv": [6, 0, 6.5, 0.5], "texture": "#15"},
				"up": {"uv": [6, 0, 6.5, 0.5], "texture": "#15"},
				"down": {"uv": [6, 0, 6.5, 0.5], "texture": "#15"}
			}
		},
		{
			"name": "voxel",
			"from": [8, 3.66667, 8.08333],
			"to": [8.16667, 5.25, 8.125],
			"faces": {
				"north": {"uv": [6, 0, 6.5, 0.5], "texture": "#15"},
				"east": {"uv": [6, 0, 6.5, 0.5], "texture": "#15"},
				"south": {"uv": [6, 0, 6.5, 0.5], "texture": "#15"},
				"west": {"uv": [6, 0, 6.5, 0.5], "texture": "#15"},
				"up": {"uv": [6, 0, 6.5, 0.5], "texture": "#15"},
				"down": {"uv": [6, 0, 6.5, 0.5], "texture": "#15"}
			}
		},
		{
			"name": "voxel",
			"from": [8, 3.66667, 7.875],
			"to": [8.16667, 5.25, 7.91667],
			"faces": {
				"north": {"uv": [6, 0, 6.5, 0.5], "texture": "#15"},
				"east": {"uv": [6, 0, 6.5, 0.5], "texture": "#15"},
				"south": {"uv": [6, 0, 6.5, 0.5], "texture": "#15"},
				"west": {"uv": [6, 0, 6.5, 0.5], "texture": "#15"},
				"up": {"uv": [6, 0, 6.5, 0.5], "texture": "#15"},
				"down": {"uv": [6, 0, 6.5, 0.5], "texture": "#15"}
			}
		},
		{
			"name": "voxel",
			"from": [7.54167, 5.29167, 8.20833],
			"to": [8.33333, 5.33333, 8.25],
			"faces": {
				"north": {"uv": [13.25, 2.75, 13.25, 2.75], "texture": "#12"},
				"east": {"uv": [13.25, 2.75, 13.25, 2.75], "texture": "#12"},
				"south": {"uv": [13.25, 2.75, 13.25, 2.75], "texture": "#12"},
				"west": {"uv": [13.25, 2.75, 13.25, 2.75], "texture": "#12"},
				"up": {"uv": [13.25, 2.75, 13.25, 2.75], "texture": "#12"},
				"down": {"uv": [13.25, 2.75, 13.25, 2.75], "texture": "#12"}
			}
		},
		{
			"name": "voxel",
			"from": [8.29167, 5.33333, 8.20833],
			"to": [8.375, 5.54167, 8.25],
			"faces": {
				"north": {"uv": [13.25, 2.75, 13.25, 2.75], "texture": "#12"},
				"east": {"uv": [13.25, 2.75, 13.25, 2.75], "texture": "#12"},
				"south": {"uv": [13.25, 2.75, 13.25, 2.75], "texture": "#12"},
				"west": {"uv": [13.25, 2.75, 13.25, 2.75], "texture": "#12"},
				"up": {"uv": [13.25, 2.75, 13.25, 2.75], "texture": "#12"},
				"down": {"uv": [13.25, 2.75, 13.25, 2.75], "texture": "#12"}
			}
		},
		{
			"name": "voxel",
			"from": [8.29167, 5.29167, 7.79167],
			"to": [8.41667, 5.54167, 7.91667],
			"faces": {
				"north": {"uv": [13.25, 2.75, 13.25, 2.75], "texture": "#12"},
				"east": {"uv": [13.25, 2.75, 13.25, 2.75], "texture": "#12"},
				"south": {"uv": [13.25, 2.75, 13.25, 2.75], "texture": "#12"},
				"west": {"uv": [13.25, 2.75, 13.25, 2.75], "texture": "#12"},
				"up": {"uv": [13.25, 2.75, 13.25, 2.75], "texture": "#12"},
				"down": {"uv": [13.25, 2.75, 13.25, 2.75], "texture": "#12"}
			}
		},
		{
			"name": "voxel",
			"from": [8.29167, 5.29167, 8.08333],
			"to": [8.41667, 5.54167, 8.20833],
			"faces": {
				"north": {"uv": [13.25, 2.75, 13.25, 2.75], "texture": "#12"},
				"east": {"uv": [13.25, 2.75, 13.25, 2.75], "texture": "#12"},
				"south": {"uv": [13.25, 2.75, 13.25, 2.75], "texture": "#12"},
				"west": {"uv": [13.25, 2.75, 13.25, 2.75], "texture": "#12"},
				"up": {"uv": [13.25, 2.75, 13.25, 2.75], "texture": "#12"},
				"down": {"uv": [13.25, 2.75, 13.25, 2.75], "texture": "#12"}
			}
		},
		{
			"name": "voxel",
			"from": [8.29167, 5.29167, 7.91667],
			"to": [8.41667, 5.54167, 8.08333],
			"faces": {
				"north": {"uv": [13.25, 2.75, 13.25, 2.75], "texture": "#12"},
				"east": {"uv": [13.25, 2.75, 13.25, 2.75], "texture": "#12"},
				"south": {"uv": [13.25, 2.75, 13.25, 2.75], "texture": "#12"},
				"west": {"uv": [13.25, 2.75, 13.25, 2.75], "texture": "#12"},
				"up": {"uv": [13.25, 2.75, 13.25, 2.75], "texture": "#12"},
				"down": {"uv": [13.25, 2.75, 13.25, 2.75], "texture": "#12"}
			}
		},
		{
			"name": "voxel",
			"from": [8.33333, 5.54167, 8.04167],
			"to": [8.375, 5.58333, 8.20833],
			"faces": {
				"north": {"uv": [13.25, 2.75, 13.25, 2.75], "texture": "#12"},
				"east": {"uv": [13.25, 2.75, 13.25, 2.75], "texture": "#12"},
				"south": {"uv": [13.25, 2.75, 13.25, 2.75], "texture": "#12"},
				"west": {"uv": [13.25, 2.75, 13.25, 2.75], "texture": "#12"},
				"up": {"uv": [13.25, 2.75, 13.25, 2.75], "texture": "#12"},
				"down": {"uv": [13.25, 2.75, 13.25, 2.75], "texture": "#12"}
			}
		},
		{
			"name": "voxel",
			"from": [8.33333, 5.54167, 7.95833],
			"to": [8.41667, 5.58333, 8.04167],
			"faces": {
				"north": {"uv": [13.25, 2.75, 13.25, 2.75], "texture": "#12"},
				"east": {"uv": [13.25, 2.75, 13.25, 2.75], "texture": "#12"},
				"south": {"uv": [13.25, 2.75, 13.25, 2.75], "texture": "#12"},
				"west": {"uv": [13.25, 2.75, 13.25, 2.75], "texture": "#12"},
				"up": {"uv": [13.25, 2.75, 13.25, 2.75], "texture": "#12"},
				"down": {"uv": [13.25, 2.75, 13.25, 2.75], "texture": "#12"}
			}
		},
		{
			"name": "voxel",
			"from": [8.33333, 5.54167, 7.79167],
			"to": [8.375, 5.58333, 7.95833],
			"faces": {
				"north": {"uv": [13.25, 2.75, 13.25, 2.75], "texture": "#12"},
				"east": {"uv": [13.25, 2.75, 13.25, 2.75], "texture": "#12"},
				"south": {"uv": [13.25, 2.75, 13.25, 2.75], "texture": "#12"},
				"west": {"uv": [13.25, 2.75, 13.25, 2.75], "texture": "#12"},
				"up": {"uv": [13.25, 2.75, 13.25, 2.75], "texture": "#12"},
				"down": {"uv": [13.25, 2.75, 13.25, 2.75], "texture": "#12"}
			}
		},
		{
			"name": "voxel",
			"from": [8.29167, 5.29167, 7.75],
			"to": [8.375, 5.54167, 7.79167],
			"faces": {
				"north": {"uv": [13.25, 2.75, 13.25, 2.75], "texture": "#12"},
				"east": {"uv": [13.25, 2.75, 13.25, 2.75], "texture": "#12"},
				"south": {"uv": [13.25, 2.75, 13.25, 2.75], "texture": "#12"},
				"west": {"uv": [13.25, 2.75, 13.25, 2.75], "texture": "#12"},
				"up": {"uv": [13.25, 2.75, 13.25, 2.75], "texture": "#12"},
				"down": {"uv": [13.25, 2.75, 13.25, 2.75], "texture": "#12"}
			}
		},
		{
			"name": "voxel",
			"from": [7.54167, 5.25, 7.79167],
			"to": [8.29167, 5.375, 8.20833],
			"faces": {
				"north": {"uv": [13.25, 2.75, 13.25, 2.75], "texture": "#12"},
				"east": {"uv": [13.25, 2.75, 13.25, 2.75], "texture": "#12"},
				"south": {"uv": [13.25, 2.75, 13.25, 2.75], "texture": "#12"},
				"west": {"uv": [13.25, 2.75, 13.25, 2.75], "texture": "#12"},
				"up": {"uv": [13.25, 2.75, 13.25, 2.75], "texture": "#12"},
				"down": {"uv": [13.25, 2.75, 13.25, 2.75], "texture": "#12"}
			}
		},
		{
			"name": "voxel",
			"from": [7.54167, 5.29167, 7.75],
			"to": [8.33333, 5.33333, 7.79167],
			"faces": {
				"north": {"uv": [13.25, 2.75, 13.25, 2.75], "texture": "#12"},
				"east": {"uv": [13.25, 2.75, 13.25, 2.75], "texture": "#12"},
				"south": {"uv": [13.25, 2.75, 13.25, 2.75], "texture": "#12"},
				"west": {"uv": [13.25, 2.75, 13.25, 2.75], "texture": "#12"},
				"up": {"uv": [13.25, 2.75, 13.25, 2.75], "texture": "#12"},
				"down": {"uv": [13.25, 2.75, 13.25, 2.75], "texture": "#12"}
			}
		},
		{
			"name": "voxel",
			"from": [8, 12.41667, 7.91667],
			"to": [8.16667, 12.5, 8.08333],
			"rotation": {"angle": 0, "axis": "y", "origin": [8, 18.58333, 8]},
			"faces": {
				"north": {"uv": [14.584, 9.542, 14, 9], "texture": "#8"},
				"east": {"uv": [14.584, 9.542, 14, 9], "texture": "#8"},
				"south": {"uv": [14.584, 9.542, 14, 9], "texture": "#8"},
				"west": {"uv": [14.584, 9.542, 14, 9], "texture": "#8"},
				"up": {"uv": [14.584, 9.542, 14, 9], "texture": "#8"},
				"down": {"uv": [14.584, 9.542, 14, 9], "texture": "#8"}
			}
		},
		{
			"name": "voxel",
			"from": [7.625, 10.66667, 7.91667],
			"to": [8.16667, 11.04167, 8.08333],
			"rotation": {"angle": 0, "axis": "y", "origin": [8, 18.58333, 8]},
			"faces": {
				"north": {"uv": [14.584, 9.542, 14, 9], "texture": "#8"},
				"east": {"uv": [14.584, 9.542, 14, 9], "texture": "#8"},
				"south": {"uv": [14.584, 9.542, 14, 9], "texture": "#8"},
				"west": {"uv": [14.584, 9.542, 14, 9], "texture": "#8"},
				"up": {"uv": [14.584, 9.542, 14, 9], "texture": "#8"},
				"down": {"uv": [14.584, 9.542, 14, 9], "texture": "#8"}
			}
		},
		{
			"name": "voxel",
			"from": [7.66667, 11.04167, 7.91667],
			"to": [8.16667, 11.54167, 8.08333],
			"rotation": {"angle": 0, "axis": "y", "origin": [8, 18.58333, 8]},
			"faces": {
				"north": {"uv": [14.584, 9.542, 14, 9], "texture": "#8"},
				"east": {"uv": [14.584, 9.542, 14, 9], "texture": "#8"},
				"south": {"uv": [14.584, 9.542, 14, 9], "texture": "#8"},
				"west": {"uv": [14.584, 9.542, 14, 9], "texture": "#8"},
				"up": {"uv": [14.584, 9.542, 14, 9], "texture": "#8"},
				"down": {"uv": [14.584, 9.542, 14, 9], "texture": "#8"}
			}
		},
		{
			"name": "voxel",
			"from": [7.70833, 11.54167, 7.91667],
			"to": [8.16667, 11.875, 8.08333],
			"rotation": {"angle": 0, "axis": "y", "origin": [8, 18.58333, 8]},
			"faces": {
				"north": {"uv": [14.584, 9.542, 14, 9], "texture": "#8"},
				"east": {"uv": [14.584, 9.542, 14, 9], "texture": "#8"},
				"south": {"uv": [14.584, 9.542, 14, 9], "texture": "#8"},
				"west": {"uv": [14.584, 9.542, 14, 9], "texture": "#8"},
				"up": {"uv": [14.584, 9.542, 14, 9], "texture": "#8"},
				"down": {"uv": [14.584, 9.542, 14, 9], "texture": "#8"}
			}
		},
		{
			"name": "voxel",
			"from": [7.75, 11.875, 7.91667],
			"to": [8.16667, 12.04167, 8.08333],
			"rotation": {"angle": 0, "axis": "y", "origin": [8, 18.58333, 8]},
			"faces": {
				"north": {"uv": [14.584, 9.542, 14, 9], "texture": "#8"},
				"east": {"uv": [14.584, 9.542, 14, 9], "texture": "#8"},
				"south": {"uv": [14.584, 9.542, 14, 9], "texture": "#8"},
				"west": {"uv": [14.584, 9.542, 14, 9], "texture": "#8"},
				"up": {"uv": [14.584, 9.542, 14, 9], "texture": "#8"},
				"down": {"uv": [14.584, 9.542, 14, 9], "texture": "#8"}
			}
		},
		{
			"name": "voxel",
			"from": [7.79167, 12.04167, 7.91667],
			"to": [8.16667, 12.16667, 8.08333],
			"rotation": {"angle": 0, "axis": "y", "origin": [8, 18.58333, 8]},
			"faces": {
				"north": {"uv": [14.584, 9.542, 14, 9], "texture": "#8"},
				"east": {"uv": [14.584, 9.542, 14, 9], "texture": "#8"},
				"south": {"uv": [14.584, 9.542, 14, 9], "texture": "#8"},
				"west": {"uv": [14.584, 9.542, 14, 9], "texture": "#8"},
				"up": {"uv": [14.584, 9.542, 14, 9], "texture": "#8"},
				"down": {"uv": [14.584, 9.542, 14, 9], "texture": "#8"}
			}
		},
		{
			"name": "voxel",
			"from": [7.83333, 12.16667, 7.91667],
			"to": [8.16667, 12.25, 8.08333],
			"rotation": {"angle": 0, "axis": "y", "origin": [8, 18.58333, 8]},
			"faces": {
				"north": {"uv": [14.584, 9.542, 14, 9], "texture": "#8"},
				"east": {"uv": [14.584, 9.542, 14, 9], "texture": "#8"},
				"south": {"uv": [14.584, 9.542, 14, 9], "texture": "#8"},
				"west": {"uv": [14.584, 9.542, 14, 9], "texture": "#8"},
				"up": {"uv": [14.584, 9.542, 14, 9], "texture": "#8"},
				"down": {"uv": [14.584, 9.542, 14, 9], "texture": "#8"}
			}
		},
		{
			"name": "voxel",
			"from": [7.875, 12.25, 7.91667],
			"to": [8.16667, 12.33333, 8.08333],
			"rotation": {"angle": 0, "axis": "y", "origin": [8, 18.58333, 8]},
			"faces": {
				"north": {"uv": [14.584, 9.542, 14, 9], "texture": "#8"},
				"east": {"uv": [14.584, 9.542, 14, 9], "texture": "#8"},
				"south": {"uv": [14.584, 9.542, 14, 9], "texture": "#8"},
				"west": {"uv": [14.584, 9.542, 14, 9], "texture": "#8"},
				"up": {"uv": [14.584, 9.542, 14, 9], "texture": "#8"},
				"down": {"uv": [14.584, 9.542, 14, 9], "texture": "#8"}
			}
		},
		{
			"name": "voxel",
			"from": [7.91667, 12.33333, 7.91667],
			"to": [8.16667, 12.375, 8.08333],
			"rotation": {"angle": 0, "axis": "y", "origin": [8, 18.58333, 8]},
			"faces": {
				"north": {"uv": [14.584, 9.542, 14, 9], "texture": "#8"},
				"east": {"uv": [14.584, 9.542, 14, 9], "texture": "#8"},
				"south": {"uv": [14.584, 9.542, 14, 9], "texture": "#8"},
				"west": {"uv": [14.584, 9.542, 14, 9], "texture": "#8"},
				"up": {"uv": [14.584, 9.542, 14, 9], "texture": "#8"},
				"down": {"uv": [14.584, 9.542, 14, 9], "texture": "#8"}
			}
		},
		{
			"name": "voxel",
			"from": [7.95833, 12.375, 7.91667],
			"to": [8.16667, 12.41667, 8.08333],
			"rotation": {"angle": 0, "axis": "y", "origin": [8, 18.58333, 8]},
			"faces": {
				"north": {"uv": [14.584, 9.542, 14, 9], "texture": "#8"},
				"east": {"uv": [14.584, 9.542, 14, 9], "texture": "#8"},
				"south": {"uv": [14.584, 9.542, 14, 9], "texture": "#8"},
				"west": {"uv": [14.584, 9.542, 14, 9], "texture": "#8"},
				"up": {"uv": [14.584, 9.542, 14, 9], "texture": "#8"},
				"down": {"uv": [14.584, 9.542, 14, 9], "texture": "#8"}
			}
		},
		{
			"name": "voxel",
			"from": [7.625, 6.20833, 7.91667],
			"to": [8.16667, 10.66667, 8.08333],
			"faces": {
				"north": {"uv": [14.584, 9.542, 14, 9], "texture": "#8"},
				"east": {"uv": [14.584, 9.542, 14, 9], "texture": "#8"},
				"south": {"uv": [14.584, 9.542, 14, 9], "texture": "#8"},
				"west": {"uv": [14.584, 9.542, 14, 9], "texture": "#8"},
				"up": {"uv": [14.584, 9.542, 14, 9], "texture": "#8"},
				"down": {"uv": [14.584, 9.542, 14, 9], "texture": "#8"}
			}
		}
	],
	"display": {
		"thirdperson_righthand": {
			"rotation": [51.2, -90, 0],
			"translation": [0, 6.5, 7.5],
			"scale": [2.1, 2.53, 3.5]
		},
		"thirdperson_lefthand": {
			"rotation": [51.2, 90, 0],
			"translation": [0, 6.5, 7.5],
			"scale": [2.1, 2.53, 3.5]
		},
		"firstperson_righthand": {
			"rotation": [4, 64, -42],
			"translation": [0.75, 6.25, 1.75],
			"scale": [1.43, 1.62, 2.06]
		},
		"firstperson_lefthand": {
			"rotation": [4, 64, -42],
			"translation": [0.75, 6.25, 1.75],
			"scale": [1.43, 1.62, 2.06]
		},
		"ground": {
			"translation": [0.5, 1.25, 0],
			"scale": [1.83, 1.69336, 2.15836]
		},
		"gui": {
			"rotation": [0, 180, 41],
			"scale": [1.94, 1.97, 1.13]
		},
		"fixed": {
			"rotation": [0, 0, 37],
			"scale": [2.34, 2.38, 1.66016]
		}
	},
	"groups": [
		{
			"name": "diamond_sword",
			"origin": [8, 8, 8],
			"children": [
				{
					"name": "handel",
					"origin": [8, 8, 8],
					"children": [0, 1, 2, 3, 4, 5, 6, 7, 8, 9, 10, 11, 12, 13, 14, 15, 16, 17, 18, 19, 20, 21, 22, 23, 24, 25, 26, 27, 28, 29, 30, 31]
				},
				{
					"name": "group",
					"origin": [8, 8, 8],
					"children": [32, 33, 34, 35, 36, 37, 38, 39, 40, 41, 42]
				},
				{
					"name": "blade",
					"origin": [8, 8, 8],
					"children": [43, 44, 45, 46, 47, 48, 49, 50, 51, 52, 53]
				}
			]
		}
	]
}