{
	"credit": "Made with Blockbench",
	"textures": {
		"0": "block/gold_ore",
		"2": "block/enchanting_table_top",
		"particle": "block/gold_ore"
	},
	"elements": [
		{
			"from": [0.75, 9.5, 2],
			"to": [8.75, 17.75, 10],
			"rotation": {"angle": 0, "axis": "y", "origin": [16, 24, 13]},
			"faces": {
				"north": {"uv": [4, 6, 12, 10.25], "texture": "#2"},
				"east": {"uv": [4, 6, 12, 11], "texture": "#2"},
				"south": {"uv": [4, 6, 12, 10.25], "texture": "#2"},
				"west": {"uv": [4, 6, 12, 10.25], "texture": "#2"},
				"up": {"uv": [4, 6, 12, 10], "texture": "#2"},
				"down": {"uv": [4, 6, 12, 10], "texture": "#2"}
			}
		},
		{
			"name": "hexadecagon",
			"from": [4.35218, 11.75, 1.75],
			"to": [5.14782, 12.25, 2.25],
			"rotation": {"angle": -45, "axis": "z", "origin": [4.75, 13.75, 2]},
			"faces": {
				"north": {"uv": [0, 1.5, 0, 1.5], "texture": "#0"},
				"east": {"uv": [0, 1.5, 0, 1.5], "texture": "#0"},
				"south": {"uv": [0, 1.5, 0, 1.5], "texture": "#0"},
				"west": {"uv": [0, 1.75, 0, 1.75], "texture": "#0"},
				"up": {"uv": [0, 1, 0, 1], "texture": "#0"},
				"down": {"uv": [0, 1.5, 0, 1.5], "texture": "#0"}
			}
		},
		{
			"name": "hexadecagon",
			"from": [4.35218, 11.75, 1.75],
			"to": [5.14782, 12.25, 2.25],
			"rotation": {"angle": -22.5, "axis": "z", "origin": [4.75, 13.75, 2]},
			"faces": {
				"north": {"uv": [0, 1.5, 0, 1.5], "texture": "#0"},
				"east": {"uv": [0, 1.5, 0, 1.5], "texture": "#0"},
				"south": {"uv": [0, 1.5, 0, 1.5], "texture": "#0"},
				"west": {"uv": [0, 1.75, 0, 1.75], "texture": "#0"},
				"up": {"uv": [0, 1, 0, 1], "texture": "#0"},
				"down": {"uv": [0, 1.5, 0, 1.5], "texture": "#0"}
			}
		},
		{
			"name": "hexadecagon",
			"from": [4.35218, 11.75, 1.75],
			"to": [5.14782, 12.25, 2.25],
			"rotation": {"angle": 0, "axis": "y", "origin": [4.75, 13.75, 2]},
			"faces": {
				"north": {"uv": [0, 1.5, 0, 1.5], "texture": "#0"},
				"east": {"uv": [0, 1.5, 0, 1.5], "texture": "#0"},
				"south": {"uv": [0, 1.5, 0, 1.5], "texture": "#0"},
				"west": {"uv": [0, 1.75, 0, 1.75], "texture": "#0"},
				"up": {"uv": [0, 1, 0, 1], "texture": "#0"},
				"down": {"uv": [0, 1.5, 0, 1.5], "texture": "#0"}
			}
		},
		{
			"name": "hexadecagon",
			"from": [4.35218, 11.75, 1.75],
			"to": [5.14782, 12.25, 2.25],
			"rotation": {"angle": 22.5, "axis": "z", "origin": [4.75, 13.75, 2]},
			"faces": {
				"north": {"uv": [0, 1.5, 0, 1.5], "texture": "#0"},
				"east": {"uv": [0, 1.5, 0, 1.5], "texture": "#0"},
				"south": {"uv": [0, 1.5, 0, 1.5], "texture": "#0"},
				"west": {"uv": [0, 1.75, 0, 1.75], "texture": "#0"},
				"up": {"uv": [0, 1, 0, 1], "texture": "#0"},
				"down": {"uv": [0, 1.5, 0, 1.5], "texture": "#0"}
			}
		},
		{
			"name": "hexadecagon",
			"from": [4.35218, 11.75, 1.75],
			"to": [5.14782, 12.25, 2.25],
			"rotation": {"angle": 45, "axis": "z", "origin": [4.75, 13.75, 2]},
			"faces": {
				"north": {"uv": [0, 1.5, 0, 1.5], "texture": "#0"},
				"east": {"uv": [0, 1.5, 0, 1.5], "texture": "#0"},
				"south": {"uv": [0, 1.5, 0, 1.5], "texture": "#0"},
				"west": {"uv": [0, 1.75, 0, 1.75], "texture": "#0"},
				"up": {"uv": [0, 1, 0, 1], "texture": "#0"},
				"down": {"uv": [0, 1.5, 0, 1.5], "texture": "#0"}
			}
		},
		{
			"name": "hexadecagon",
			"from": [6.25, 13.35218, 1.75],
			"to": [6.75, 14.14782, 1.75],
			"rotation": {"angle": -22.5, "axis": "z", "origin": [4.75, 13.75, 2]},
			"faces": {
				"north": {"uv": [0, 1.5, 0, 1.5], "texture": "#0"},
				"east": {"uv": [0, 1.5, 0, 1.5], "texture": "#0"},
				"south": {"uv": [0, 1.5, 0, 1.5], "texture": "#0"},
				"west": {"uv": [0, 1.75, 0, 1.75], "texture": "#0"},
				"up": {"uv": [0, 1, 0, 1], "texture": "#0"},
				"down": {"uv": [0, 1.5, 0, 1.5], "texture": "#0"}
			}
		},
		{
			"name": "hexadecagon",
			"from": [2.75, 13.35218, 1.75],
			"to": [3.25, 14.14782, 2.25],
			"rotation": {"angle": 0, "axis": "y", "origin": [4.75, 13.75, 2]},
			"faces": {
				"north": {"uv": [0, 1.5, 0, 1.5], "texture": "#0"},
				"east": {"uv": [0, 1.5, 0, 1.5], "texture": "#0"},
				"south": {"uv": [0, 1.5, 0, 1.5], "texture": "#0"},
				"west": {"uv": [0, 1.75, 0, 1.75], "texture": "#0"},
				"up": {"uv": [0, 1, 0, 1], "texture": "#0"},
				"down": {"uv": [0, 1.5, 0, 1.5], "texture": "#0"}
			}
		},
		{
			"name": "hexadecagon",
			"from": [2.75, 13.35218, 1.75],
			"to": [3.25, 14.14782, 2.25],
			"rotation": {"angle": 22.5, "axis": "z", "origin": [4.75, 13.75, 2]},
			"faces": {
				"north": {"uv": [0, 1.5, 0, 1.5], "texture": "#0"},
				"east": {"uv": [0, 1.5, 0, 1.5], "texture": "#0"},
				"south": {"uv": [0, 1.5, 0, 1.5], "texture": "#0"},
				"west": {"uv": [0, 1.75, 0, 1.75], "texture": "#0"},
				"up": {"uv": [0, 1, 0, 1], "texture": "#0"},
				"down": {"uv": [0, 1.5, 0, 1.5], "texture": "#0"}
			}
		},
		{
			"name": "hexadecagon",
			"from": [4.35218, 15.25, 1.75],
			"to": [5.14782, 15.75, 2.25],
			"rotation": {"angle": -45, "axis": "z", "origin": [4.75, 13.75, 2]},
			"faces": {
				"north": {"uv": [0, 1.5, 0, 1.5], "texture": "#0"},
				"east": {"uv": [0, 1.5, 0, 1.5], "texture": "#0"},
				"south": {"uv": [0, 1.5, 0, 1.5], "texture": "#0"},
				"west": {"uv": [0, 1.75, 0, 1.75], "texture": "#0"},
				"up": {"uv": [0, 1, 0, 1], "texture": "#0"},
				"down": {"uv": [0, 1.5, 0, 1.5], "texture": "#0"}
			}
		},
		{
			"name": "hexadecagon",
			"from": [4.35218, 15.25, 1.75],
			"to": [5.14782, 15.75, 2.25],
			"rotation": {"angle": -22.5, "axis": "z", "origin": [4.75, 13.75, 2]},
			"faces": {
				"north": {"uv": [0, 1.5, 0, 1.5], "texture": "#0"},
				"east": {"uv": [0, 1.5, 0, 1.5], "texture": "#0"},
				"south": {"uv": [0, 1.5, 0, 1.5], "texture": "#0"},
				"west": {"uv": [0, 1.75, 0, 1.75], "texture": "#0"},
				"up": {"uv": [0, 1, 0, 1], "texture": "#0"},
				"down": {"uv": [0, 1.5, 0, 1.5], "texture": "#0"}
			}
		},
		{
			"name": "hexadecagon",
			"from": [4.35218, 15.25, 1.75],
			"to": [5.14782, 15.75, 2.25],
			"rotation": {"angle": 0, "axis": "y", "origin": [4.75, 13.75, 2]},
			"faces": {
				"north": {"uv": [0, 1.5, 0, 1.5], "texture": "#0"},
				"east": {"uv": [0, 1.5, 0, 1.5], "texture": "#0"},
				"south": {"uv": [0, 1.5, 0, 1.5], "texture": "#0"},
				"west": {"uv": [0, 1.75, 0, 1.75], "texture": "#0"},
				"up": {"uv": [0, 1, 0, 1], "texture": "#0"},
				"down": {"uv": [0, 1.5, 0, 1.5], "texture": "#0"}
			}
		},
		{
			"name": "hexadecagon",
			"from": [4.35218, 15.25, 1.75],
			"to": [5.14782, 15.75, 2.25],
			"rotation": {"angle": 22.5, "axis": "z", "origin": [4.75, 13.75, 2]},
			"faces": {
				"north": {"uv": [0, 1.5, 0, 1.5], "texture": "#0"},
				"east": {"uv": [0, 1.5, 0, 1.5], "texture": "#0"},
				"south": {"uv": [0, 1.5, 0, 1.5], "texture": "#0"},
				"west": {"uv": [0, 1.75, 0, 1.75], "texture": "#0"},
				"up": {"uv": [0, 1, 0, 1], "texture": "#0"},
				"down": {"uv": [0, 1.5, 0, 1.5], "texture": "#0"}
			}
		},
		{
			"name": "hexadecagon",
			"from": [4.35218, 15.25, 1.75],
			"to": [5.14782, 15.75, 2.25],
			"rotation": {"angle": 45, "axis": "z", "origin": [4.75, 13.75, 2]},
			"faces": {
				"north": {"uv": [0, 1.5, 0, 1.5], "texture": "#0"},
				"east": {"uv": [0, 1.5, 0, 1.5], "texture": "#0"},
				"south": {"uv": [0, 1.5, 0, 1.5], "texture": "#0"},
				"west": {"uv": [0, 1.75, 0, 1.75], "texture": "#0"},
				"up": {"uv": [0, 1, 0, 1], "texture": "#0"},
				"down": {"uv": [0, 1.5, 0, 1.5], "texture": "#0"}
			}
		},
		{
			"name": "hexadecagon",
			"from": [2.75, 13.35218, 1.75],
			"to": [3.25, 14.14782, 2.25],
			"rotation": {"angle": -22.5, "axis": "z", "origin": [4.75, 13.75, 2]},
			"faces": {
				"north": {"uv": [0, 1.5, 0, 1.5], "texture": "#0"},
				"east": {"uv": [0, 1.5, 0, 1.5], "texture": "#0"},
				"south": {"uv": [0, 1.5, 0, 1.5], "texture": "#0"},
				"west": {"uv": [0, 1.75, 0, 1.75], "texture": "#0"},
				"up": {"uv": [0, 1, 0, 1], "texture": "#0"},
				"down": {"uv": [0, 1.5, 0, 1.5], "texture": "#0"}
			}
		},
		{
			"name": "hexadecagon",
			"from": [6.25, 13.35218, 1.75],
			"to": [6.75, 14.14782, 2.25],
			"rotation": {"angle": 0, "axis": "y", "origin": [4.75, 13.75, 2]},
			"faces": {
				"north": {"uv": [0, 1.5, 0, 1.5], "texture": "#0"},
				"east": {"uv": [0, 1.5, 0, 1.5], "texture": "#0"},
				"south": {"uv": [0, 1.5, 0, 1.5], "texture": "#0"},
				"west": {"uv": [0, 1.75, 0, 1.75], "texture": "#0"},
				"up": {"uv": [0, 1, 0, 1], "texture": "#0"},
				"down": {"uv": [0, 1.5, 0, 1.5], "texture": "#0"}
			}
		},
		{
			"name": "hexadecagon",
			"from": [6.25, 13.35218, 1.75],
			"to": [6.75, 14.14782, 2.25],
			"rotation": {"angle": 22.5, "axis": "z", "origin": [4.75, 13.75, 2]},
			"faces": {
				"north": {"uv": [0, 1.5, 0, 1.5], "texture": "#0"},
				"east": {"uv": [0, 1.5, 0, 1.5], "texture": "#0"},
				"south": {"uv": [0, 1.5, 0, 1.5], "texture": "#0"},
				"west": {"uv": [0, 1.75, 0, 1.75], "texture": "#0"},
				"up": {"uv": [0, 1, 0, 1], "texture": "#0"},
				"down": {"uv": [0, 1.5, 0, 1.5], "texture": "#0"}
			}
		},
		{
			"from": [4.45495, 16.23439, 1.5],
			"to": [4.70495, 21.73439, 2],
			"rotation": {"angle": 45, "axis": "z", "origin": [12.45495, 13.48439, 9]},
			"faces": {
				"north": {"uv": [0, 1.5, 0, 1.5], "rotation": 270, "texture": "#0"},
				"east": {"uv": [0, 1.5, 0, 1.5], "rotation": 90, "texture": "#0"},
				"south": {"uv": [0, 1.5, 0, 1.5], "rotation": 90, "texture": "#0"},
				"west": {"uv": [0, 1.75, 0, 1.75], "rotation": 90, "texture": "#0"},
				"up": {"uv": [0, 1, 0, 1], "rotation": 90, "texture": "#0"},
				"down": {"uv": [0, 1.5, 0, 1.5], "rotation": 90, "texture": "#0"}
			}
		},
		{
			"from": [4.95495, 17.4415, 1.5],
			"to": [5.20495, 21.6915, 2],
			"rotation": {"angle": 45, "axis": "z", "origin": [12.95495, 13.6915, 9]},
			"faces": {
				"north": {"uv": [0, 1.5, 0, 1.5], "rotation": 270, "texture": "#0"},
				"east": {"uv": [0, 1.5, 0, 1.5], "rotation": 90, "texture": "#0"},
				"south": {"uv": [0, 1.5, 0, 1.5], "rotation": 90, "texture": "#0"},
				"west": {"uv": [0, 1.75, 0, 1.75], "rotation": 90, "texture": "#0"},
				"up": {"uv": [0, 1, 0, 1], "rotation": 90, "texture": "#0"},
				"down": {"uv": [0, 1.5, 0, 1.5], "rotation": 90, "texture": "#0"}
			}
		},
		{
			"from": [-3.67678, 8.95621, 1.5],
			"to": [-3.42678, 14.20621, 2],
			"rotation": {"angle": -45, "axis": "z", "origin": [4.32322, 5.70621, 9]},
			"faces": {
				"north": {"uv": [0, 1.5, 0, 1.5], "rotation": 270, "texture": "#0"},
				"east": {"uv": [0, 1.5, 0, 1.5], "rotation": 90, "texture": "#0"},
				"south": {"uv": [0, 1.5, 0, 1.5], "rotation": 90, "texture": "#0"},
				"west": {"uv": [0, 1.75, 0, 1.75], "rotation": 90, "texture": "#0"},
				"up": {"uv": [0, 1, 0, 1], "rotation": 90, "texture": "#0"},
				"down": {"uv": [0, 1.5, 0, 1.5], "rotation": 90, "texture": "#0"}
			}
		},
		{
			"from": [-3.35355, 9.13299, 1.5],
			"to": [-3.10355, 13.38299, 2],
			"rotation": {"angle": -45, "axis": "z", "origin": [4.64645, 5.38299, 9]},
			"faces": {
				"north": {"uv": [0, 1.5, 0, 1.5], "rotation": 270, "texture": "#0"},
				"east": {"uv": [0, 1.5, 0, 1.5], "rotation": 90, "texture": "#0"},
				"south": {"uv": [0, 1.5, 0, 1.5], "rotation": 90, "texture": "#0"},
				"west": {"uv": [0, 1.75, 0, 1.75], "rotation": 90, "texture": "#0"},
				"up": {"uv": [0, 1, 0, 1], "rotation": 90, "texture": "#0"},
				"down": {"uv": [0, 1.5, 0, 1.5], "rotation": 90, "texture": "#0"}
			}
		},
		{
			"from": [4.41117, 5.57538, 1.5],
			"to": [4.66117, 10.82538, 2],
			"rotation": {"angle": 45, "axis": "z", "origin": [-3.33883, 14.32538, 9]},
			"faces": {
				"north": {"uv": [0, 1.5, 0, 1.5], "rotation": 90, "texture": "#0"},
				"east": {"uv": [0, 1.5, 0, 1.5], "rotation": 270, "texture": "#0"},
				"south": {"uv": [0, 1.5, 0, 1.5], "rotation": 270, "texture": "#0"},
				"west": {"uv": [0, 1.75, 0, 1.75], "rotation": 270, "texture": "#0"},
				"up": {"uv": [0, 1, 0, 1], "rotation": 270, "texture": "#0"},
				"down": {"uv": [0, 1.5, 0, 1.5], "rotation": 270, "texture": "#0"}
			}
		},
		{
			"from": [4.26472, 5.86827, 1.5],
			"to": [4.51472, 10.11827, 2],
			"rotation": {"angle": 45, "axis": "z", "origin": [-3.48528, 13.86827, 9]},
			"faces": {
				"north": {"uv": [0, 1.5, 0, 1.5], "rotation": 90, "texture": "#0"},
				"east": {"uv": [0, 1.5, 0, 1.5], "rotation": 270, "texture": "#0"},
				"south": {"uv": [0, 1.5, 0, 1.5], "rotation": 270, "texture": "#0"},
				"west": {"uv": [0, 1.75, 0, 1.75], "rotation": 270, "texture": "#0"},
				"up": {"uv": [0, 1, 0, 1], "rotation": 270, "texture": "#0"},
				"down": {"uv": [0, 1.5, 0, 1.5], "rotation": 270, "texture": "#0"}
			}
		},
		{
			"from": [-3.25, 13.75, 1.5],
			"to": [2, 14, 2],
			"rotation": {"angle": 45, "axis": "z", "origin": [5.5, 21.75, 9]},
			"faces": {
				"north": {"uv": [0, 1.5, 0, 1.5], "texture": "#0"},
				"east": {"uv": [0, 1.5, 0, 1.5], "texture": "#0"},
				"south": {"uv": [0, 1.5, 0, 1.5], "texture": "#0"},
				"west": {"uv": [0, 1.75, 0, 1.75], "texture": "#0"},
				"up": {"uv": [0, 1, 0, 1], "texture": "#0"},
				"down": {"uv": [0, 1.5, 0, 1.5], "texture": "#0"}
			}
		},
		{
			"from": [-3.25, 14, 1.5],
			"to": [1.25, 14.25, 2],
			"rotation": {"angle": 45, "axis": "z", "origin": [5, 22, 9]},
			"faces": {
				"north": {"uv": [0, 1.5, 0, 1.5], "texture": "#0"},
				"east": {"uv": [0, 1.5, 0, 1.5], "texture": "#0"},
				"south": {"uv": [0, 1.5, 0, 1.5], "texture": "#0"},
				"west": {"uv": [0, 1.75, 0, 1.75], "texture": "#0"},
				"up": {"uv": [0, 1, 0, 1], "texture": "#0"},
				"down": {"uv": [0, 1.5, 0, 1.5], "texture": "#0"}
			}
		},
		{
			"name": "hexadecagon",
			"from": [4.35218, 11.75, 9.75],
			"to": [5.14782, 12.25, 10.25],
			"rotation": {"angle": -45, "axis": "z", "origin": [4.75, 13.75, 10]},
			"faces": {
				"north": {"uv": [0, 1.5, 0, 1.5], "texture": "#0"},
				"east": {"uv": [0, 1.5, 0, 1.5], "texture": "#0"},
				"south": {"uv": [0, 1.5, 0, 1.5], "texture": "#0"},
				"west": {"uv": [0, 1.25, 0, 1.25], "texture": "#0"},
				"up": {"uv": [0, 1.25, 0, 1.25], "texture": "#0"},
				"down": {"uv": [0, 1.25, 0, 1.25], "texture": "#0"}
			}
		},
		{
			"name": "hexadecagon",
			"from": [4.35218, 11.75, 9.75],
			"to": [5.14782, 12.25, 10.25],
			"rotation": {"angle": -22.5, "axis": "z", "origin": [4.75, 13.75, 10]},
			"faces": {
				"north": {"uv": [0, 1.5, 0, 1.5], "texture": "#0"},
				"east": {"uv": [0, 1.5, 0, 1.5], "texture": "#0"},
				"south": {"uv": [0, 1.5, 0, 1.5], "texture": "#0"},
				"west": {"uv": [0, 1.25, 0, 1.25], "texture": "#0"},
				"up": {"uv": [0, 1.25, 0, 1.25], "texture": "#0"},
				"down": {"uv": [0, 1.25, 0, 1.25], "texture": "#0"}
			}
		},
		{
			"name": "hexadecagon",
			"from": [4.35218, 11.75, 9.75],
			"to": [5.14782, 12.25, 10.25],
			"rotation": {"angle": 0, "axis": "y", "origin": [4.75, 13.75, 10]},
			"faces": {
				"north": {"uv": [0, 1.5, 0, 1.5], "texture": "#0"},
				"east": {"uv": [0, 1.5, 0, 1.5], "texture": "#0"},
				"south": {"uv": [0, 1.5, 0, 1.5], "texture": "#0"},
				"west": {"uv": [0, 1.25, 0, 1.25], "texture": "#0"},
				"up": {"uv": [0, 1.25, 0, 1.25], "texture": "#0"},
				"down": {"uv": [0, 1.25, 0, 1.25], "texture": "#0"}
			}
		},
		{
			"name": "hexadecagon",
			"from": [4.35218, 11.75, 9.75],
			"to": [5.14782, 12.25, 10.25],
			"rotation": {"angle": 22.5, "axis": "z", "origin": [4.75, 13.75, 10]},
			"faces": {
				"north": {"uv": [0, 1.5, 0, 1.5], "texture": "#0"},
				"east": {"uv": [0, 1.5, 0, 1.5], "texture": "#0"},
				"south": {"uv": [0, 1.5, 0, 1.5], "texture": "#0"},
				"west": {"uv": [0, 1.25, 0, 1.25], "texture": "#0"},
				"up": {"uv": [0, 1.25, 0, 1.25], "texture": "#0"},
				"down": {"uv": [0, 1.25, 0, 1.25], "texture": "#0"}
			}
		},
		{
			"name": "hexadecagon",
			"from": [4.35218, 11.75, 9.75],
			"to": [5.14782, 12.25, 10.25],
			"rotation": {"angle": 45, "axis": "z", "origin": [4.75, 13.75, 10]},
			"faces": {
				"north": {"uv": [0, 1.5, 0, 1.5], "texture": "#0"},
				"east": {"uv": [0, 1.5, 0, 1.5], "texture": "#0"},
				"south": {"uv": [0, 1.5, 0, 1.5], "texture": "#0"},
				"west": {"uv": [0, 1.25, 0, 1.25], "texture": "#0"},
				"up": {"uv": [0, 1.25, 0, 1.25], "texture": "#0"},
				"down": {"uv": [0, 1.25, 0, 1.25], "texture": "#0"}
			}
		},
		{
			"name": "hexadecagon",
			"from": [6.25, 13.35218, 10.25],
			"to": [6.75, 14.14782, 10.25],
			"rotation": {"angle": -22.5, "axis": "z", "origin": [4.75, 13.75, 10.5]},
			"faces": {
				"north": {"uv": [0, 1.5, 0, 1.5], "texture": "#0"},
				"east": {"uv": [0, 1.5, 0, 1.5], "texture": "#0"},
				"south": {"uv": [0, 1.5, 0, 1.5], "texture": "#0"},
				"west": {"uv": [0, 1.25, 0, 1.25], "texture": "#0"},
				"up": {"uv": [0, 1.25, 0, 1.25], "texture": "#0"},
				"down": {"uv": [0, 1.25, 0, 1.25], "texture": "#0"}
			}
		},
		{
			"name": "hexadecagon",
			"from": [2.75, 13.35218, 9.75],
			"to": [3.25, 14.14782, 10.25],
			"rotation": {"angle": 0, "axis": "y", "origin": [4.75, 13.75, 10]},
			"faces": {
				"north": {"uv": [0, 1.5, 0, 1.5], "texture": "#0"},
				"east": {"uv": [0, 1.5, 0, 1.5], "texture": "#0"},
				"south": {"uv": [0, 1.5, 0, 1.5], "texture": "#0"},
				"west": {"uv": [0, 1.25, 0, 1.25], "texture": "#0"},
				"up": {"uv": [0, 1.25, 0, 1.25], "texture": "#0"},
				"down": {"uv": [0, 1.25, 0, 1.25], "texture": "#0"}
			}
		},
		{
			"name": "hexadecagon",
			"from": [2.75, 13.35218, 9.75],
			"to": [3.25, 14.14782, 10.25],
			"rotation": {"angle": 22.5, "axis": "z", "origin": [4.75, 13.75, 10]},
			"faces": {
				"north": {"uv": [0, 1.5, 0, 1.5], "texture": "#0"},
				"east": {"uv": [0, 1.5, 0, 1.5], "texture": "#0"},
				"south": {"uv": [0, 1.5, 0, 1.5], "texture": "#0"},
				"west": {"uv": [0, 1.25, 0, 1.25], "texture": "#0"},
				"up": {"uv": [0, 1.25, 0, 1.25], "texture": "#0"},
				"down": {"uv": [0, 1.25, 0, 1.25], "texture": "#0"}
			}
		},
		{
			"name": "hexadecagon",
			"from": [4.35218, 15.25, 9.75],
			"to": [5.14782, 15.75, 10.25],
			"rotation": {"angle": -45, "axis": "z", "origin": [4.75, 13.75, 10]},
			"faces": {
				"north": {"uv": [0, 1.5, 0, 1.5], "texture": "#0"},
				"east": {"uv": [0, 1.5, 0, 1.5], "texture": "#0"},
				"south": {"uv": [0, 1.5, 0, 1.5], "texture": "#0"},
				"west": {"uv": [0, 1.25, 0, 1.25], "texture": "#0"},
				"up": {"uv": [0, 1.25, 0, 1.25], "texture": "#0"},
				"down": {"uv": [0, 1.25, 0, 1.25], "texture": "#0"}
			}
		},
		{
			"name": "hexadecagon",
			"from": [4.35218, 15.25, 9.75],
			"to": [5.14782, 15.75, 10.25],
			"rotation": {"angle": -22.5, "axis": "z", "origin": [4.75, 13.75, 10]},
			"faces": {
				"north": {"uv": [0, 1.5, 0, 1.5], "texture": "#0"},
				"east": {"uv": [0, 1.5, 0, 1.5], "texture": "#0"},
				"south": {"uv": [0, 1.5, 0, 1.5], "texture": "#0"},
				"west": {"uv": [0, 1.25, 0, 1.25], "texture": "#0"},
				"up": {"uv": [0, 1.25, 0, 1.25], "texture": "#0"},
				"down": {"uv": [0, 1.25, 0, 1.25], "texture": "#0"}
			}
		},
		{
			"name": "hexadecagon",
			"from": [4.35218, 15.25, 9.75],
			"to": [5.14782, 15.75, 10.25],
			"rotation": {"angle": 0, "axis": "y", "origin": [4.75, 13.75, 10]},
			"faces": {
				"north": {"uv": [0, 1.5, 0, 1.5], "texture": "#0"},
				"east": {"uv": [0, 1.5, 0, 1.5], "texture": "#0"},
				"south": {"uv": [0, 1.5, 0, 1.5], "texture": "#0"},
				"west": {"uv": [0, 1.25, 0, 1.25], "texture": "#0"},
				"up": {"uv": [0, 1.25, 0, 1.25], "texture": "#0"},
				"down": {"uv": [0, 1.25, 0, 1.25], "texture": "#0"}
			}
		},
		{
			"name": "hexadecagon",
			"from": [4.35218, 15.25, 9.75],
			"to": [5.14782, 15.75, 10.25],
			"rotation": {"angle": 22.5, "axis": "z", "origin": [4.75, 13.75, 10]},
			"faces": {
				"north": {"uv": [0, 1.5, 0, 1.5], "texture": "#0"},
				"east": {"uv": [0, 1.5, 0, 1.5], "texture": "#0"},
				"south": {"uv": [0, 1.5, 0, 1.5], "texture": "#0"},
				"west": {"uv": [0, 1.25, 0, 1.25], "texture": "#0"},
				"up": {"uv": [0, 1.25, 0, 1.25], "texture": "#0"},
				"down": {"uv": [0, 1.25, 0, 1.25], "texture": "#0"}
			}
		},
		{
			"name": "hexadecagon",
			"from": [4.35218, 15.25, 9.75],
			"to": [5.14782, 15.75, 10.25],
			"rotation": {"angle": 45, "axis": "z", "origin": [4.75, 13.75, 10]},
			"faces": {
				"north": {"uv": [0, 1.5, 0, 1.5], "texture": "#0"},
				"east": {"uv": [0, 1.5, 0, 1.5], "texture": "#0"},
				"south": {"uv": [0, 1.5, 0, 1.5], "texture": "#0"},
				"west": {"uv": [0, 1.25, 0, 1.25], "texture": "#0"},
				"up": {"uv": [0, 1.25, 0, 1.25], "texture": "#0"},
				"down": {"uv": [0, 1.25, 0, 1.25], "texture": "#0"}
			}
		},
		{
			"name": "hexadecagon",
			"from": [2.75, 13.35218, 9.75],
			"to": [3.25, 14.14782, 10.25],
			"rotation": {"angle": -22.5, "axis": "z", "origin": [4.75, 13.75, 10]},
			"faces": {
				"north": {"uv": [0, 1.5, 0, 1.5], "texture": "#0"},
				"east": {"uv": [0, 1.5, 0, 1.5], "texture": "#0"},
				"south": {"uv": [0, 1.5, 0, 1.5], "texture": "#0"},
				"west": {"uv": [0, 1.25, 0, 1.25], "texture": "#0"},
				"up": {"uv": [0, 1.25, 0, 1.25], "texture": "#0"},
				"down": {"uv": [0, 1.25, 0, 1.25], "texture": "#0"}
			}
		},
		{
			"name": "hexadecagon",
			"from": [6.25, 13.35218, 9.75],
			"to": [6.75, 14.14782, 10.25],
			"rotation": {"angle": 0, "axis": "y", "origin": [4.75, 13.75, 10]},
			"faces": {
				"north": {"uv": [0, 1.5, 0, 1.5], "texture": "#0"},
				"east": {"uv": [0, 1.5, 0, 1.5], "texture": "#0"},
				"south": {"uv": [0, 1.5, 0, 1.5], "texture": "#0"},
				"west": {"uv": [0, 1.25, 0, 1.25], "texture": "#0"},
				"up": {"uv": [0, 1.25, 0, 1.25], "texture": "#0"},
				"down": {"uv": [0, 1.25, 0, 1.25], "texture": "#0"}
			}
		},
		{
			"name": "hexadecagon",
			"from": [6.25, 13.35218, 9.75],
			"to": [6.75, 14.14782, 10.25],
			"rotation": {"angle": 22.5, "axis": "z", "origin": [4.75, 13.75, 10]},
			"faces": {
				"north": {"uv": [0, 1.5, 0, 1.5], "texture": "#0"},
				"east": {"uv": [0, 1.5, 0, 1.5], "texture": "#0"},
				"south": {"uv": [0, 1.5, 0, 1.5], "texture": "#0"},
				"west": {"uv": [0, 1.25, 0, 1.25], "texture": "#0"},
				"up": {"uv": [0, 1.25, 0, 1.25], "texture": "#0"},
				"down": {"uv": [0, 1.25, 0, 1.25], "texture": "#0"}
			}
		},
		{
			"from": [4.45495, 16.23439, 10],
			"to": [4.70495, 21.73439, 10.5],
			"rotation": {"angle": 45, "axis": "z", "origin": [12.45495, 13.48439, 17.5]},
			"faces": {
				"north": {"uv": [0, 1.5, 0, 1.5], "rotation": 270, "texture": "#0"},
				"east": {"uv": [0, 1.5, 0, 1.5], "rotation": 90, "texture": "#0"},
				"south": {"uv": [0, 1.5, 0, 1.5], "rotation": 90, "texture": "#0"},
				"west": {"uv": [0, 1.25, 0, 1.25], "rotation": 90, "texture": "#0"},
				"up": {"uv": [0, 1.25, 0, 1.25], "rotation": 90, "texture": "#0"},
				"down": {"uv": [0, 1.25, 0, 1.25], "rotation": 90, "texture": "#0"}
			}
		},
		{
			"from": [4.95495, 17.4415, 10],
			"to": [5.20495, 21.6915, 10.5],
			"rotation": {"angle": 45, "axis": "z", "origin": [12.95495, 13.6915, 17.5]},
			"faces": {
				"north": {"uv": [0, 1.5, 0, 1.5], "rotation": 270, "texture": "#0"},
				"east": {"uv": [0, 1.5, 0, 1.5], "rotation": 90, "texture": "#0"},
				"south": {"uv": [0, 1.5, 0, 1.5], "rotation": 90, "texture": "#0"},
				"west": {"uv": [0, 1.25, 0, 1.25], "rotation": 90, "texture": "#0"},
				"up": {"uv": [0, 1.25, 0, 1.25], "rotation": 90, "texture": "#0"},
				"down": {"uv": [0, 1.25, 0, 1.25], "rotation": 90, "texture": "#0"}
			}
		},
		{
			"from": [-3.67678, 8.95621, 10],
			"to": [-3.42678, 14.20621, 10.5],
			"rotation": {"angle": -45, "axis": "z", "origin": [4.32322, 5.70621, 17.5]},
			"faces": {
				"north": {"uv": [0, 1.5, 0, 1.5], "rotation": 270, "texture": "#0"},
				"east": {"uv": [0, 1.5, 0, 1.5], "rotation": 90, "texture": "#0"},
				"south": {"uv": [0, 1.5, 0, 1.5], "rotation": 90, "texture": "#0"},
				"west": {"uv": [0, 1.25, 0, 1.25], "rotation": 90, "texture": "#0"},
				"up": {"uv": [0, 1.25, 0, 1.25], "rotation": 90, "texture": "#0"},
				"down": {"uv": [0, 1.25, 0, 1.25], "rotation": 90, "texture": "#0"}
			}
		},
		{
			"from": [-3.35355, 9.13299, 10],
			"to": [-3.10355, 13.38299, 10.5],
			"rotation": {"angle": -45, "axis": "z", "origin": [4.64645, 5.38299, 17.5]},
			"faces": {
				"north": {"uv": [0, 1.5, 0, 1.5], "rotation": 270, "texture": "#0"},
				"east": {"uv": [0, 1.5, 0, 1.5], "rotation": 90, "texture": "#0"},
				"south": {"uv": [0, 1.5, 0, 1.5], "rotation": 90, "texture": "#0"},
				"west": {"uv": [0, 1.25, 0, 1.25], "rotation": 90, "texture": "#0"},
				"up": {"uv": [0, 1.25, 0, 1.25], "rotation": 90, "texture": "#0"},
				"down": {"uv": [0, 1.25, 0, 1.25], "rotation": 90, "texture": "#0"}
			}
		},
		{
			"from": [4.41117, 5.57538, 10],
			"to": [4.66117, 10.82538, 10.5],
			"rotation": {"angle": 45, "axis": "z", "origin": [-3.33883, 14.32538, 17.5]},
			"faces": {
				"north": {"uv": [0, 1.5, 0, 1.5], "rotation": 90, "texture": "#0"},
				"east": {"uv": [0, 1.5, 0, 1.5], "rotation": 270, "texture": "#0"},
				"south": {"uv": [0, 1.5, 0, 1.5], "rotation": 270, "texture": "#0"},
				"west": {"uv": [0, 1.25, 0, 1.25], "rotation": 270, "texture": "#0"},
				"up": {"uv": [0, 1.25, 0, 1.25], "rotation": 270, "texture": "#0"},
				"down": {"uv": [0, 1.25, 0, 1.25], "rotation": 270, "texture": "#0"}
			}
		},
		{
			"from": [4.26472, 5.86827, 10],
			"to": [4.51472, 10.11827, 10.5],
			"rotation": {"angle": 45, "axis": "z", "origin": [-3.48528, 13.86827, 17.5]},
			"faces": {
				"north": {"uv": [0, 1.5, 0, 1.5], "rotation": 90, "texture": "#0"},
				"east": {"uv": [0, 1.5, 0, 1.5], "rotation": 270, "texture": "#0"},
				"south": {"uv": [0, 1.5, 0, 1.5], "rotation": 270, "texture": "#0"},
				"west": {"uv": [0, 1.25, 0, 1.25], "rotation": 270, "texture": "#0"},
				"up": {"uv": [0, 1.25, 0, 1.25], "rotation": 270, "texture": "#0"},
				"down": {"uv": [0, 1.25, 0, 1.25], "rotation": 270, "texture": "#0"}
			}
		},
		{
			"from": [-3.25, 13.75, 10],
			"to": [2, 14, 10.5],
			"rotation": {"angle": 45, "axis": "z", "origin": [5.5, 21.75, 17.5]},
			"faces": {
				"north": {"uv": [0, 1.5, 0, 1.5], "texture": "#0"},
				"east": {"uv": [0, 1.5, 0, 1.5], "texture": "#0"},
				"south": {"uv": [0, 1.5, 0, 1.5], "texture": "#0"},
				"west": {"uv": [0, 1.25, 0, 1.25], "texture": "#0"},
				"up": {"uv": [0, 1.25, 0, 1.25], "texture": "#0"},
				"down": {"uv": [0, 1.25, 0, 1.25], "texture": "#0"}
			}
		},
		{
			"from": [-3.25, 14, 10],
			"to": [1.25, 14.25, 10.5],
			"rotation": {"angle": 45, "axis": "z", "origin": [5, 22, 17.5]},
			"faces": {
				"north": {"uv": [0, 1.5, 0, 1.5], "texture": "#0"},
				"east": {"uv": [0, 1.5, 0, 1.5], "texture": "#0"},
				"south": {"uv": [0, 1.5, 0, 1.5], "texture": "#0"},
				"west": {"uv": [0, 1.25, 0, 1.25], "texture": "#0"},
				"up": {"uv": [0, 1.25, 0, 1.25], "texture": "#0"},
				"down": {"uv": [0, 1.25, 0, 1.25], "texture": "#0"}
			}
		},
		{
			"name": "hexadecagon",
			"from": [0.5, 13.10218, 7.5],
			"to": [1, 13.89782, 8],
			"rotation": {"angle": -45, "axis": "x", "origin": [0.75, 13.5, 6]},
			"faces": {
				"north": {"uv": [0, 1.5, 0, 1.5], "texture": "#0"},
				"east": {"uv": [0, 1.25, 0, 1.25], "texture": "#0"},
				"south": {"uv": [0, 1.5, 0, 1.75], "texture": "#0"},
				"west": {"uv": [0, 1.5, 0, 1.5], "texture": "#0"},
				"up": {"uv": [0, 1.25, 0, 1.25], "texture": "#0"},
				"down": {"uv": [0, 1.5, 0, 1.5], "texture": "#0"}
			}
		},
		{
			"name": "hexadecagon",
			"from": [0.5, 13.10218, 7.5],
			"to": [1, 13.89782, 8],
			"rotation": {"angle": -22.5, "axis": "x", "origin": [0.75, 13.5, 6]},
			"faces": {
				"north": {"uv": [0, 1.5, 0, 1.5], "texture": "#0"},
				"east": {"uv": [0, 1.25, 0, 1.25], "texture": "#0"},
				"south": {"uv": [0, 1.5, 0, 1.75], "texture": "#0"},
				"west": {"uv": [0, 1.5, 0, 1.5], "texture": "#0"},
				"up": {"uv": [0, 1.25, 0, 1.25], "texture": "#0"},
				"down": {"uv": [0, 1.5, 0, 1.5], "texture": "#0"}
			}
		},
		{
			"name": "hexadecagon",
			"from": [0.5, 13.10218, 7.5],
			"to": [1, 13.89782, 8],
			"rotation": {"angle": 0, "axis": "y", "origin": [0.75, 13.5, 6]},
			"faces": {
				"north": {"uv": [0, 1.5, 0, 1.5], "texture": "#0"},
				"east": {"uv": [0, 1.25, 0, 1.25], "texture": "#0"},
				"south": {"uv": [0, 1.5, 0, 1.75], "texture": "#0"},
				"west": {"uv": [0, 1.5, 0, 1.5], "texture": "#0"},
				"up": {"uv": [0, 1.25, 0, 1.25], "texture": "#0"},
				"down": {"uv": [0, 1.5, 0, 1.5], "texture": "#0"}
			}
		},
		{
			"name": "hexadecagon",
			"from": [0.5, 13.10218, 4],
			"to": [1, 13.89782, 4.5],
			"rotation": {"angle": 22.5, "axis": "x", "origin": [0.75, 13.5, 6]},
			"faces": {
				"north": {"uv": [0, 1.5, 0, 1.5], "texture": "#0"},
				"east": {"uv": [0, 1.25, 0, 1.25], "texture": "#0"},
				"south": {"uv": [0, 1.5, 0, 1.75], "texture": "#0"},
				"west": {"uv": [0, 1.5, 0, 1.5], "texture": "#0"},
				"up": {"uv": [0, 1.25, 0, 1.25], "texture": "#0"},
				"down": {"uv": [0, 1.5, 0, 1.5], "texture": "#0"}
			}
		},
		{
			"name": "hexadecagon",
			"from": [0.5, 13.10218, 4],
			"to": [1, 13.89782, 4.5],
			"rotation": {"angle": 45, "axis": "x", "origin": [0.75, 13.5, 6]},
			"faces": {
				"north": {"uv": [0, 1.5, 0, 1.5], "texture": "#0"},
				"east": {"uv": [0, 1.25, 0, 1.25], "texture": "#0"},
				"south": {"uv": [0, 1.5, 0, 1.75], "texture": "#0"},
				"west": {"uv": [0, 1.5, 0, 1.5], "texture": "#0"},
				"up": {"uv": [0, 1.25, 0, 1.25], "texture": "#0"},
				"down": {"uv": [0, 1.5, 0, 1.5], "texture": "#0"}
			}
		},
		{
			"name": "hexadecagon",
			"from": [0.5, 15, 5.60218],
			"to": [1, 15.5, 6.39782],
			"rotation": {"angle": -22.5, "axis": "x", "origin": [0.75, 13.5, 6]},
			"faces": {
				"north": {"uv": [0, 1.5, 0, 1.5], "texture": "#0"},
				"east": {"uv": [0, 1.25, 0, 1.25], "texture": "#0"},
				"south": {"uv": [0, 1.5, 0, 1.75], "texture": "#0"},
				"west": {"uv": [0, 1.5, 0, 1.5], "texture": "#0"},
				"up": {"uv": [0, 1.25, 0, 1.25], "texture": "#0"},
				"down": {"uv": [0, 1.5, 0, 1.5], "texture": "#0"}
			}
		},
		{
			"name": "hexadecagon",
			"from": [0.5, 15, 5.60218],
			"to": [1, 15.5, 6.39782],
			"rotation": {"angle": 0, "axis": "y", "origin": [0.75, 13.5, 6]},
			"faces": {
				"north": {"uv": [0, 1.5, 0, 1.5], "texture": "#0"},
				"east": {"uv": [0, 1.25, 0, 1.25], "texture": "#0"},
				"south": {"uv": [0, 1.5, 0, 1.75], "texture": "#0"},
				"west": {"uv": [0, 1.5, 0, 1.5], "texture": "#0"},
				"up": {"uv": [0, 1.25, 0, 1.25], "texture": "#0"},
				"down": {"uv": [0, 1.5, 0, 1.5], "texture": "#0"}
			}
		},
		{
			"name": "hexadecagon",
			"from": [0.5, 15, 5.60218],
			"to": [1, 15.5, 6.39782],
			"rotation": {"angle": 22.5, "axis": "x", "origin": [0.75, 13.5, 6]},
			"faces": {
				"north": {"uv": [0, 1.5, 0, 1.5], "texture": "#0"},
				"east": {"uv": [0, 1.25, 0, 1.25], "texture": "#0"},
				"south": {"uv": [0, 1.5, 0, 1.75], "texture": "#0"},
				"west": {"uv": [0, 1.5, 0, 1.5], "texture": "#0"},
				"up": {"uv": [0, 1.25, 0, 1.25], "texture": "#0"},
				"down": {"uv": [0, 1.5, 0, 1.5], "texture": "#0"}
			}
		},
		{
			"name": "hexadecagon",
			"from": [0.5, 13.10218, 4],
			"to": [1, 13.89782, 4.5],
			"rotation": {"angle": -45, "axis": "x", "origin": [0.75, 13.5, 6]},
			"faces": {
				"north": {"uv": [0, 1.5, 0, 1.5], "texture": "#0"},
				"east": {"uv": [0, 1.25, 0, 1.25], "texture": "#0"},
				"south": {"uv": [0, 1.5, 0, 1.75], "texture": "#0"},
				"west": {"uv": [0, 1.5, 0, 1.5], "texture": "#0"},
				"up": {"uv": [0, 1.25, 0, 1.25], "texture": "#0"},
				"down": {"uv": [0, 1.5, 0, 1.5], "texture": "#0"}
			}
		},
		{
			"name": "hexadecagon",
			"from": [0.5, 13.10218, 4],
			"to": [1, 13.89782, 4.5],
			"rotation": {"angle": -22.5, "axis": "x", "origin": [0.75, 13.5, 6]},
			"faces": {
				"north": {"uv": [0, 1.5, 0, 1.5], "texture": "#0"},
				"east": {"uv": [0, 1.25, 0, 1.25], "texture": "#0"},
				"south": {"uv": [0, 1.5, 0, 1.75], "texture": "#0"},
				"west": {"uv": [0, 1.5, 0, 1.5], "texture": "#0"},
				"up": {"uv": [0, 1.25, 0, 1.25], "texture": "#0"},
				"down": {"uv": [0, 1.5, 0, 1.5], "texture": "#0"}
			}
		},
		{
			"name": "hexadecagon",
			"from": [0.5, 13.10218, 4],
			"to": [1, 13.89782, 4.5],
			"rotation": {"angle": 0, "axis": "y", "origin": [0.75, 13.5, 6]},
			"faces": {
				"north": {"uv": [0, 1.5, 0, 1.5], "texture": "#0"},
				"east": {"uv": [0, 1.25, 0, 1.25], "texture": "#0"},
				"south": {"uv": [0, 1.5, 0, 1.75], "texture": "#0"},
				"west": {"uv": [0, 1.5, 0, 1.5], "texture": "#0"},
				"up": {"uv": [0, 1.25, 0, 1.25], "texture": "#0"},
				"down": {"uv": [0, 1.5, 0, 1.5], "texture": "#0"}
			}
		},
		{
			"name": "hexadecagon",
			"from": [0.5, 13.10218, 7.5],
			"to": [1, 13.89782, 8],
			"rotation": {"angle": 22.5, "axis": "x", "origin": [0.75, 13.5, 6]},
			"faces": {
				"north": {"uv": [0, 1.5, 0, 1.5], "texture": "#0"},
				"east": {"uv": [0, 1.25, 0, 1.25], "texture": "#0"},
				"south": {"uv": [0, 1.5, 0, 1.75], "texture": "#0"},
				"west": {"uv": [0, 1.5, 0, 1.5], "texture": "#0"},
				"up": {"uv": [0, 1.25, 0, 1.25], "texture": "#0"},
				"down": {"uv": [0, 1.5, 0, 1.5], "texture": "#0"}
			}
		},
		{
			"name": "hexadecagon",
			"from": [0.5, 13.10218, 7.5],
			"to": [1, 13.89782, 8],
			"rotation": {"angle": 45, "axis": "x", "origin": [0.75, 13.5, 6]},
			"faces": {
				"north": {"uv": [0, 1.5, 0, 1.5], "texture": "#0"},
				"east": {"uv": [0, 1.25, 0, 1.25], "texture": "#0"},
				"south": {"uv": [0, 1.5, 0, 1.75], "texture": "#0"},
				"west": {"uv": [0, 1.5, 0, 1.5], "texture": "#0"},
				"up": {"uv": [0, 1.25, 0, 1.25], "texture": "#0"},
				"down": {"uv": [0, 1.5, 0, 1.5], "texture": "#0"}
			}
		},
		{
			"name": "hexadecagon",
			"from": [0.5, 11.5, 5.60218],
			"to": [1, 12, 6.39782],
			"rotation": {"angle": -22.5, "axis": "x", "origin": [0.75, 13.5, 6]},
			"faces": {
				"north": {"uv": [0, 1.5, 0, 1.5], "texture": "#0"},
				"east": {"uv": [0, 1.25, 0, 1.25], "texture": "#0"},
				"south": {"uv": [0, 1.5, 0, 1.75], "texture": "#0"},
				"west": {"uv": [0, 1.5, 0, 1.5], "texture": "#0"},
				"up": {"uv": [0, 1.25, 0, 1.25], "texture": "#0"},
				"down": {"uv": [0, 1.5, 0, 1.5], "texture": "#0"}
			}
		},
		{
			"name": "hexadecagon",
			"from": [0.5, 11.5, 5.60218],
			"to": [1, 12, 6.39782],
			"rotation": {"angle": 0, "axis": "y", "origin": [0.75, 13.5, 6]},
			"faces": {
				"north": {"uv": [0, 1.5, 0, 1.5], "texture": "#0"},
				"east": {"uv": [0, 1.25, 0, 1.25], "texture": "#0"},
				"south": {"uv": [0, 1.5, 0, 1.75], "texture": "#0"},
				"west": {"uv": [0, 1.5, 0, 1.5], "texture": "#0"},
				"up": {"uv": [0, 1.25, 0, 1.25], "texture": "#0"},
				"down": {"uv": [0, 1.5, 0, 1.5], "texture": "#0"}
			}
		},
		{
			"name": "hexadecagon",
			"from": [0.5, 11.5, 5.60218],
			"to": [1, 12, 6.39782],
			"rotation": {"angle": 22.5, "axis": "x", "origin": [0.75, 13.5, 6]},
			"faces": {
				"north": {"uv": [0, 1.5, 0, 1.5], "texture": "#0"},
				"east": {"uv": [0, 1.25, 0, 1.25], "texture": "#0"},
				"south": {"uv": [0, 1.5, 0, 1.75], "texture": "#0"},
				"west": {"uv": [0, 1.5, 0, 1.5], "texture": "#0"},
				"up": {"uv": [0, 1.25, 0, 1.25], "texture": "#0"},
				"down": {"uv": [0, 1.5, 0, 1.5], "texture": "#0"}
			}
		},
		{
			"from": [0.25, 3.07322, 9.07322],
			"to": [1, 7.32322, 9.32322],
			"rotation": {"angle": 45, "axis": "x", "origin": [8, 10.57322, 16.32322]},
			"faces": {
				"north": {"uv": [0, 1.5, 0, 1.5], "texture": "#0"},
				"east": {"uv": [0, 1.25, 0, 1.25], "texture": "#0"},
				"south": {"uv": [0, 1.5, 0, 1.75], "texture": "#0"},
				"west": {"uv": [0, 1.5, 0, 1.5], "texture": "#0"},
				"up": {"uv": [0, 1.25, 0, 1.25], "texture": "#0"},
				"down": {"uv": [0, 1.5, 0, 1.5], "texture": "#0"}
			}
		},
		{
			"from": [0.25, 2.14645, 9.75],
			"to": [1, 7.39645, 10],
			"rotation": {"angle": 45, "axis": "x", "origin": [8, 10.64645, 17]},
			"faces": {
				"north": {"uv": [0, 1.5, 0, 1.5], "texture": "#0"},
				"east": {"uv": [0, 1.25, 0, 1.25], "texture": "#0"},
				"south": {"uv": [0, 1.5, 0, 1.75], "texture": "#0"},
				"west": {"uv": [0, 1.5, 0, 1.5], "texture": "#0"},
				"up": {"uv": [0, 1.25, 0, 1.25], "texture": "#0"},
				"down": {"uv": [0, 1.5, 0, 1.5], "texture": "#0"}
			}
		},
		{
			"from": [0.25, 3, 2.64035],
			"to": [1, 7.25, 2.89035],
			"rotation": {"angle": -45, "axis": "x", "origin": [8, 10.75, -4.35965]},
			"faces": {
				"north": {"uv": [0, 1.5, 0, 1.5], "texture": "#0"},
				"east": {"uv": [0, 1.25, 0, 1.25], "texture": "#0"},
				"south": {"uv": [0, 1.5, 0, 1.75], "texture": "#0"},
				"west": {"uv": [0, 1.5, 0, 1.5], "texture": "#0"},
				"up": {"uv": [0, 1.25, 0, 1.25], "texture": "#0"},
				"down": {"uv": [0, 1.5, 0, 1.5], "texture": "#0"}
			}
		},
		{
			"from": [0.25, 2.21967, 2.25647],
			"to": [1, 7.46967, 2.50647],
			"rotation": {"angle": -45, "axis": "x", "origin": [8, 10.46967, -4.74353]},
			"faces": {
				"north": {"uv": [0, 1.5, 0, 1.5], "texture": "#0"},
				"east": {"uv": [0, 1.25, 0, 1.25], "texture": "#0"},
				"south": {"uv": [0, 1.5, 0, 1.75], "texture": "#0"},
				"west": {"uv": [0, 1.5, 0, 1.5], "texture": "#0"},
				"up": {"uv": [0, 1.25, 0, 1.25], "texture": "#0"},
				"down": {"uv": [0, 1.5, 0, 1.5], "texture": "#0"}
			}
		},
		{
			"from": [0.25, 5.7552, 6.34835],
			"to": [1, 10.2552, 6.59835],
			"rotation": {"angle": 45, "axis": "x", "origin": [8, 13.7552, 13.84835]},
			"faces": {
				"north": {"uv": [0, 1.5, 0, 1.5], "texture": "#0"},
				"east": {"uv": [0, 1.25, 0, 1.25], "texture": "#0"},
				"south": {"uv": [0, 1.5, 0, 1.75], "texture": "#0"},
				"west": {"uv": [0, 1.5, 0, 1.5], "texture": "#0"},
				"up": {"uv": [0, 1.25, 0, 1.25], "texture": "#0"},
				"down": {"uv": [0, 1.5, 0, 1.5], "texture": "#0"}
			}
		},
		{
			"from": [0.25, 5.90165, 5.89555],
			"to": [1, 10.15165, 6.14555],
			"rotation": {"angle": -45, "axis": "x", "origin": [8, 13.40165, -1.35445]},
			"faces": {
				"north": {"uv": [0, 1.5, 0, 1.5], "texture": "#0"},
				"east": {"uv": [0, 1.25, 0, 1.25], "texture": "#0"},
				"south": {"uv": [0, 1.5, 0, 1.75], "texture": "#0"},
				"west": {"uv": [0, 1.5, 0, 1.5], "texture": "#0"},
				"up": {"uv": [0, 1.25, 0, 1.25], "texture": "#0"},
				"down": {"uv": [0, 1.5, 0, 1.5], "texture": "#0"}
			}
		},
		{
			"from": [0.25, 5.5052, 6.34835],
			"to": [1, 11.0052, 6.59835],
			"rotation": {"angle": 45, "axis": "x", "origin": [8, 14.5052, 13.84835]},
			"faces": {
				"north": {"uv": [0, 1.5, 0, 1.5], "texture": "#0"},
				"east": {"uv": [0, 1.25, 0, 1.25], "texture": "#0"},
				"south": {"uv": [0, 1.5, 0, 1.75], "texture": "#0"},
				"west": {"uv": [0, 1.5, 0, 1.5], "texture": "#0"},
				"up": {"uv": [0, 1.25, 0, 1.25], "texture": "#0"},
				"down": {"uv": [0, 1.5, 0, 1.5], "texture": "#0"}
			}
		},
		{
			"from": [0.25, 5.7552, 6.042],
			"to": [1, 11.0052, 6.292],
			"rotation": {"angle": -45, "axis": "x", "origin": [8, 14.0052, -1.208]},
			"faces": {
				"north": {"uv": [0, 1.5, 0, 1.5], "texture": "#0"},
				"east": {"uv": [0, 1.25, 0, 1.25], "texture": "#0"},
				"south": {"uv": [0, 1.5, 0, 1.75], "texture": "#0"},
				"west": {"uv": [0, 1.5, 0, 1.5], "texture": "#0"},
				"up": {"uv": [0, 1.25, 0, 1.25], "texture": "#0"},
				"down": {"uv": [0, 1.5, 0, 1.5], "texture": "#0"}
			}
		},
		{
			"name": "hexadecagon",
			"from": [8.75, 13.10218, 7.5],
			"to": [9.25, 13.89782, 8],
			"rotation": {"angle": -45, "axis": "x", "origin": [9, 13.5, 6]},
			"faces": {
				"north": {"uv": [0, 1.5, 0, 1.5], "texture": "#0"},
				"east": {"uv": [0, 1.5, 0, 1.5], "texture": "#0"},
				"south": {"uv": [0, 1.5, 0, 1.5], "texture": "#0"},
				"west": {"uv": [0, 1.25, 0, 1.25], "texture": "#0"},
				"up": {"uv": [0, 1.25, 0, 1.25], "texture": "#0"},
				"down": {"uv": [0, 1.25, 0, 1.25], "texture": "#0"}
			}
		},
		{
			"name": "hexadecagon",
			"from": [8.75, 13.10218, 7.5],
			"to": [9.25, 13.89782, 8],
			"rotation": {"angle": -22.5, "axis": "x", "origin": [9, 13.5, 6]},
			"faces": {
				"north": {"uv": [0, 1.5, 0, 1.5], "texture": "#0"},
				"east": {"uv": [0, 1.5, 0, 1.5], "texture": "#0"},
				"south": {"uv": [0, 1.5, 0, 1.5], "texture": "#0"},
				"west": {"uv": [0, 1.25, 0, 1.25], "texture": "#0"},
				"up": {"uv": [0, 1.25, 0, 1.25], "texture": "#0"},
				"down": {"uv": [0, 1.25, 0, 1.25], "texture": "#0"}
			}
		},
		{
			"name": "hexadecagon",
			"from": [8.75, 13.10218, 7.5],
			"to": [9.25, 13.89782, 8],
			"rotation": {"angle": 0, "axis": "y", "origin": [9, 13.5, 6]},
			"faces": {
				"north": {"uv": [0, 1.5, 0, 1.5], "texture": "#0"},
				"east": {"uv": [0, 1.5, 0, 1.5], "texture": "#0"},
				"south": {"uv": [0, 1.5, 0, 1.5], "texture": "#0"},
				"west": {"uv": [0, 1.25, 0, 1.25], "texture": "#0"},
				"up": {"uv": [0, 1.25, 0, 1.25], "texture": "#0"},
				"down": {"uv": [0, 1.25, 0, 1.25], "texture": "#0"}
			}
		},
		{
			"name": "hexadecagon",
			"from": [8.75, 13.10218, 4],
			"to": [9.25, 13.89782, 4.5],
			"rotation": {"angle": 22.5, "axis": "x", "origin": [9, 13.5, 6]},
			"faces": {
				"north": {"uv": [0, 1.5, 0, 1.5], "texture": "#0"},
				"east": {"uv": [0, 1.5, 0, 1.5], "texture": "#0"},
				"south": {"uv": [0, 1.5, 0, 1.5], "texture": "#0"},
				"west": {"uv": [0, 1.25, 0, 1.25], "texture": "#0"},
				"up": {"uv": [0, 1.25, 0, 1.25], "texture": "#0"},
				"down": {"uv": [0, 1.25, 0, 1.25], "texture": "#0"}
			}
		},
		{
			"name": "hexadecagon",
			"from": [8.75, 13.10218, 4],
			"to": [9.25, 13.89782, 4.5],
			"rotation": {"angle": 45, "axis": "x", "origin": [9, 13.5, 6]},
			"faces": {
				"north": {"uv": [0, 1.5, 0, 1.5], "texture": "#0"},
				"east": {"uv": [0, 1.5, 0, 1.5], "texture": "#0"},
				"south": {"uv": [0, 1.5, 0, 1.5], "texture": "#0"},
				"west": {"uv": [0, 1.25, 0, 1.25], "texture": "#0"},
				"up": {"uv": [0, 1.25, 0, 1.25], "texture": "#0"},
				"down": {"uv": [0, 1.25, 0, 1.25], "texture": "#0"}
			}
		},
		{
			"name": "hexadecagon",
			"from": [8.75, 15, 5.60218],
			"to": [9.25, 15.5, 6.39782],
			"rotation": {"angle": -22.5, "axis": "x", "origin": [9, 13.5, 6]},
			"faces": {
				"north": {"uv": [0, 1.5, 0, 1.5], "texture": "#0"},
				"east": {"uv": [0, 1.5, 0, 1.5], "texture": "#0"},
				"south": {"uv": [0, 1.5, 0, 1.5], "texture": "#0"},
				"west": {"uv": [0, 1.25, 0, 1.25], "texture": "#0"},
				"up": {"uv": [0, 1.25, 0, 1.25], "texture": "#0"},
				"down": {"uv": [0, 1.25, 0, 1.25], "texture": "#0"}
			}
		},
		{
			"name": "hexadecagon",
			"from": [8.75, 15, 5.60218],
			"to": [9.25, 15.5, 6.39782],
			"rotation": {"angle": 0, "axis": "y", "origin": [9, 13.5, 6]},
			"faces": {
				"north": {"uv": [0, 1.5, 0, 1.5], "texture": "#0"},
				"east": {"uv": [0, 1.5, 0, 1.5], "texture": "#0"},
				"south": {"uv": [0, 1.5, 0, 1.5], "texture": "#0"},
				"west": {"uv": [0, 1.25, 0, 1.25], "texture": "#0"},
				"up": {"uv": [0, 1.25, 0, 1.25], "texture": "#0"},
				"down": {"uv": [0, 1.25, 0, 1.25], "texture": "#0"}
			}
		},
		{
			"name": "hexadecagon",
			"from": [8.75, 15, 5.60218],
			"to": [9.25, 15.5, 6.39782],
			"rotation": {"angle": 22.5, "axis": "x", "origin": [9, 13.5, 6]},
			"faces": {
				"north": {"uv": [0, 1.5, 0, 1.5], "texture": "#0"},
				"east": {"uv": [0, 1.5, 0, 1.5], "texture": "#0"},
				"south": {"uv": [0, 1.5, 0, 1.5], "texture": "#0"},
				"west": {"uv": [0, 1.25, 0, 1.25], "texture": "#0"},
				"up": {"uv": [0, 1.25, 0, 1.25], "texture": "#0"},
				"down": {"uv": [0, 1.25, 0, 1.25], "texture": "#0"}
			}
		},
		{
			"name": "hexadecagon",
			"from": [8.75, 13.10218, 4],
			"to": [9.25, 13.89782, 4.5],
			"rotation": {"angle": -45, "axis": "x", "origin": [9, 13.5, 6]},
			"faces": {
				"north": {"uv": [0, 1.5, 0, 1.5], "texture": "#0"},
				"east": {"uv": [0, 1.5, 0, 1.5], "texture": "#0"},
				"south": {"uv": [0, 1.5, 0, 1.5], "texture": "#0"},
				"west": {"uv": [0, 1.25, 0, 1.25], "texture": "#0"},
				"up": {"uv": [0, 1.25, 0, 1.25], "texture": "#0"},
				"down": {"uv": [0, 1.25, 0, 1.25], "texture": "#0"}
			}
		},
		{
			"name": "hexadecagon",
			"from": [8.75, 13.10218, 4],
			"to": [9.25, 13.89782, 4.5],
			"rotation": {"angle": -22.5, "axis": "x", "origin": [9, 13.5, 6]},
			"faces": {
				"north": {"uv": [0, 1.5, 0, 1.5], "texture": "#0"},
				"east": {"uv": [0, 1.5, 0, 1.5], "texture": "#0"},
				"south": {"uv": [0, 1.5, 0, 1.5], "texture": "#0"},
				"west": {"uv": [0, 1.25, 0, 1.25], "texture": "#0"},
				"up": {"uv": [0, 1.25, 0, 1.25], "texture": "#0"},
				"down": {"uv": [0, 1.25, 0, 1.25], "texture": "#0"}
			}
		},
		{
			"name": "hexadecagon",
			"from": [8.75, 13.10218, 4],
			"to": [9.25, 13.89782, 4.5],
			"rotation": {"angle": 0, "axis": "y", "origin": [9, 13.5, 6]},
			"faces": {
				"north": {"uv": [0, 1.5, 0, 1.5], "texture": "#0"},
				"east": {"uv": [0, 1.5, 0, 1.5], "texture": "#0"},
				"south": {"uv": [0, 1.5, 0, 1.5], "texture": "#0"},
				"west": {"uv": [0, 1.25, 0, 1.25], "texture": "#0"},
				"up": {"uv": [0, 1.25, 0, 1.25], "texture": "#0"},
				"down": {"uv": [0, 1.25, 0, 1.25], "texture": "#0"}
			}
		},
		{
			"name": "hexadecagon",
			"from": [8.75, 13.10218, 7.5],
			"to": [9.25, 13.89782, 8],
			"rotation": {"angle": 22.5, "axis": "x", "origin": [9, 13.5, 6]},
			"faces": {
				"north": {"uv": [0, 1.5, 0, 1.5], "texture": "#0"},
				"east": {"uv": [0, 1.5, 0, 1.5], "texture": "#0"},
				"south": {"uv": [0, 1.5, 0, 1.5], "texture": "#0"},
				"west": {"uv": [0, 1.25, 0, 1.25], "texture": "#0"},
				"up": {"uv": [0, 1.25, 0, 1.25], "texture": "#0"},
				"down": {"uv": [0, 1.25, 0, 1.25], "texture": "#0"}
			}
		},
		{
			"name": "hexadecagon",
			"from": [8.75, 13.10218, 7.5],
			"to": [9.25, 13.89782, 8],
			"rotation": {"angle": 45, "axis": "x", "origin": [9, 13.5, 6]},
			"faces": {
				"north": {"uv": [0, 1.5, 0, 1.5], "texture": "#0"},
				"east": {"uv": [0, 1.5, 0, 1.5], "texture": "#0"},
				"south": {"uv": [0, 1.5, 0, 1.5], "texture": "#0"},
				"west": {"uv": [0, 1.25, 0, 1.25], "texture": "#0"},
				"up": {"uv": [0, 1.25, 0, 1.25], "texture": "#0"},
				"down": {"uv": [0, 1.25, 0, 1.25], "texture": "#0"}
			}
		},
		{
			"name": "hexadecagon",
			"from": [8.75, 11.5, 5.60218],
			"to": [9.25, 12, 6.39782],
			"rotation": {"angle": -22.5, "axis": "x", "origin": [9, 13.5, 6]},
			"faces": {
				"north": {"uv": [0, 1.5, 0, 1.5], "texture": "#0"},
				"east": {"uv": [0, 1.5, 0, 1.5], "texture": "#0"},
				"south": {"uv": [0, 1.5, 0, 1.5], "texture": "#0"},
				"west": {"uv": [0, 1.25, 0, 1.25], "texture": "#0"},
				"up": {"uv": [0, 1.25, 0, 1.25], "texture": "#0"},
				"down": {"uv": [0, 1.25, 0, 1.25], "texture": "#0"}
			}
		},
		{
			"name": "hexadecagon",
			"from": [8.75, 11.5, 5.60218],
			"to": [9.25, 12, 6.39782],
			"rotation": {"angle": 0, "axis": "y", "origin": [9, 13.5, 6]},
			"faces": {
				"north": {"uv": [0, 1.5, 0, 1.5], "texture": "#0"},
				"east": {"uv": [0, 1.5, 0, 1.5], "texture": "#0"},
				"south": {"uv": [0, 1.5, 0, 1.5], "texture": "#0"},
				"west": {"uv": [0, 1.25, 0, 1.25], "texture": "#0"},
				"up": {"uv": [0, 1.25, 0, 1.25], "texture": "#0"},
				"down": {"uv": [0, 1.25, 0, 1.25], "texture": "#0"}
			}
		},
		{
			"name": "hexadecagon",
			"from": [8.75, 11.5, 5.60218],
			"to": [9.25, 12, 6.39782],
			"rotation": {"angle": 22.5, "axis": "x", "origin": [9, 13.5, 6]},
			"faces": {
				"north": {"uv": [0, 1.5, 0, 1.5], "texture": "#0"},
				"east": {"uv": [0, 1.5, 0, 1.5], "texture": "#0"},
				"south": {"uv": [0, 1.5, 0, 1.5], "texture": "#0"},
				"west": {"uv": [0, 1.25, 0, 1.25], "texture": "#0"},
				"up": {"uv": [0, 1.25, 0, 1.25], "texture": "#0"},
				"down": {"uv": [0, 1.25, 0, 1.25], "texture": "#0"}
			}
		},
		{
			"from": [8.5, 3.07322, 9.07322],
			"to": [9.25, 7.32322, 9.32322],
			"rotation": {"angle": 45, "axis": "x", "origin": [16.25, 10.57322, 16.32322]},
			"faces": {
				"north": {"uv": [0, 1.5, 0, 1.5], "texture": "#0"},
				"east": {"uv": [0, 1.5, 0, 1.5], "texture": "#0"},
				"south": {"uv": [0, 1.5, 0, 1.5], "texture": "#0"},
				"west": {"uv": [0, 1.25, 0, 1.25], "texture": "#0"},
				"up": {"uv": [0, 1.25, 0, 1.25], "texture": "#0"},
				"down": {"uv": [0, 1.25, 0, 1.25], "texture": "#0"}
			}
		},
		{
			"from": [8.5, 2.14645, 9.75],
			"to": [9.25, 7.39645, 10],
			"rotation": {"angle": 45, "axis": "x", "origin": [16.25, 10.64645, 17]},
			"faces": {
				"north": {"uv": [0, 1.5, 0, 1.5], "texture": "#0"},
				"east": {"uv": [0, 1.5, 0, 1.5], "texture": "#0"},
				"south": {"uv": [0, 1.5, 0, 1.5], "texture": "#0"},
				"west": {"uv": [0, 1.25, 0, 1.25], "texture": "#0"},
				"up": {"uv": [0, 1.25, 0, 1.25], "texture": "#0"},
				"down": {"uv": [0, 1.25, 0, 1.25], "texture": "#0"}
			}
		},
		{
			"from": [8.5, 3, 2.64035],
			"to": [9.25, 7.25, 2.89035],
			"rotation": {"angle": -45, "axis": "x", "origin": [16.25, 10.75, -4.35965]},
			"faces": {
				"north": {"uv": [0, 1.5, 0, 1.5], "texture": "#0"},
				"east": {"uv": [0, 1.5, 0, 1.5], "texture": "#0"},
				"south": {"uv": [0, 1.5, 0, 1.5], "texture": "#0"},
				"west": {"uv": [0, 1.25, 0, 1.25], "texture": "#0"},
				"up": {"uv": [0, 1.25, 0, 1.25], "texture": "#0"},
				"down": {"uv": [0, 1.25, 0, 1.25], "texture": "#0"}
			}
		},
		{
			"from": [8.5, 2.21967, 2.25647],
			"to": [9.25, 7.46967, 2.50647],
			"rotation": {"angle": -45, "axis": "x", "origin": [16.25, 10.46967, -4.74353]},
			"faces": {
				"north": {"uv": [0, 1.5, 0, 1.5], "texture": "#0"},
				"east": {"uv": [0, 1.5, 0, 1.5], "texture": "#0"},
				"south": {"uv": [0, 1.5, 0, 1.5], "texture": "#0"},
				"west": {"uv": [0, 1.25, 0, 1.25], "texture": "#0"},
				"up": {"uv": [0, 1.25, 0, 1.25], "texture": "#0"},
				"down": {"uv": [0, 1.25, 0, 1.25], "texture": "#0"}
			}
		},
		{
			"from": [8.5, 5.7552, 6.34835],
			"to": [9.25, 10.2552, 6.59835],
			"rotation": {"angle": 45, "axis": "x", "origin": [16.25, 13.7552, 13.84835]},
			"faces": {
				"north": {"uv": [0, 1.5, 0, 1.5], "texture": "#0"},
				"east": {"uv": [0, 1.5, 0, 1.5], "texture": "#0"},
				"south": {"uv": [0, 1.5, 0, 1.5], "texture": "#0"},
				"west": {"uv": [0, 1.25, 0, 1.25], "texture": "#0"},
				"up": {"uv": [0, 1.25, 0, 1.25], "texture": "#0"},
				"down": {"uv": [0, 1.25, 0, 1.25], "texture": "#0"}
			}
		},
		{
			"from": [8.5, 5.90165, 5.89555],
			"to": [9.25, 10.15165, 6.14555],
			"rotation": {"angle": -45, "axis": "x", "origin": [16.25, 13.40165, -1.35445]},
			"faces": {
				"north": {"uv": [0, 1.5, 0, 1.5], "texture": "#0"},
				"east": {"uv": [0, 1.5, 0, 1.5], "texture": "#0"},
				"south": {"uv": [0, 1.5, 0, 1.5], "texture": "#0"},
				"west": {"uv": [0, 1.25, 0, 1.25], "texture": "#0"},
				"up": {"uv": [0, 1.25, 0, 1.25], "texture": "#0"},
				"down": {"uv": [0, 1.25, 0, 1.25], "texture": "#0"}
			}
		},
		{
			"from": [8.5, 5.5052, 6.34835],
			"to": [9.25, 11.0052, 6.59835],
			"rotation": {"angle": 45, "axis": "x", "origin": [16.25, 14.5052, 13.84835]},
			"faces": {
				"north": {"uv": [0, 1.5, 0, 1.5], "texture": "#0"},
				"east": {"uv": [0, 1.5, 0, 1.5], "texture": "#0"},
				"south": {"uv": [0, 1.5, 0, 1.5], "texture": "#0"},
				"west": {"uv": [0, 1.25, 0, 1.25], "texture": "#0"},
				"up": {"uv": [0, 1.25, 0, 1.25], "texture": "#0"},
				"down": {"uv": [0, 1.25, 0, 1.25], "texture": "#0"}
			}
		},
		{
			"from": [8.5, 5.7552, 6.042],
			"to": [9.25, 11.0052, 6.292],
			"rotation": {"angle": -45, "axis": "x", "origin": [16.25, 14.0052, -1.208]},
			"faces": {
				"north": {"uv": [0, 1.5, 0, 1.5], "texture": "#0"},
				"east": {"uv": [0, 1.5, 0, 1.5], "texture": "#0"},
				"south": {"uv": [0, 1.5, 0, 1.5], "texture": "#0"},
				"west": {"uv": [0, 1.25, 0, 1.25], "texture": "#0"},
				"up": {"uv": [0, 1.25, 0, 1.25], "texture": "#0"},
				"down": {"uv": [0, 1.25, 0, 1.25], "texture": "#0"}
			}
		},
		{
			"from": [-1.63622, 17.8, -0.56706],
			"to": [-1.41122, 18.25, 4.60794],
			"rotation": {"angle": 45, "axis": "y", "origin": [4.88878, 25, -6.64206]},
			"faces": {
				"north": {"uv": [0, 1.5, 0, 1.5], "texture": "#0"},
				"east": {"uv": [0, 1.25, 0, 1.25], "texture": "#0"},
				"south": {"uv": [0, 1, 0, 2], "texture": "#0"},
				"west": {"uv": [0, 1.5, 0, 1.5], "texture": "#0"},
				"up": {"uv": [0, 1.25, 0, 1.25], "texture": "#0"},
				"down": {"uv": [0, 1.25, 0, 1.25], "texture": "#0"}
			}
		},
		{
			"from": [-1.72942, 17.8, 0.16253],
			"to": [-1.50442, 18.25, 4.66253],
			"rotation": {"angle": 45, "axis": "y", "origin": [4.79558, 25, -6.13747]},
			"faces": {
				"north": {"uv": [0, 1.5, 0, 1.5], "texture": "#0"},
				"east": {"uv": [0, 1.25, 0, 1.25], "texture": "#0"},
				"south": {"uv": [0, 1, 0, 2], "texture": "#0"},
				"west": {"uv": [0, 1.5, 0, 1.5], "texture": "#0"},
				"up": {"uv": [0, 1.25, 0, 1.25], "texture": "#0"},
				"down": {"uv": [0, 1.25, 0, 1.25], "texture": "#0"}
			}
		},
		{
			"from": [-1.63622, 17.8, 7.02058],
			"to": [-1.41122, 18.25, 12.42058],
			"rotation": {"angle": -45, "axis": "y", "origin": [4.88878, 25, 18.49558]},
			"faces": {
				"north": {"uv": [0, 1.5, 0, 1.5], "texture": "#0"},
				"east": {"uv": [0, 1.25, 0, 1.25], "texture": "#0"},
				"south": {"uv": [0, 1, 0, 2], "texture": "#0"},
				"west": {"uv": [0, 1.5, 0, 1.5], "texture": "#0"},
				"up": {"uv": [0, 1.25, 0, 1.25], "texture": "#0"},
				"down": {"uv": [0, 1.25, 0, 1.25], "texture": "#0"}
			}
		},
		{
			"from": [-1.72942, 17.8, 7.24558],
			"to": [-1.50442, 18.25, 11.74558],
			"rotation": {"angle": -45, "axis": "y", "origin": [4.79558, 25, 18.04558]},
			"faces": {
				"north": {"uv": [0, 1.5, 0, 1.5], "texture": "#0"},
				"east": {"uv": [0, 1.25, 0, 1.25], "texture": "#0"},
				"south": {"uv": [0, 1, 0, 2], "texture": "#0"},
				"west": {"uv": [0, 1.5, 0, 1.5], "texture": "#0"},
				"up": {"uv": [0, 1.25, 0, 1.25], "texture": "#0"},
				"down": {"uv": [0, 1.25, 0, 1.25], "texture": "#0"}
			}
		},
		{
			"from": [-2.30734, 17.8, 12.10627],
			"to": [2.86766, 18.25, 12.33127],
			"rotation": {"angle": 45, "axis": "y", "origin": [-8.15734, 25, 5.13127]},
			"faces": {
				"north": {"uv": [0, 1.5, 0, 1.5], "texture": "#0"},
				"east": {"uv": [0, 1.25, 0, 1.25], "texture": "#0"},
				"south": {"uv": [0, 1, 0, 2], "texture": "#0"},
				"west": {"uv": [0, 1.5, 0, 1.5], "texture": "#0"},
				"up": {"uv": [0, 1.25, 0, 1.25], "rotation": 270, "texture": "#0"},
				"down": {"uv": [0, 1.25, 0, 1.25], "rotation": 90, "texture": "#0"}
			}
		},
		{
			"from": [-5.175, 17.8, 2.70812],
			"to": [-4.95, 18.25, 7.88312],
			"rotation": {"angle": 45, "axis": "y", "origin": [2.025, 25, -3.14188]},
			"faces": {
				"north": {"uv": [0, 1.5, 0, 1.5], "texture": "#0"},
				"east": {"uv": [0, 1.25, 0, 1.25], "texture": "#0"},
				"south": {"uv": [0, 1, 0, 2], "texture": "#0"},
				"west": {"uv": [0, 1.5, 0, 1.5], "texture": "#0"},
				"up": {"uv": [0, 1.25, 0, 1.25], "texture": "#0"},
				"down": {"uv": [0, 1.25, 0, 1.25], "texture": "#0"}
			}
		},
		{
			"from": [-4.95, 17.8, 2.70812],
			"to": [-4.725, 18.25, 7.20812],
			"rotation": {"angle": 45, "axis": "y", "origin": [2.25, 25, -3.59188]},
			"faces": {
				"north": {"uv": [0, 1.5, 0, 1.5], "texture": "#0"},
				"east": {"uv": [0, 1.25, 0, 1.25], "texture": "#0"},
				"south": {"uv": [0, 1, 0, 2], "texture": "#0"},
				"west": {"uv": [0, 1.5, 0, 1.5], "texture": "#0"},
				"up": {"uv": [0, 1.25, 0, 1.25], "texture": "#0"},
				"down": {"uv": [0, 1.25, 0, 1.25], "texture": "#0"}
			}
		},
		{
			"from": [-4.95, 17.8, 4.7],
			"to": [-4.725, 18.25, 9.2],
			"rotation": {"angle": -45, "axis": "y", "origin": [2.25, 25, 15.5]},
			"faces": {
				"north": {"uv": [0, 1.5, 0, 1.5], "texture": "#0"},
				"east": {"uv": [0, 1.25, 0, 1.25], "texture": "#0"},
				"south": {"uv": [0, 1, 0, 2], "texture": "#0"},
				"west": {"uv": [0, 1.5, 0, 1.5], "texture": "#0"},
				"up": {"uv": [0, 1.25, 0, 1.25], "texture": "#0"},
				"down": {"uv": [0, 1.25, 0, 1.25], "texture": "#0"}
			}
		},
		{
			"name": "hexadecagon",
			"from": [4.35218, 17.5, 4],
			"to": [5.14782, 18, 4.5],
			"rotation": {"angle": -45, "axis": "y", "origin": [4.75, 17.75, 6]},
			"faces": {
				"north": {"uv": [0, 1.5, 0, 1.5], "texture": "#0"},
				"east": {"uv": [0, 1.25, 0, 1.25], "texture": "#0"},
				"south": {"uv": [0, 1, 0, 2], "texture": "#0"},
				"west": {"uv": [0, 1.5, 0, 1.5], "texture": "#0"},
				"up": {"uv": [0, 1.25, 0, 1.25], "texture": "#0"},
				"down": {"uv": [0, 1.25, 0, 1.25], "texture": "#0"}
			}
		},
		{
			"name": "hexadecagon",
			"from": [4.35218, 17.5, 4],
			"to": [5.14782, 18, 4.5],
			"rotation": {"angle": -22.5, "axis": "y", "origin": [4.75, 17.75, 6]},
			"faces": {
				"north": {"uv": [0, 1.5, 0, 1.5], "texture": "#0"},
				"east": {"uv": [0, 1.25, 0, 1.25], "texture": "#0"},
				"south": {"uv": [0, 1, 0, 2], "texture": "#0"},
				"west": {"uv": [0, 1.5, 0, 1.5], "texture": "#0"},
				"up": {"uv": [0, 1.25, 0, 1.25], "texture": "#0"},
				"down": {"uv": [0, 1.25, 0, 1.25], "texture": "#0"}
			}
		},
		{
			"name": "hexadecagon",
			"from": [4.35218, 17.5, 4],
			"to": [5.14782, 18, 4.5],
			"rotation": {"angle": 0, "axis": "y", "origin": [4.75, 17.75, 6]},
			"faces": {
				"north": {"uv": [0, 1.5, 0, 1.5], "texture": "#0"},
				"east": {"uv": [0, 1.25, 0, 1.25], "texture": "#0"},
				"south": {"uv": [0, 1, 0, 2], "texture": "#0"},
				"west": {"uv": [0, 1.5, 0, 1.5], "texture": "#0"},
				"up": {"uv": [0, 1.25, 0, 1.25], "texture": "#0"},
				"down": {"uv": [0, 1.25, 0, 1.25], "texture": "#0"}
			}
		},
		{
			"name": "hexadecagon",
			"from": [4.35218, 17.5, 7.5],
			"to": [5.14782, 18, 8],
			"rotation": {"angle": 22.5, "axis": "y", "origin": [4.75, 17.75, 6]},
			"faces": {
				"north": {"uv": [0, 1.5, 0, 1.5], "texture": "#0"},
				"east": {"uv": [0, 1.25, 0, 1.25], "texture": "#0"},
				"south": {"uv": [0, 1, 0, 2], "texture": "#0"},
				"west": {"uv": [0, 1.5, 0, 1.5], "texture": "#0"},
				"up": {"uv": [0, 1.25, 0, 1.25], "texture": "#0"},
				"down": {"uv": [0, 1.25, 0, 1.25], "texture": "#0"}
			}
		},
		{
			"name": "hexadecagon",
			"from": [4.35218, 17.5, 7.5],
			"to": [5.14782, 18, 8],
			"rotation": {"angle": 45, "axis": "y", "origin": [4.75, 17.75, 6]},
			"faces": {
				"north": {"uv": [0, 1.5, 0, 1.5], "texture": "#0"},
				"east": {"uv": [0, 1.25, 0, 1.25], "texture": "#0"},
				"south": {"uv": [0, 1, 0, 2], "texture": "#0"},
				"west": {"uv": [0, 1.5, 0, 1.5], "texture": "#0"},
				"up": {"uv": [0, 1.25, 0, 1.25], "texture": "#0"},
				"down": {"uv": [0, 1.25, 0, 1.25], "texture": "#0"}
			}
		},
		{
			"name": "hexadecagon",
			"from": [6.25, 17.5, 5.60218],
			"to": [6.75, 18, 6.39782],
			"rotation": {"angle": -22.5, "axis": "y", "origin": [4.75, 17.75, 6]},
			"faces": {
				"north": {"uv": [0, 1.5, 0, 1.5], "texture": "#0"},
				"east": {"uv": [0, 1.25, 0, 1.25], "texture": "#0"},
				"south": {"uv": [0, 1, 0, 2], "texture": "#0"},
				"west": {"uv": [0, 1.5, 0, 1.5], "texture": "#0"},
				"up": {"uv": [0, 1.25, 0, 1.25], "texture": "#0"},
				"down": {"uv": [0, 1.25, 0, 1.25], "texture": "#0"}
			}
		},
		{
			"name": "hexadecagon",
			"from": [6.25, 17.5, 5.60218],
			"to": [6.75, 18, 6.39782],
			"rotation": {"angle": 0, "axis": "y", "origin": [4.75, 17.75, 6]},
			"faces": {
				"north": {"uv": [0, 1.5, 0, 1.5], "texture": "#0"},
				"east": {"uv": [0, 1.25, 0, 1.25], "texture": "#0"},
				"south": {"uv": [0, 1, 0, 2], "texture": "#0"},
				"west": {"uv": [0, 1.5, 0, 1.5], "texture": "#0"},
				"up": {"uv": [0, 1.25, 0, 1.25], "texture": "#0"},
				"down": {"uv": [0, 1.25, 0, 1.25], "texture": "#0"}
			}
		},
		{
			"name": "hexadecagon",
			"from": [6.25, 17.5, 5.60218],
			"to": [6.75, 18, 6.39782],
			"rotation": {"angle": 22.5, "axis": "y", "origin": [4.75, 17.75, 6]},
			"faces": {
				"north": {"uv": [0, 1.5, 0, 1.5], "texture": "#0"},
				"east": {"uv": [0, 1.25, 0, 1.25], "texture": "#0"},
				"south": {"uv": [0, 1, 0, 2], "texture": "#0"},
				"west": {"uv": [0, 1.5, 0, 1.5], "texture": "#0"},
				"up": {"uv": [0, 1.25, 0, 1.25], "texture": "#0"},
				"down": {"uv": [0, 1.25, 0, 1.25], "texture": "#0"}
			}
		},
		{
			"name": "hexadecagon",
			"from": [4.35218, 17.5, 7.5],
			"to": [5.14782, 18, 8],
			"rotation": {"angle": -45, "axis": "y", "origin": [4.75, 17.75, 6]},
			"faces": {
				"north": {"uv": [0, 1.5, 0, 1.5], "texture": "#0"},
				"east": {"uv": [0, 1.25, 0, 1.25], "texture": "#0"},
				"south": {"uv": [0, 1, 0, 2], "texture": "#0"},
				"west": {"uv": [0, 1.5, 0, 1.5], "texture": "#0"},
				"up": {"uv": [0, 1.25, 0, 1.25], "texture": "#0"},
				"down": {"uv": [0, 1.25, 0, 1.25], "texture": "#0"}
			}
		},
		{
			"name": "hexadecagon",
			"from": [4.35218, 17.5, 7.5],
			"to": [5.14782, 18, 8],
			"rotation": {"angle": -22.5, "axis": "y", "origin": [4.75, 17.75, 6]},
			"faces": {
				"north": {"uv": [0, 1.5, 0, 1.5], "texture": "#0"},
				"east": {"uv": [0, 1.25, 0, 1.25], "texture": "#0"},
				"south": {"uv": [0, 1, 0, 2], "texture": "#0"},
				"west": {"uv": [0, 1.5, 0, 1.5], "texture": "#0"},
				"up": {"uv": [0, 1.25, 0, 1.25], "texture": "#0"},
				"down": {"uv": [0, 1.25, 0, 1.25], "texture": "#0"}
			}
		},
		{
			"name": "hexadecagon",
			"from": [4.35218, 17.5, 7.5],
			"to": [5.14782, 18, 8],
			"rotation": {"angle": 0, "axis": "y", "origin": [4.75, 17.75, 6]},
			"faces": {
				"north": {"uv": [0, 1.5, 0, 1.5], "texture": "#0"},
				"east": {"uv": [0, 1.25, 0, 1.25], "texture": "#0"},
				"south": {"uv": [0, 1, 0, 2], "texture": "#0"},
				"west": {"uv": [0, 1.5, 0, 1.5], "texture": "#0"},
				"up": {"uv": [0, 1.25, 0, 1.25], "texture": "#0"},
				"down": {"uv": [0, 1.25, 0, 1.25], "texture": "#0"}
			}
		},
		{
			"name": "hexadecagon",
			"from": [4.35218, 17.5, 4],
			"to": [5.14782, 18, 4.5],
			"rotation": {"angle": 22.5, "axis": "y", "origin": [4.75, 17.75, 6]},
			"faces": {
				"north": {"uv": [0, 1.5, 0, 1.5], "texture": "#0"},
				"east": {"uv": [0, 1.25, 0, 1.25], "texture": "#0"},
				"south": {"uv": [0, 1, 0, 2], "texture": "#0"},
				"west": {"uv": [0, 1.5, 0, 1.5], "texture": "#0"},
				"up": {"uv": [0, 1.25, 0, 1.25], "texture": "#0"},
				"down": {"uv": [0, 1.25, 0, 1.25], "texture": "#0"}
			}
		},
		{
			"name": "hexadecagon",
			"from": [4.35218, 17.5, 4],
			"to": [5.14782, 18, 4.5],
			"rotation": {"angle": 45, "axis": "y", "origin": [4.75, 17.75, 6]},
			"faces": {
				"north": {"uv": [0, 1.5, 0, 1.5], "texture": "#0"},
				"east": {"uv": [0, 1.25, 0, 1.25], "texture": "#0"},
				"south": {"uv": [0, 1, 0, 2], "texture": "#0"},
				"west": {"uv": [0, 1.5, 0, 1.5], "texture": "#0"},
				"up": {"uv": [0, 1.25, 0, 1.25], "texture": "#0"},
				"down": {"uv": [0, 1.25, 0, 1.25], "texture": "#0"}
			}
		},
		{
			"name": "hexadecagon",
			"from": [2.75, 17.5, 5.60218],
			"to": [3.25, 18, 6.39782],
			"rotation": {"angle": -22.5, "axis": "y", "origin": [4.75, 17.75, 6]},
			"faces": {
				"north": {"uv": [0, 1.5, 0, 1.5], "texture": "#0"},
				"east": {"uv": [0, 1.25, 0, 1.25], "texture": "#0"},
				"south": {"uv": [0, 1, 0, 2], "texture": "#0"},
				"west": {"uv": [0, 1.5, 0, 1.5], "texture": "#0"},
				"up": {"uv": [0, 1.25, 0, 1.25], "texture": "#0"},
				"down": {"uv": [0, 1.25, 0, 1.25], "texture": "#0"}
			}
		},
		{
			"name": "hexadecagon",
			"from": [2.75, 17.5, 5.60218],
			"to": [3.25, 18, 6.39782],
			"rotation": {"angle": 0, "axis": "y", "origin": [4.75, 17.75, 6]},
			"faces": {
				"north": {"uv": [0, 1.5, 0, 1.5], "texture": "#0"},
				"east": {"uv": [0, 1.25, 0, 1.25], "texture": "#0"},
				"south": {"uv": [0, 1, 0, 2], "texture": "#0"},
				"west": {"uv": [0, 1.5, 0, 1.5], "texture": "#0"},
				"up": {"uv": [0, 1.25, 0, 1.25], "texture": "#0"},
				"down": {"uv": [0, 1.25, 0, 1.25], "texture": "#0"}
			}
		},
		{
			"name": "hexadecagon",
			"from": [2.75, 17.5, 5.60218],
			"to": [3.25, 18, 6.39782],
			"rotation": {"angle": 22.5, "axis": "y", "origin": [4.75, 17.75, 6]},
			"faces": {
				"north": {"uv": [0, 1.5, 0, 1.5], "texture": "#0"},
				"east": {"uv": [0, 1.25, 0, 1.25], "texture": "#0"},
				"south": {"uv": [0, 1, 0, 2], "texture": "#0"},
				"west": {"uv": [0, 1.5, 0, 1.5], "texture": "#0"},
				"up": {"uv": [0, 1.25, 0, 1.25], "texture": "#0"},
				"down": {"uv": [0, 1.25, 0, 1.25], "texture": "#0"}
			}
		},
		{
			"from": [-1.63622, 9.05, -0.56706],
			"to": [-1.41122, 9.5, 4.60794],
			"rotation": {"angle": 45, "axis": "y", "origin": [4.88878, 16.25, -6.64206]},
			"faces": {
				"north": {"uv": [0, 1, 0.25, 1.5], "texture": "#0"},
				"east": {"uv": [0, 1.5, 0, 1.75], "texture": "#0"},
				"south": {"uv": [0, 1, 0.25, 1.5], "texture": "#0"},
				"west": {"uv": [0, 1.25, 0, 1.5], "texture": "#0"},
				"up": {"uv": [0, 1.5, 0, 1.5], "texture": "#0"},
				"down": {"uv": [0, 1.5, 0, 1.5], "texture": "#0"}
			}
		},
		{
			"from": [-1.72942, 9.05, 0.16253],
			"to": [-1.50442, 9.5, 4.66253],
			"rotation": {"angle": 45, "axis": "y", "origin": [4.79558, 16.25, -6.13747]},
			"faces": {
				"north": {"uv": [0, 1, 0.25, 1.5], "texture": "#0"},
				"east": {"uv": [0, 1.5, 0, 1.75], "texture": "#0"},
				"south": {"uv": [0, 1, 0.25, 1.5], "texture": "#0"},
				"west": {"uv": [0, 1.25, 0, 1.5], "texture": "#0"},
				"up": {"uv": [0, 1.5, 0, 1.5], "texture": "#0"},
				"down": {"uv": [0, 1.5, 0, 1.5], "texture": "#0"}
			}
		},
		{
			"from": [-1.63622, 9.05, 7.02058],
			"to": [-1.41122, 9.5, 12.42058],
			"rotation": {"angle": -45, "axis": "y", "origin": [4.88878, 16.25, 18.49558]},
			"faces": {
				"north": {"uv": [0, 1, 0.25, 1.5], "texture": "#0"},
				"east": {"uv": [0, 1.5, 0, 1.75], "texture": "#0"},
				"south": {"uv": [0, 1, 0.25, 1.5], "texture": "#0"},
				"west": {"uv": [0, 1.25, 0, 1.5], "texture": "#0"},
				"up": {"uv": [0, 1.5, 0, 1.5], "texture": "#0"},
				"down": {"uv": [0, 1.5, 0, 1.5], "texture": "#0"}
			}
		},
		{
			"from": [-1.72942, 9.05, 7.24558],
			"to": [-1.50442, 9.5, 11.74558],
			"rotation": {"angle": -45, "axis": "y", "origin": [4.79558, 16.25, 18.04558]},
			"faces": {
				"north": {"uv": [0, 1, 0.25, 1.5], "texture": "#0"},
				"east": {"uv": [0, 1.5, 0, 1.75], "texture": "#0"},
				"south": {"uv": [0, 1, 0.25, 1.5], "texture": "#0"},
				"west": {"uv": [0, 1.25, 0, 1.5], "texture": "#0"},
				"up": {"uv": [0, 1.5, 0, 1.5], "texture": "#0"},
				"down": {"uv": [0, 1.5, 0, 1.5], "texture": "#0"}
			}
		},
		{
			"from": [-2.30734, 9.05, 12.10627],
			"to": [2.86766, 9.5, 12.33127],
			"rotation": {"angle": 45, "axis": "y", "origin": [-8.15734, 16.25, 5.13127]},
			"faces": {
				"north": {"uv": [0, 1, 0.25, 1.5], "texture": "#0"},
				"east": {"uv": [0, 1.5, 0, 1.75], "texture": "#0"},
				"south": {"uv": [0, 1, 0.25, 1.5], "texture": "#0"},
				"west": {"uv": [0, 1.25, 0, 1.5], "texture": "#0"},
				"up": {"uv": [0, 1.5, 0, 1.5], "rotation": 270, "texture": "#0"},
				"down": {"uv": [0, 1.5, 0, 1.5], "rotation": 90, "texture": "#0"}
			}
		},
		{
			"from": [-5.175, 9.05, 2.70812],
			"to": [-4.95, 9.5, 7.88312],
			"rotation": {"angle": 45, "axis": "y", "origin": [2.025, 16.25, -3.14188]},
			"faces": {
				"north": {"uv": [0, 1, 0.25, 1.5], "texture": "#0"},
				"east": {"uv": [0, 1.5, 0, 1.75], "texture": "#0"},
				"south": {"uv": [0, 1, 0.25, 1.5], "texture": "#0"},
				"west": {"uv": [0, 1.25, 0, 1.5], "texture": "#0"},
				"up": {"uv": [0, 1.5, 0, 1.5], "texture": "#0"},
				"down": {"uv": [0, 1.5, 0, 1.5], "texture": "#0"}
			}
		},
		{
			"from": [-4.95, 9.05, 2.70812],
			"to": [-4.725, 9.5, 7.20812],
			"rotation": {"angle": 45, "axis": "y", "origin": [2.25, 16.25, -3.59188]},
			"faces": {
				"north": {"uv": [0, 1, 0.25, 1.5], "texture": "#0"},
				"east": {"uv": [0, 1.5, 0, 1.75], "texture": "#0"},
				"south": {"uv": [0, 1, 0.25, 1.5], "texture": "#0"},
				"west": {"uv": [0, 1.25, 0, 1.5], "texture": "#0"},
				"up": {"uv": [0, 1.5, 0, 1.5], "texture": "#0"},
				"down": {"uv": [0, 1.5, 0, 1.5], "texture": "#0"}
			}
		},
		{
			"from": [-4.95, 9.05, 4.7],
			"to": [-4.725, 9.5, 9.2],
			"rotation": {"angle": -45, "axis": "y", "origin": [2.25, 16.25, 15.5]},
			"faces": {
				"north": {"uv": [0, 1, 0.25, 1.5], "texture": "#0"},
				"east": {"uv": [0, 1.5, 0, 1.75], "texture": "#0"},
				"south": {"uv": [0, 1, 0.25, 1.5], "texture": "#0"},
				"west": {"uv": [0, 1.25, 0, 1.5], "texture": "#0"},
				"up": {"uv": [0, 1.5, 0, 1.5], "texture": "#0"},
				"down": {"uv": [0, 1.5, 0, 1.5], "texture": "#0"}
			}
		},
		{
			"name": "hexadecagon",
			"from": [4.35218, 8.75, 4],
			"to": [5.14782, 9.25, 4.5],
			"rotation": {"angle": -45, "axis": "y", "origin": [4.75, 9, 6]},
			"faces": {
				"north": {"uv": [0, 1, 0.25, 1.5], "texture": "#0"},
				"east": {"uv": [0, 1.5, 0, 1.75], "texture": "#0"},
				"south": {"uv": [0, 1, 0.25, 1.5], "texture": "#0"},
				"west": {"uv": [0, 1.25, 0, 1.5], "texture": "#0"},
				"up": {"uv": [0, 1.5, 0, 1.5], "texture": "#0"},
				"down": {"uv": [0, 1.5, 0, 1.5], "texture": "#0"}
			}
		},
		{
			"name": "hexadecagon",
			"from": [4.35218, 8.75, 4],
			"to": [5.14782, 9.25, 4.5],
			"rotation": {"angle": -22.5, "axis": "y", "origin": [4.75, 9, 6]},
			"faces": {
				"north": {"uv": [0, 1, 0.25, 1.5], "texture": "#0"},
				"east": {"uv": [0, 1.5, 0, 1.75], "texture": "#0"},
				"south": {"uv": [0, 1, 0.25, 1.5], "texture": "#0"},
				"west": {"uv": [0, 1.25, 0, 1.5], "texture": "#0"},
				"up": {"uv": [0, 1.5, 0, 1.5], "texture": "#0"},
				"down": {"uv": [0, 1.5, 0, 1.5], "texture": "#0"}
			}
		},
		{
			"name": "hexadecagon",
			"from": [4.35218, 8.75, 4],
			"to": [5.14782, 9.25, 4.5],
			"rotation": {"angle": 0, "axis": "y", "origin": [4.75, 9, 6]},
			"faces": {
				"north": {"uv": [0, 1, 0.25, 1.5], "texture": "#0"},
				"east": {"uv": [0, 1.5, 0, 1.75], "texture": "#0"},
				"south": {"uv": [0, 1, 0.25, 1.5], "texture": "#0"},
				"west": {"uv": [0, 1.25, 0, 1.5], "texture": "#0"},
				"up": {"uv": [0, 1.5, 0, 1.5], "texture": "#0"},
				"down": {"uv": [0, 1.5, 0, 1.5], "texture": "#0"}
			}
		},
		{
			"name": "hexadecagon",
			"from": [4.35218, 8.75, 7.5],
			"to": [5.14782, 9.25, 8],
			"rotation": {"angle": 22.5, "axis": "y", "origin": [4.75, 9, 6]},
			"faces": {
				"north": {"uv": [0, 1, 0.25, 1.5], "texture": "#0"},
				"east": {"uv": [0, 1.5, 0, 1.75], "texture": "#0"},
				"south": {"uv": [0, 1, 0.25, 1.5], "texture": "#0"},
				"west": {"uv": [0, 1.25, 0, 1.5], "texture": "#0"},
				"up": {"uv": [0, 1.5, 0, 1.5], "texture": "#0"},
				"down": {"uv": [0, 1.5, 0, 1.5], "texture": "#0"}
			}
		},
		{
			"name": "hexadecagon",
			"from": [4.35218, 8.75, 7.5],
			"to": [5.14782, 9.25, 8],
			"rotation": {"angle": 45, "axis": "y", "origin": [4.75, 9, 6]},
			"faces": {
				"north": {"uv": [0, 1, 0.25, 1.5], "texture": "#0"},
				"east": {"uv": [0, 1.5, 0, 1.75], "texture": "#0"},
				"south": {"uv": [0, 1, 0.25, 1.5], "texture": "#0"},
				"west": {"uv": [0, 1.25, 0, 1.5], "texture": "#0"},
				"up": {"uv": [0, 1.5, 0, 1.5], "texture": "#0"},
				"down": {"uv": [0, 1.5, 0, 1.5], "texture": "#0"}
			}
		},
		{
			"name": "hexadecagon",
			"from": [6.25, 8.75, 5.60218],
			"to": [6.75, 9.25, 6.39782],
			"rotation": {"angle": -22.5, "axis": "y", "origin": [4.75, 9, 6]},
			"faces": {
				"north": {"uv": [0, 1, 0.25, 1.5], "texture": "#0"},
				"east": {"uv": [0, 1.5, 0, 1.75], "texture": "#0"},
				"south": {"uv": [0, 1, 0.25, 1.5], "texture": "#0"},
				"west": {"uv": [0, 1.25, 0, 1.5], "texture": "#0"},
				"up": {"uv": [0, 1.5, 0, 1.5], "texture": "#0"},
				"down": {"uv": [0, 1.5, 0, 1.5], "texture": "#0"}
			}
		},
		{
			"name": "hexadecagon",
			"from": [6.25, 8.75, 5.60218],
			"to": [6.75, 9.25, 6.39782],
			"rotation": {"angle": 0, "axis": "y", "origin": [4.75, 9, 6]},
			"faces": {
				"north": {"uv": [0, 1, 0.25, 1.5], "texture": "#0"},
				"east": {"uv": [0, 1.5, 0, 1.75], "texture": "#0"},
				"south": {"uv": [0, 1, 0.25, 1.5], "texture": "#0"},
				"west": {"uv": [0, 1.25, 0, 1.5], "texture": "#0"},
				"up": {"uv": [0, 1.5, 0, 1.5], "texture": "#0"},
				"down": {"uv": [0, 1.5, 0, 1.5], "texture": "#0"}
			}
		},
		{
			"name": "hexadecagon",
			"from": [6.25, 8.75, 5.60218],
			"to": [6.75, 9.25, 6.39782],
			"rotation": {"angle": 22.5, "axis": "y", "origin": [4.75, 9, 6]},
			"faces": {
				"north": {"uv": [0, 1, 0.25, 1.5], "texture": "#0"},
				"east": {"uv": [0, 1.5, 0, 1.75], "texture": "#0"},
				"south": {"uv": [0, 1, 0.25, 1.5], "texture": "#0"},
				"west": {"uv": [0, 1.25, 0, 1.5], "texture": "#0"},
				"up": {"uv": [0, 1.5, 0, 1.5], "texture": "#0"},
				"down": {"uv": [0, 1.5, 0, 1.5], "texture": "#0"}
			}
		},
		{
			"name": "hexadecagon",
			"from": [4.35218, 8.75, 7.5],
			"to": [5.14782, 9.25, 8],
			"rotation": {"angle": -45, "axis": "y", "origin": [4.75, 9, 6]},
			"faces": {
				"north": {"uv": [0, 1, 0.25, 1.5], "texture": "#0"},
				"east": {"uv": [0, 1.5, 0, 1.75], "texture": "#0"},
				"south": {"uv": [0, 1, 0.25, 1.5], "texture": "#0"},
				"west": {"uv": [0, 1.25, 0, 1.5], "texture": "#0"},
				"up": {"uv": [0, 1.5, 0, 1.5], "texture": "#0"},
				"down": {"uv": [0, 1.5, 0, 1.5], "texture": "#0"}
			}
		},
		{
			"name": "hexadecagon",
			"from": [4.35218, 8.75, 7.5],
			"to": [5.14782, 9.25, 8],
			"rotation": {"angle": -22.5, "axis": "y", "origin": [4.75, 9, 6]},
			"faces": {
				"north": {"uv": [0, 1, 0.25, 1.5], "texture": "#0"},
				"east": {"uv": [0, 1.5, 0, 1.75], "texture": "#0"},
				"south": {"uv": [0, 1, 0.25, 1.5], "texture": "#0"},
				"west": {"uv": [0, 1.25, 0, 1.5], "texture": "#0"},
				"up": {"uv": [0, 1.5, 0, 1.5], "texture": "#0"},
				"down": {"uv": [0, 1.5, 0, 1.5], "texture": "#0"}
			}
		},
		{
			"name": "hexadecagon",
			"from": [4.35218, 8.75, 7.5],
			"to": [5.14782, 9.25, 8],
			"rotation": {"angle": 0, "axis": "y", "origin": [4.75, 9, 6]},
			"faces": {
				"north": {"uv": [0, 1, 0.25, 1.5], "texture": "#0"},
				"east": {"uv": [0, 1.5, 0, 1.75], "texture": "#0"},
				"south": {"uv": [0, 1, 0.25, 1.5], "texture": "#0"},
				"west": {"uv": [0, 1.25, 0, 1.5], "texture": "#0"},
				"up": {"uv": [0, 1.5, 0, 1.5], "texture": "#0"},
				"down": {"uv": [0, 1.5, 0, 1.5], "texture": "#0"}
			}
		},
		{
			"name": "hexadecagon",
			"from": [4.35218, 8.75, 4],
			"to": [5.14782, 9.25, 4.5],
			"rotation": {"angle": 22.5, "axis": "y", "origin": [4.75, 9, 6]},
			"faces": {
				"north": {"uv": [0, 1, 0.25, 1.5], "texture": "#0"},
				"east": {"uv": [0, 1.5, 0, 1.75], "texture": "#0"},
				"south": {"uv": [0, 1, 0.25, 1.5], "texture": "#0"},
				"west": {"uv": [0, 1.25, 0, 1.5], "texture": "#0"},
				"up": {"uv": [0, 1.5, 0, 1.5], "texture": "#0"},
				"down": {"uv": [0, 1.5, 0, 1.5], "texture": "#0"}
			}
		},
		{
			"name": "hexadecagon",
			"from": [4.35218, 8.75, 4],
			"to": [5.14782, 9.25, 4.5],
			"rotation": {"angle": 45, "axis": "y", "origin": [4.75, 9, 6]},
			"faces": {
				"north": {"uv": [0, 1, 0.25, 1.5], "texture": "#0"},
				"east": {"uv": [0, 1.5, 0, 1.75], "texture": "#0"},
				"south": {"uv": [0, 1, 0.25, 1.5], "texture": "#0"},
				"west": {"uv": [0, 1.25, 0, 1.5], "texture": "#0"},
				"up": {"uv": [0, 1.5, 0, 1.5], "texture": "#0"},
				"down": {"uv": [0, 1.5, 0, 1.5], "texture": "#0"}
			}
		},
		{
			"name": "hexadecagon",
			"from": [2.75, 8.75, 5.60218],
			"to": [3.25, 9.25, 6.39782],
			"rotation": {"angle": -22.5, "axis": "y", "origin": [4.75, 9, 6]},
			"faces": {
				"north": {"uv": [0, 1, 0.25, 1.5], "texture": "#0"},
				"east": {"uv": [0, 1.5, 0, 1.75], "texture": "#0"},
				"south": {"uv": [0, 1, 0.25, 1.5], "texture": "#0"},
				"west": {"uv": [0, 1.25, 0, 1.5], "texture": "#0"},
				"up": {"uv": [0, 1.5, 0, 1.5], "texture": "#0"},
				"down": {"uv": [0, 1.5, 0, 1.5], "texture": "#0"}
			}
		},
		{
			"name": "hexadecagon",
			"from": [2.75, 8.75, 5.60218],
			"to": [3.25, 9.25, 6.39782],
			"rotation": {"angle": 0, "axis": "y", "origin": [4.75, 9, 6]},
			"faces": {
				"north": {"uv": [0, 1, 0.25, 1.5], "texture": "#0"},
				"east": {"uv": [0, 1.5, 0, 1.75], "texture": "#0"},
				"south": {"uv": [0, 1, 0.25, 1.5], "texture": "#0"},
				"west": {"uv": [0, 1.25, 0, 1.5], "texture": "#0"},
				"up": {"uv": [0, 1.5, 0, 1.5], "texture": "#0"},
				"down": {"uv": [0, 1.5, 0, 1.5], "texture": "#0"}
			}
		},
		{
			"name": "hexadecagon",
			"from": [2.75, 8.75, 5.60218],
			"to": [3.25, 9.25, 6.39782],
			"rotation": {"angle": 22.5, "axis": "y", "origin": [4.75, 9, 6]},
			"faces": {
				"north": {"uv": [0, 1, 0.25, 1.5], "texture": "#0"},
				"east": {"uv": [0, 1.5, 0, 1.75], "texture": "#0"},
				"south": {"uv": [0, 1, 0.25, 1.5], "texture": "#0"},
				"west": {"uv": [0, 1.25, 0, 1.5], "texture": "#0"},
				"up": {"uv": [0, 1.5, 0, 1.5], "texture": "#0"},
				"down": {"uv": [0, 1.5, 0, 1.5], "texture": "#0"}
			}
		},
		{
			"from": [0.5, 9.5, 1.75],
			"to": [1, 17.75, 2.25],
			"rotation": {"angle": 0, "axis": "y", "origin": [8.5, 9.75, 9.75]},
			"faces": {
				"north": {"uv": [0, 1.25, 0, 1.25], "rotation": 270, "texture": "#0"},
				"east": {"uv": [0, 1.25, 0, 1.5], "rotation": 90, "texture": "#0"},
				"south": {"uv": [0, 1.5, 0, 1.5], "rotation": 90, "texture": "#0"},
				"west": {"uv": [0, 1.25, 0, 1.25], "rotation": 90, "texture": "#0"},
				"up": {"uv": [0, 1.25, 0, 1.75], "rotation": 90, "texture": "#0"},
				"down": {"uv": [0, 1.25, 0, 1.75], "rotation": 90, "texture": "#0"}
			}
		},
		{
			"from": [8.5, 9.5, 1.75],
			"to": [9, 17.75, 2.25],
			"rotation": {"angle": 0, "axis": "y", "origin": [16.5, 9.75, 9.75]},
			"faces": {
				"north": {"uv": [0, 1.25, 0, 1.25], "rotation": 270, "texture": "#0"},
				"east": {"uv": [0, 1.25, 0, 1.5], "rotation": 90, "texture": "#0"},
				"south": {"uv": [0, 1.5, 0, 1.5], "rotation": 90, "texture": "#0"},
				"west": {"uv": [0, 1.25, 0, 1.25], "rotation": 90, "texture": "#0"},
				"up": {"uv": [0, 1.25, 0, 1.75], "rotation": 90, "texture": "#0"},
				"down": {"uv": [0, 1.25, 0, 1.75], "rotation": 90, "texture": "#0"}
			}
		},
		{
			"from": [8.5, 9.5, 9.75],
			"to": [9, 17.75, 10.25],
			"rotation": {"angle": 0, "axis": "y", "origin": [16.5, 9.75, 17.75]},
			"faces": {
				"north": {"uv": [0, 1.25, 0, 1.25], "rotation": 270, "texture": "#0"},
				"east": {"uv": [0, 1.25, 0, 1.5], "rotation": 90, "texture": "#0"},
				"south": {"uv": [0, 1.5, 0, 1.5], "rotation": 90, "texture": "#0"},
				"west": {"uv": [0, 1.25, 0, 1.25], "rotation": 90, "texture": "#0"},
				"up": {"uv": [0, 1.25, 0, 1.75], "rotation": 90, "texture": "#0"},
				"down": {"uv": [0, 1.25, 0, 1.75], "rotation": 90, "texture": "#0"}
			}
		},
		{
			"from": [0.5, 9.5, 9.75],
			"to": [1, 17.75, 10.25],
			"rotation": {"angle": 0, "axis": "y", "origin": [8.5, 9.75, 17.75]},
			"faces": {
				"north": {"uv": [0, 1.25, 0, 1.25], "rotation": 270, "texture": "#0"},
				"east": {"uv": [0, 1.25, 0, 1.5], "rotation": 90, "texture": "#0"},
				"south": {"uv": [0, 1.5, 0, 1.5], "rotation": 90, "texture": "#0"},
				"west": {"uv": [0, 1.25, 0, 1.25], "rotation": 90, "texture": "#0"},
				"up": {"uv": [0, 1.25, 0, 1.75], "rotation": 90, "texture": "#0"},
				"down": {"uv": [0, 1.25, 0, 1.75], "rotation": 90, "texture": "#0"}
			}
		},
		{
			"from": [0.5, 9.5, 9.75],
			"to": [9, 10, 10.25],
			"rotation": {"angle": 0, "axis": "y", "origin": [8.75, 17.5, 17.75]},
			"faces": {
				"north": {"uv": [0, 1.25, 0, 1.25], "texture": "#0"},
				"east": {"uv": [0, 1.25, 0, 1.5], "texture": "#0"},
				"south": {"uv": [0, 1.5, 0, 1.5], "texture": "#0"},
				"west": {"uv": [0, 1.25, 0, 1.25], "texture": "#0"},
				"up": {"uv": [0, 1.25, 0, 1.75], "texture": "#0"},
				"down": {"uv": [0, 1.25, 0, 1.75], "texture": "#0"}
			}
		},
		{
			"from": [0.5, 9.5, 1.75],
			"to": [9, 10, 2.25],
			"rotation": {"angle": 0, "axis": "y", "origin": [8.75, 17.5, 9.75]},
			"faces": {
				"north": {"uv": [0, 1.25, 0, 1.25], "texture": "#0"},
				"east": {"uv": [0, 1.25, 0, 1.5], "texture": "#0"},
				"south": {"uv": [0, 1.5, 0, 1.5], "texture": "#0"},
				"west": {"uv": [0, 1.25, 0, 1.25], "texture": "#0"},
				"up": {"uv": [0, 1.25, 0, 1.75], "texture": "#0"},
				"down": {"uv": [0, 1.25, 0, 1.75], "texture": "#0"}
			}
		},
		{
			"from": [0.5, 17.5, 9.75],
			"to": [9, 18, 10.25],
			"rotation": {"angle": 0, "axis": "y", "origin": [8.75, 25.5, 17.75]},
			"faces": {
				"north": {"uv": [0, 1.25, 0, 1.25], "texture": "#0"},
				"east": {"uv": [0, 1.25, 0, 1.5], "texture": "#0"},
				"south": {"uv": [0, 1.5, 0, 1.5], "texture": "#0"},
				"west": {"uv": [0, 1.25, 0, 1.25], "texture": "#0"},
				"up": {"uv": [0, 1.25, 0, 1.75], "texture": "#0"},
				"down": {"uv": [0, 1.25, 0, 1.75], "texture": "#0"}
			}
		},
		{
			"from": [0.5, 9.25, 9.75],
			"to": [9, 9.75, 10.25],
			"rotation": {"angle": 0, "axis": "y", "origin": [8.75, 17.25, 17.75]},
			"faces": {
				"north": {"uv": [0, 1.25, 0, 1.25], "texture": "#0"},
				"east": {"uv": [0, 1.25, 0, 1.5], "texture": "#0"},
				"south": {"uv": [0, 1.5, 0, 1.5], "texture": "#0"},
				"west": {"uv": [0, 1.25, 0, 1.25], "texture": "#0"},
				"up": {"uv": [0, 1.25, 0, 1.75], "texture": "#0"},
				"down": {"uv": [0, 1.25, 0, 1.75], "texture": "#0"}
			}
		},
		{
			"from": [0.5, 9.25, 1.75],
			"to": [9, 9.75, 2.25],
			"rotation": {"angle": 0, "axis": "y", "origin": [8.75, 17.25, 9.75]},
			"faces": {
				"north": {"uv": [0, 1.25, 0, 1.25], "texture": "#0"},
				"east": {"uv": [0, 1.25, 0, 1.5], "texture": "#0"},
				"south": {"uv": [0, 1.5, 0, 1.5], "texture": "#0"},
				"west": {"uv": [0, 1.25, 0, 1.25], "texture": "#0"},
				"up": {"uv": [0, 1.25, 0, 1.75], "texture": "#0"},
				"down": {"uv": [0, 1.25, 0, 1.75], "texture": "#0"}
			}
		},
		{
			"from": [0.5, 17.5, 1.75],
			"to": [9, 18, 2.25],
			"rotation": {"angle": 0, "axis": "y", "origin": [8.75, 25.5, 9.75]},
			"faces": {
				"north": {"uv": [0, 1.25, 0, 1.25], "texture": "#0"},
				"east": {"uv": [0, 1.25, 0, 1.5], "texture": "#0"},
				"south": {"uv": [0, 1.5, 0, 1.5], "texture": "#0"},
				"west": {"uv": [0, 1.25, 0, 1.25], "texture": "#0"},
				"up": {"uv": [0, 1.25, 0, 1.75], "texture": "#0"},
				"down": {"uv": [0, 1.25, 0, 1.75], "texture": "#0"}
			}
		},
		{
			"from": [0.5, 17.25, 1.75],
			"to": [9, 17.75, 2.25],
			"rotation": {"angle": 0, "axis": "y", "origin": [8.75, 25.25, 9.75]},
			"faces": {
				"north": {"uv": [0, 1.25, 0, 1.25], "texture": "#0"},
				"east": {"uv": [0, 1.25, 0, 1.5], "texture": "#0"},
				"south": {"uv": [0, 1.5, 0, 1.5], "texture": "#0"},
				"west": {"uv": [0, 1.25, 0, 1.25], "texture": "#0"},
				"up": {"uv": [0, 1.25, 0, 1.75], "texture": "#0"},
				"down": {"uv": [0, 1.25, 0, 1.75], "texture": "#0"}
			}
		},
		{
			"from": [0.5, 17.25, 9.75],
			"to": [9, 17.75, 10.25],
			"rotation": {"angle": 0, "axis": "y", "origin": [8.75, 25.25, 17.75]},
			"faces": {
				"north": {"uv": [0, 1.25, 0, 1.25], "texture": "#0"},
				"east": {"uv": [0, 1.25, 0, 1.5], "texture": "#0"},
				"south": {"uv": [0, 1.5, 0, 1.5], "texture": "#0"},
				"west": {"uv": [0, 1.25, 0, 1.25], "texture": "#0"},
				"up": {"uv": [0, 1.25, 0, 1.75], "texture": "#0"},
				"down": {"uv": [0, 1.25, 0, 1.75], "texture": "#0"}
			}
		},
		{
			"from": [8.5, 9.75, 2],
			"to": [9, 17.75, 2.5],
			"rotation": {"angle": 0, "axis": "y", "origin": [16, 9.75, 10]},
			"faces": {
				"north": {"uv": [0, 1.25, 0, 1.25], "rotation": 180, "texture": "#0"},
				"east": {"uv": [0, 1.25, 0, 1.5], "rotation": 270, "texture": "#0"},
				"south": {"uv": [0, 1.5, 0, 1.5], "texture": "#0"},
				"west": {"uv": [0, 1.25, 0, 1.25], "rotation": 90, "texture": "#0"},
				"up": {"uv": [0, 1.25, 0, 1.75], "rotation": 180, "texture": "#0"},
				"down": {"uv": [0, 1.25, 0, 1.75], "texture": "#0"}
			}
		},
		{
			"from": [8.5, 9.75, 9.5],
			"to": [9, 17.75, 10],
			"rotation": {"angle": 0, "axis": "y", "origin": [16, 9.75, 17.5]},
			"faces": {
				"north": {"uv": [0, 1.25, 0, 1.25], "rotation": 180, "texture": "#0"},
				"east": {"uv": [0, 1.25, 0, 1.5], "rotation": 270, "texture": "#0"},
				"south": {"uv": [0, 1.5, 0, 1.5], "texture": "#0"},
				"west": {"uv": [0, 1.25, 0, 1.25], "rotation": 90, "texture": "#0"},
				"up": {"uv": [0, 1.25, 0, 1.75], "rotation": 180, "texture": "#0"},
				"down": {"uv": [0, 1.25, 0, 1.75], "texture": "#0"}
			}
		},
		{
			"from": [0.5, 9.75, 9.5],
			"to": [1, 17.75, 10],
			"rotation": {"angle": 0, "axis": "y", "origin": [8, 9.75, 17.5]},
			"faces": {
				"north": {"uv": [0, 1.25, 0, 1.25], "rotation": 180, "texture": "#0"},
				"east": {"uv": [0, 1.25, 0, 1.5], "rotation": 270, "texture": "#0"},
				"south": {"uv": [0, 1.5, 0, 1.5], "texture": "#0"},
				"west": {"uv": [0, 1.25, 0, 1.25], "rotation": 90, "texture": "#0"},
				"up": {"uv": [0, 1.25, 0, 1.75], "rotation": 180, "texture": "#0"},
				"down": {"uv": [0, 1.25, 0, 1.75], "texture": "#0"}
			}
		},
		{
			"from": [0.5, 9.75, 2],
			"to": [1, 17.75, 2.5],
			"rotation": {"angle": 0, "axis": "y", "origin": [8, 9.75, 10]},
			"faces": {
				"north": {"uv": [0, 1.25, 0, 1.25], "rotation": 180, "texture": "#0"},
				"east": {"uv": [0, 1.25, 0, 1.5], "rotation": 270, "texture": "#0"},
				"south": {"uv": [0, 1.5, 0, 1.5], "texture": "#0"},
				"west": {"uv": [0, 1.25, 0, 1.25], "rotation": 90, "texture": "#0"},
				"up": {"uv": [0, 1.25, 0, 1.75], "rotation": 180, "texture": "#0"},
				"down": {"uv": [0, 1.25, 0, 1.75], "texture": "#0"}
			}
		},
		{
			"from": [0.5, 9.5, 2],
			"to": [1, 10, 10],
			"rotation": {"angle": 0, "axis": "y", "origin": [8, 17, 10]},
			"faces": {
				"north": {"uv": [0, 1.25, 0, 1.25], "texture": "#0"},
				"east": {"uv": [0, 1.25, 0, 1.5], "texture": "#0"},
				"south": {"uv": [0, 1.5, 0, 1.5], "texture": "#0"},
				"west": {"uv": [0, 1.25, 0, 1.25], "texture": "#0"},
				"up": {"uv": [0, 1.25, 0, 1.75], "texture": "#0"},
				"down": {"uv": [0, 1.25, 0, 1.75], "texture": "#0"}
			}
		},
		{
			"from": [8.5, 9.5, 2],
			"to": [9, 10, 10],
			"rotation": {"angle": 0, "axis": "y", "origin": [16, 17, 10]},
			"faces": {
				"north": {"uv": [0, 1.25, 0, 1.25], "texture": "#0"},
				"east": {"uv": [0, 1.25, 0, 1.5], "texture": "#0"},
				"south": {"uv": [0, 1.5, 0, 1.5], "texture": "#0"},
				"west": {"uv": [0, 1.25, 0, 1.25], "texture": "#0"},
				"up": {"uv": [0, 1.25, 0, 1.75], "texture": "#0"},
				"down": {"uv": [0, 1.25, 0, 1.75], "texture": "#0"}
			}
		},
		{
			"from": [0.5, 17.5, 1.75],
			"to": [1, 18, 10.25],
			"rotation": {"angle": 0, "axis": "y", "origin": [8, 25, 10]},
			"faces": {
				"north": {"uv": [0, 1.25, 0, 1.25], "texture": "#0"},
				"east": {"uv": [0, 1.25, 0, 1.5], "texture": "#0"},
				"south": {"uv": [0, 1.5, 0, 1.5], "texture": "#0"},
				"west": {"uv": [0, 1.25, 0, 1.25], "texture": "#0"},
				"up": {"uv": [0, 1.25, 0, 1.75], "texture": "#0"},
				"down": {"uv": [0, 1.25, 0, 1.75], "texture": "#0"}
			}
		},
		{
			"from": [0.5, 9.25, 1.75],
			"to": [1, 9.75, 10.25],
			"rotation": {"angle": 0, "axis": "y", "origin": [8, 16.75, 10]},
			"faces": {
				"north": {"uv": [0, 1.25, 0, 1.25], "texture": "#0"},
				"east": {"uv": [0, 1.25, 0, 1.5], "texture": "#0"},
				"south": {"uv": [0, 1.5, 0, 1.5], "texture": "#0"},
				"west": {"uv": [0, 1.25, 0, 1.25], "texture": "#0"},
				"up": {"uv": [0, 1.25, 0, 1.75], "texture": "#0"},
				"down": {"uv": [0, 1.25, 0, 1.75], "texture": "#0"}
			}
		},
		{
			"from": [8.5, 9.25, 1.75],
			"to": [9, 9.75, 10.25],
			"rotation": {"angle": 0, "axis": "y", "origin": [16, 16.75, 10]},
			"faces": {
				"north": {"uv": [0, 1.25, 0, 1.25], "texture": "#0"},
				"east": {"uv": [0, 1.25, 0, 1.5], "texture": "#0"},
				"south": {"uv": [0, 1.5, 0, 1.5], "texture": "#0"},
				"west": {"uv": [0, 1.25, 0, 1.25], "texture": "#0"},
				"up": {"uv": [0, 1.25, 0, 1.75], "texture": "#0"},
				"down": {"uv": [0, 1.25, 0, 1.75], "texture": "#0"}
			}
		},
		{
			"from": [8.5, 17.5, 1.75],
			"to": [9, 18, 10.25],
			"rotation": {"angle": 0, "axis": "y", "origin": [16, 25, 10]},
			"faces": {
				"north": {"uv": [0, 1.25, 0, 1.25], "texture": "#0"},
				"east": {"uv": [0, 1.25, 0, 1.5], "texture": "#0"},
				"south": {"uv": [0, 1.5, 0, 1.5], "texture": "#0"},
				"west": {"uv": [0, 1.25, 0, 1.25], "texture": "#0"},
				"up": {"uv": [0, 1.25, 0, 1.75], "texture": "#0"},
				"down": {"uv": [0, 1.25, 0, 1.75], "texture": "#0"}
			}
		},
		{
			"from": [8.5, 17.25, 2],
			"to": [9, 17.75, 10],
			"rotation": {"angle": 0, "axis": "y", "origin": [16, 24.75, 10]},
			"faces": {
				"north": {"uv": [0, 1.25, 0, 1.25], "texture": "#0"},
				"east": {"uv": [0, 1.25, 0, 1.5], "texture": "#0"},
				"south": {"uv": [0, 1.5, 0, 1.5], "texture": "#0"},
				"west": {"uv": [0, 1.25, 0, 1.25], "texture": "#0"},
				"up": {"uv": [0, 1.25, 0, 1.75], "texture": "#0"},
				"down": {"uv": [0, 1.25, 0, 1.75], "texture": "#0"}
			}
		},
		{
			"from": [0.5, 17.25, 2],
			"to": [1, 17.75, 10],
			"rotation": {"angle": 0, "axis": "y", "origin": [8, 24.75, 10]},
			"faces": {
				"north": {"uv": [0, 1.25, 0, 1.25], "texture": "#0"},
				"east": {"uv": [0, 1.25, 0, 1.5], "texture": "#0"},
				"south": {"uv": [0, 1.5, 0, 1.5], "texture": "#0"},
				"west": {"uv": [0, 1.25, 0, 1.25], "texture": "#0"},
				"up": {"uv": [0, 1.25, 0, 1.75], "texture": "#0"},
				"down": {"uv": [0, 1.25, 0, 1.75], "texture": "#0"}
			}
		}
	],
	"display": {
		"thirdperson_righthand": {
			"translation": [1.75, -3.75, -1.5],
			"scale": [0.52, 0.52, 0.52]
		},
		"thirdperson_lefthand": {
			"translation": [-1.75, -3.75, -1.5],
			"scale": [0.52, 0.52, 0.52]
		},
		"firstperson_righthand": {
			"translation": [6.75, -4.75, 0]
		},
		"firstperson_lefthand": {
			"rotation": [6, 0, 0],
			"translation": [4.5, -4.75, 0]
		},
		"gui": {
			"translation": [3, -5.5, 3]
		},
		"head": {
			"translation": [3.25, 0, 1.5]
		},
		"fixed": {
			"translation": [3, -5.5, 3]
		}
	},
	"groups": [0,
		{
			"name": "side 1",
			"origin": [8, 8, 8],
			"children": [1, 2, 3, 4, 5, 6, 7, 8,
				{
					"name": "hexadecagon",
					"origin": [8, 8, 8],
					"children": [9, 10, 11, 12, 13, 14, 15, 16]
				},
				{
					"name": "group",
					"origin": [8, 8, 8],
					"children": []
				}, 17, 18, 19, 20, 21, 22, 23, 24]
		},
		{
			"name": "side 2",
			"origin": [8, 8, 8],
			"children": [25, 26, 27, 28, 29, 30, 31, 32,
				{
					"name": "hexadecagon",
					"origin": [8, 8, 8],
					"children": [33, 34, 35, 36, 37, 38, 39, 40]
				},
				{
					"name": "group",
					"origin": [8, 8, 8],
					"children": []
				}, 41, 42, 43, 44, 45, 46, 47, 48]
		},
		{
			"name": "side 3",
			"origin": [8, 8, 8],
			"children": [49, 50, 51, 52, 53, 54, 55, 56,
				{
					"name": "hexadecagon",
					"origin": [8, 8, 8],
					"children": [57, 58, 59, 60, 61, 62, 63, 64]
				}, 65, 66, 67, 68, 69, 70, 71, 72]
		},
		{
			"name": "side 4",
			"origin": [8, 8, 8],
			"children": [73, 74, 75, 76, 77, 78, 79, 80,
				{
					"name": "hexadecagon",
					"origin": [8, 8, 8],
					"children": [81, 82, 83, 84, 85, 86, 87, 88]
				}, 89, 90, 91, 92, 93, 94, 95, 96]
		},
		{
			"name": "side 5",
			"origin": [2, 25.75, 16.75],
			"children": [97, 98, 99, 100, 101, 102, 103, 104,
				{
					"name": "hexadecagon",
					"origin": [8, 8, 8],
					"children": [105, 106, 107, 108, 109, 110, 111, 112,
						{
							"name": "hexadecagon",
							"origin": [8, 8, 8],
							"children": [113, 114, 115, 116, 117, 118, 119, 120]
						}
					]
				}
			]
		},
		{
			"name": "side 6",
			"origin": [2, 25.75, 16.75],
			"children": [121, 122, 123, 124, 125, 126, 127, 128,
				{
					"name": "hexadecagon",
					"origin": [8, 8, 8],
					"children": [129, 130, 131, 132, 133, 134, 135, 136,
						{
							"name": "hexadecagon",
							"origin": [8, 8, 8],
							"children": [137, 138, 139, 140, 141, 142, 143, 144]
						}
					]
				}
			]
		},
		{
			"name": "Edges",
			"origin": [8.5, 9.75, 9.75],
			"children": [145, 146, 147, 148, 149, 150, 151, 152, 153, 154, 155, 156, 157, 158, 159, 160, 161, 162, 163, 164, 165, 166, 167, 168]
		}
	]
}