{
	"credit": "Made with Blockbench",
	"textures": {
		"0": "block/black_wool",
		"1": "block/astroarrow",
		"6": "block/sunflower_front",
		"7": "block/furnace_side",
		"8": "block/command_block",
		"9": "block/red_wool",
		"10": "block/astrogrill",
		"particle": "block/black_wool"
	},
	"elements": [
		{
			"name": "octagon",
			"from": [7.17157, 0, 8.5],
			"to": [8.82843, 0.25, 12.5],
			"rotation": {"angle": 45, "axis": "y", "origin": [8, 24.2625, 10.5]},
			"faces": {
				"north": {"uv": [0, 0, 1, 1], "texture": "#0"},
				"east": {"uv": [0, 0, 1, 1], "texture": "#0"},
				"south": {"uv": [0, 0, 1, 1], "texture": "#0"},
				"west": {"uv": [0, 0, 1, 1], "texture": "#0"},
				"up": {"uv": [0, 0, 1, 1], "texture": "#0"},
				"down": {"uv": [0, 0, 1, 1], "texture": "#0"}
			}
		},
		{
			"name": "octagon",
			"from": [7.17157, 0, 3.5],
			"to": [8.82843, 0.25, 7.5],
			"rotation": {"angle": 45, "axis": "y", "origin": [8, 24.2625, 5.5]},
			"faces": {
				"north": {"uv": [0, 0, 1, 1], "texture": "#0"},
				"east": {"uv": [0, 0, 1, 1], "texture": "#0"},
				"south": {"uv": [0, 0, 1, 1], "texture": "#0"},
				"west": {"uv": [0, 0, 1, 1], "texture": "#0"},
				"up": {"uv": [0, 0, 1, 1], "texture": "#0"},
				"down": {"uv": [0, 0, 1, 1], "texture": "#0"}
			}
		},
		{
			"name": "octagon",
			"from": [7.17157, 0, 8.5],
			"to": [8.82843, 0.25, 12.5],
			"rotation": {"angle": 0, "axis": "y", "origin": [8, 24.2625, 10.5]},
			"faces": {
				"north": {"uv": [0, 0, 1, 1], "texture": "#0"},
				"east": {"uv": [0, 0, 1, 1], "texture": "#0"},
				"south": {"uv": [0, 0, 1, 1], "texture": "#0"},
				"west": {"uv": [0, 0, 1, 1], "texture": "#0"},
				"up": {"uv": [0, 0, 1, 1], "texture": "#0"},
				"down": {"uv": [0, 0, 1, 1], "texture": "#0"}
			}
		},
		{
			"name": "octagon",
			"from": [7.17157, 0, 3.5],
			"to": [8.82843, 0.25, 7.5],
			"rotation": {"angle": 0, "axis": "y", "origin": [8, 24.2625, 5.5]},
			"faces": {
				"north": {"uv": [0, 0, 1, 1], "texture": "#0"},
				"east": {"uv": [0, 0, 1, 1], "texture": "#0"},
				"south": {"uv": [0, 0, 1, 1], "texture": "#0"},
				"west": {"uv": [0, 0, 1, 1], "texture": "#0"},
				"up": {"uv": [0, 0, 1, 1], "texture": "#0"},
				"down": {"uv": [0, 0, 1, 1], "texture": "#0"}
			}
		},
		{
			"name": "octagon",
			"from": [6, 0, 9.67157],
			"to": [10, 0.25, 11.32843],
			"rotation": {"angle": 45, "axis": "y", "origin": [8, 24.2625, 10.5]},
			"faces": {
				"north": {"uv": [0, 0, 1, 1], "texture": "#0"},
				"east": {"uv": [0, 0, 1, 1], "texture": "#0"},
				"south": {"uv": [0, 0, 1, 1], "texture": "#0"},
				"west": {"uv": [0, 0, 1, 1], "texture": "#0"},
				"up": {"uv": [0, 0, 1, 1], "texture": "#0"},
				"down": {"uv": [0, 0, 1, 1], "texture": "#0"}
			}
		},
		{
			"name": "octagon",
			"from": [6, 0, 4.67157],
			"to": [10, 0.25, 6.32843],
			"rotation": {"angle": 45, "axis": "y", "origin": [8, 24.2625, 5.5]},
			"faces": {
				"north": {"uv": [0, 0, 1, 1], "texture": "#0"},
				"east": {"uv": [0, 0, 1, 1], "texture": "#0"},
				"south": {"uv": [0, 0, 1, 1], "texture": "#0"},
				"west": {"uv": [0, 0, 1, 1], "texture": "#0"},
				"up": {"uv": [0, 0, 1, 1], "texture": "#0"},
				"down": {"uv": [0, 0, 1, 1], "texture": "#0"}
			}
		},
		{
			"name": "octagon",
			"from": [6, 0, 9.67157],
			"to": [10, 0.25, 11.32843],
			"rotation": {"angle": 0, "axis": "y", "origin": [8, 24.2625, 10.5]},
			"faces": {
				"north": {"uv": [0, 0, 1, 1], "texture": "#0"},
				"east": {"uv": [0, 0, 1, 1], "texture": "#0"},
				"south": {"uv": [0, 0, 1, 1], "texture": "#0"},
				"west": {"uv": [0, 0, 1, 1], "texture": "#0"},
				"up": {"uv": [0, 0, 1, 1], "texture": "#0"},
				"down": {"uv": [0, 0, 1, 1], "texture": "#0"}
			}
		},
		{
			"name": "octagon",
			"from": [6, 0, 4.67157],
			"to": [10, 0.25, 6.32843],
			"rotation": {"angle": 0, "axis": "y", "origin": [8, 24.2625, 5.5]},
			"faces": {
				"north": {"uv": [0, 0, 1, 1], "texture": "#0"},
				"east": {"uv": [0, 0, 1, 1], "texture": "#0"},
				"south": {"uv": [0, 0, 1, 1], "texture": "#0"},
				"west": {"uv": [0, 0, 1, 1], "texture": "#0"},
				"up": {"uv": [0, 0, 1, 1], "texture": "#0"},
				"down": {"uv": [0, 0, 1, 1], "texture": "#0"}
			}
		},
		{
			"name": "octagon",
			"from": [7.06802, 0.25, 8.25],
			"to": [8.93198, 0.5, 12.75],
			"rotation": {"angle": 45, "axis": "y", "origin": [8, 16.3875, 10.5]},
			"faces": {
				"north": {"uv": [10, 7, 11, 8], "texture": "#1"},
				"east": {"uv": [10, 7, 11, 8], "texture": "#1"},
				"south": {"uv": [10, 7, 11, 8], "texture": "#1"},
				"west": {"uv": [10, 7, 11, 8], "texture": "#1"},
				"up": {"uv": [10, 7, 11, 8], "texture": "#1"},
				"down": {"uv": [10, 7, 11, 8], "texture": "#1"}
			}
		},
		{
			"name": "octagon",
			"from": [7.06802, 0.25, 3.25],
			"to": [8.93198, 0.5, 7.75],
			"rotation": {"angle": 45, "axis": "y", "origin": [8, 16.3875, 5.5]},
			"faces": {
				"north": {"uv": [10, 7, 11, 8], "texture": "#1"},
				"east": {"uv": [10, 7, 11, 8], "texture": "#1"},
				"south": {"uv": [10, 7, 11, 8], "texture": "#1"},
				"west": {"uv": [10, 7, 11, 8], "texture": "#1"},
				"up": {"uv": [10, 7, 11, 8], "texture": "#1"},
				"down": {"uv": [10, 7, 11, 8], "texture": "#1"}
			}
		},
		{
			"name": "octagon",
			"from": [7.06802, 0.25, 8.25],
			"to": [8.93198, 0.5, 12.75],
			"rotation": {"angle": 0, "axis": "y", "origin": [8, 16.3875, 10.5]},
			"faces": {
				"north": {"uv": [10, 7, 11, 8], "texture": "#1"},
				"east": {"uv": [10, 7, 11, 8], "texture": "#1"},
				"south": {"uv": [10, 7, 11, 8], "texture": "#1"},
				"west": {"uv": [10, 7, 11, 8], "texture": "#1"},
				"up": {"uv": [10, 7, 11, 8], "texture": "#1"},
				"down": {"uv": [10, 7, 11, 8], "texture": "#1"}
			}
		},
		{
			"name": "octagon",
			"from": [7.06802, 0.25, 3.25],
			"to": [8.93198, 0.5, 7.75],
			"rotation": {"angle": 0, "axis": "y", "origin": [8, 16.3875, 5.5]},
			"faces": {
				"north": {"uv": [10, 7, 11, 8], "texture": "#1"},
				"east": {"uv": [10, 7, 11, 8], "texture": "#1"},
				"south": {"uv": [10, 7, 11, 8], "texture": "#1"},
				"west": {"uv": [10, 7, 11, 8], "texture": "#1"},
				"up": {"uv": [10, 7, 11, 8], "texture": "#1"},
				"down": {"uv": [10, 7, 11, 8], "texture": "#1"}
			}
		},
		{
			"name": "octagon",
			"from": [5.75, 0.25, 9.56802],
			"to": [10.25, 0.5, 11.43198],
			"rotation": {"angle": 45, "axis": "y", "origin": [8, 16.3875, 10.5]},
			"faces": {
				"north": {"uv": [10, 7, 11, 8], "texture": "#1"},
				"east": {"uv": [10, 7, 11, 8], "texture": "#1"},
				"south": {"uv": [10, 7, 11, 8], "texture": "#1"},
				"west": {"uv": [10, 7, 11, 8], "texture": "#1"},
				"up": {"uv": [10, 7, 11, 8], "texture": "#1"},
				"down": {"uv": [10, 7, 11, 8], "texture": "#1"}
			}
		},
		{
			"name": "octagon",
			"from": [5.75, 0.25, 4.56802],
			"to": [10.25, 0.5, 6.43198],
			"rotation": {"angle": 45, "axis": "y", "origin": [8, 16.3875, 5.5]},
			"faces": {
				"north": {"uv": [10, 7, 11, 8], "texture": "#1"},
				"east": {"uv": [10, 7, 11, 8], "texture": "#1"},
				"south": {"uv": [10, 7, 11, 8], "texture": "#1"},
				"west": {"uv": [10, 7, 11, 8], "texture": "#1"},
				"up": {"uv": [10, 7, 11, 8], "texture": "#1"},
				"down": {"uv": [10, 7, 11, 8], "texture": "#1"}
			}
		},
		{
			"name": "octagon",
			"from": [5.75, 0.25, 9.56802],
			"to": [10.25, 0.5, 11.43198],
			"rotation": {"angle": 0, "axis": "y", "origin": [8, 16.3875, 10.5]},
			"faces": {
				"north": {"uv": [10, 7, 11, 8], "texture": "#1"},
				"east": {"uv": [10, 7, 11, 8], "texture": "#1"},
				"south": {"uv": [10, 7, 11, 8], "texture": "#1"},
				"west": {"uv": [10, 7, 11, 8], "texture": "#1"},
				"up": {"uv": [10, 7, 11, 8], "texture": "#1"},
				"down": {"uv": [10, 7, 11, 8], "texture": "#1"}
			}
		},
		{
			"name": "octagon",
			"from": [5.75, 0.25, 4.56802],
			"to": [10.25, 0.5, 6.43198],
			"rotation": {"angle": 0, "axis": "y", "origin": [8, 16.3875, 5.5]},
			"faces": {
				"north": {"uv": [10, 7, 11, 8], "texture": "#1"},
				"east": {"uv": [10, 7, 11, 8], "texture": "#1"},
				"south": {"uv": [10, 7, 11, 8], "texture": "#1"},
				"west": {"uv": [10, 7, 11, 8], "texture": "#1"},
				"up": {"uv": [10, 7, 11, 8], "texture": "#1"},
				"down": {"uv": [10, 7, 11, 8], "texture": "#1"}
			}
		},
		{
			"name": "octagon",
			"from": [7.06802, 0.5, 8.25],
			"to": [8.93198, 1.25, 12.75],
			"rotation": {"angle": 45, "axis": "y", "origin": [8, 16.3875, 10.5]},
			"faces": {
				"north": {"uv": [9, 5, 14, 10], "rotation": 90, "texture": "#9"},
				"east": {"uv": [9, 5, 14, 10], "rotation": 90, "texture": "#9"},
				"south": {"uv": [9, 5, 14, 10], "rotation": 90, "texture": "#9"},
				"west": {"uv": [9, 5, 14, 10], "rotation": 90, "texture": "#9"},
				"up": {"uv": [9, 5, 14, 10], "rotation": 90, "texture": "#9"},
				"down": {"uv": [9, 5, 14, 10], "rotation": 90, "texture": "#9"}
			}
		},
		{
			"name": "octagon",
			"from": [7.06802, 0.5, 3.25],
			"to": [8.93198, 1.25, 7.75],
			"rotation": {"angle": 45, "axis": "y", "origin": [8, 16.3875, 5.5]},
			"faces": {
				"north": {"uv": [9, 5, 14, 10], "rotation": 90, "texture": "#9"},
				"east": {"uv": [9, 5, 14, 10], "rotation": 90, "texture": "#9"},
				"south": {"uv": [9, 5, 14, 10], "rotation": 90, "texture": "#9"},
				"west": {"uv": [9, 5, 14, 10], "rotation": 90, "texture": "#9"},
				"up": {"uv": [9, 5, 14, 10], "rotation": 90, "texture": "#9"},
				"down": {"uv": [9, 5, 14, 10], "rotation": 90, "texture": "#9"}
			}
		},
		{
			"name": "octagon",
			"from": [7.06802, 0.5, 8.25],
			"to": [8.93198, 1.25, 12.75],
			"rotation": {"angle": 0, "axis": "y", "origin": [8, 16.3875, 10.5]},
			"faces": {
				"north": {"uv": [9, 5, 14, 10], "rotation": 90, "texture": "#9"},
				"east": {"uv": [9, 5, 14, 10], "rotation": 90, "texture": "#9"},
				"south": {"uv": [9, 5, 14, 10], "rotation": 90, "texture": "#9"},
				"west": {"uv": [9, 5, 14, 10], "rotation": 90, "texture": "#9"},
				"up": {"uv": [9, 5, 14, 10], "rotation": 90, "texture": "#9"},
				"down": {"uv": [9, 5, 14, 10], "rotation": 90, "texture": "#9"}
			}
		},
		{
			"name": "octagon",
			"from": [7.06802, 0.5, 3.25],
			"to": [8.93198, 1.25, 7.75],
			"rotation": {"angle": 0, "axis": "y", "origin": [8, 16.3875, 5.5]},
			"faces": {
				"north": {"uv": [9, 5, 14, 10], "rotation": 90, "texture": "#9"},
				"east": {"uv": [9, 5, 14, 10], "rotation": 90, "texture": "#9"},
				"south": {"uv": [9, 5, 14, 10], "rotation": 90, "texture": "#9"},
				"west": {"uv": [9, 5, 14, 10], "rotation": 90, "texture": "#9"},
				"up": {"uv": [9, 5, 14, 10], "rotation": 90, "texture": "#9"},
				"down": {"uv": [9, 5, 14, 10], "rotation": 90, "texture": "#9"}
			}
		},
		{
			"name": "octagon",
			"from": [5.75, 0.5, 9.56802],
			"to": [10.25, 1.25, 11.43198],
			"rotation": {"angle": 45, "axis": "y", "origin": [8, 16.3875, 10.5]},
			"faces": {
				"north": {"uv": [9, 5, 14, 10], "rotation": 90, "texture": "#9"},
				"east": {"uv": [9, 5, 14, 10], "rotation": 90, "texture": "#9"},
				"south": {"uv": [9, 5, 14, 10], "rotation": 90, "texture": "#9"},
				"west": {"uv": [9, 5, 14, 10], "rotation": 90, "texture": "#9"},
				"up": {"uv": [9, 5, 14, 10], "rotation": 90, "texture": "#9"},
				"down": {"uv": [9, 5, 14, 10], "rotation": 90, "texture": "#9"}
			}
		},
		{
			"name": "octagon",
			"from": [5.75, 0.5, 4.56802],
			"to": [10.25, 1.25, 6.43198],
			"rotation": {"angle": 45, "axis": "y", "origin": [8, 16.3875, 5.5]},
			"faces": {
				"north": {"uv": [9, 5, 14, 10], "rotation": 90, "texture": "#9"},
				"east": {"uv": [9, 5, 14, 10], "rotation": 90, "texture": "#9"},
				"south": {"uv": [9, 5, 14, 10], "rotation": 90, "texture": "#9"},
				"west": {"uv": [9, 5, 14, 10], "rotation": 90, "texture": "#9"},
				"up": {"uv": [9, 5, 14, 10], "rotation": 90, "texture": "#9"},
				"down": {"uv": [9, 5, 14, 10], "rotation": 90, "texture": "#9"}
			}
		},
		{
			"name": "octagon",
			"from": [5.75, 0.5, 9.56802],
			"to": [10.25, 1.25, 11.43198],
			"rotation": {"angle": 0, "axis": "y", "origin": [8, 16.3875, 10.5]},
			"faces": {
				"north": {"uv": [9, 5, 14, 10], "rotation": 90, "texture": "#9"},
				"east": {"uv": [9, 5, 14, 10], "rotation": 90, "texture": "#9"},
				"south": {"uv": [9, 5, 14, 10], "rotation": 90, "texture": "#9"},
				"west": {"uv": [9, 5, 14, 10], "rotation": 90, "texture": "#9"},
				"up": {"uv": [9, 5, 14, 10], "rotation": 90, "texture": "#9"},
				"down": {"uv": [9, 5, 14, 10], "rotation": 90, "texture": "#9"}
			}
		},
		{
			"name": "octagon",
			"from": [5.75, 0.5, 4.56802],
			"to": [10.25, 1.25, 6.43198],
			"rotation": {"angle": 0, "axis": "y", "origin": [8, 16.3875, 5.5]},
			"faces": {
				"north": {"uv": [9, 5, 14, 10], "rotation": 90, "texture": "#9"},
				"east": {"uv": [9, 5, 14, 10], "rotation": 90, "texture": "#9"},
				"south": {"uv": [9, 5, 14, 10], "rotation": 90, "texture": "#9"},
				"west": {"uv": [9, 5, 14, 10], "rotation": 90, "texture": "#9"},
				"up": {"uv": [9, 5, 14, 10], "rotation": 90, "texture": "#9"},
				"down": {"uv": [9, 5, 14, 10], "rotation": 90, "texture": "#9"}
			}
		},
		{
			"name": "octagon",
			"from": [7.06802, 1.25, 8.25],
			"to": [8.93198, 6.25, 12.75],
			"rotation": {"angle": 45, "axis": "y", "origin": [8, 16.3875, 10.5]},
			"faces": {
				"north": {"uv": [9, 5, 9.25, 5.75], "texture": "#6"},
				"east": {"uv": [9, 5, 9.25, 5.75], "texture": "#6"},
				"south": {"uv": [9, 5, 9.25, 5.75], "texture": "#6"},
				"west": {"uv": [9, 5, 9.25, 5.75], "texture": "#6"},
				"up": {"uv": [9, 5, 9.25, 5.75], "texture": "#6"},
				"down": {"uv": [9, 5, 9.25, 5.75], "texture": "#6"}
			}
		},
		{
			"name": "octagon",
			"from": [7.06802, 1.25, 3.25],
			"to": [8.93198, 6.25, 7.75],
			"rotation": {"angle": 45, "axis": "y", "origin": [8, 16.3875, 5.5]},
			"faces": {
				"north": {"uv": [9, 5, 9.25, 5.75], "texture": "#6"},
				"east": {"uv": [9, 5, 9.25, 5.75], "texture": "#6"},
				"south": {"uv": [9, 5, 9.25, 5.75], "texture": "#6"},
				"west": {"uv": [9, 5, 9.25, 5.75], "texture": "#6"},
				"up": {"uv": [9, 5, 9.25, 5.75], "texture": "#6"},
				"down": {"uv": [9, 5, 9.25, 5.75], "texture": "#6"}
			}
		},
		{
			"name": "octagon",
			"from": [7.06802, 1.25, 8.25],
			"to": [8.93198, 6.25, 12.75],
			"rotation": {"angle": 0, "axis": "y", "origin": [8, 16.3875, 10.5]},
			"faces": {
				"north": {"uv": [9, 5, 9.25, 5.75], "texture": "#6"},
				"east": {"uv": [9, 5, 9.25, 5.75], "texture": "#6"},
				"south": {"uv": [9, 5, 9.25, 5.75], "texture": "#6"},
				"west": {"uv": [9, 5, 9.25, 5.75], "texture": "#6"},
				"up": {"uv": [9, 5, 9.25, 5.75], "texture": "#6"},
				"down": {"uv": [9, 5, 9.25, 5.75], "texture": "#6"}
			}
		},
		{
			"name": "octagon",
			"from": [7.06802, 1.25, 3.25],
			"to": [8.93198, 6.25, 7.75],
			"rotation": {"angle": 0, "axis": "y", "origin": [8, 16.3875, 5.5]},
			"faces": {
				"north": {"uv": [9, 5, 9.25, 5.75], "texture": "#6"},
				"east": {"uv": [9, 5, 9.25, 5.75], "texture": "#6"},
				"south": {"uv": [9, 5, 9.25, 5.75], "texture": "#6"},
				"west": {"uv": [9, 5, 9.25, 5.75], "texture": "#6"},
				"up": {"uv": [9, 5, 9.25, 5.75], "texture": "#6"},
				"down": {"uv": [9, 5, 9.25, 5.75], "texture": "#6"}
			}
		},
		{
			"name": "octagon",
			"from": [5.75, 1.25, 9.56802],
			"to": [10.25, 6.25, 11.43198],
			"rotation": {"angle": 45, "axis": "y", "origin": [8, 16.3875, 10.5]},
			"faces": {
				"north": {"uv": [9, 5, 9.25, 5.75], "texture": "#6"},
				"east": {"uv": [9, 5, 9.25, 5.75], "texture": "#6"},
				"south": {"uv": [9, 5, 9.25, 5.75], "texture": "#6"},
				"west": {"uv": [9, 5, 9.25, 5.75], "texture": "#6"},
				"up": {"uv": [9, 5, 9.25, 5.75], "texture": "#6"},
				"down": {"uv": [9, 5, 9.25, 5.75], "texture": "#6"}
			}
		},
		{
			"name": "octagon",
			"from": [5.75, 1.25, 4.56802],
			"to": [10.25, 6.25, 6.43198],
			"rotation": {"angle": 45, "axis": "y", "origin": [8, 16.3875, 5.5]},
			"faces": {
				"north": {"uv": [9, 5, 9.25, 5.75], "texture": "#6"},
				"east": {"uv": [9, 5, 9.25, 5.75], "texture": "#6"},
				"south": {"uv": [9, 5, 9.25, 5.75], "texture": "#6"},
				"west": {"uv": [9, 5, 9.25, 5.75], "texture": "#6"},
				"up": {"uv": [9, 5, 9.25, 5.75], "texture": "#6"},
				"down": {"uv": [9, 5, 9.25, 5.75], "texture": "#6"}
			}
		},
		{
			"name": "octagon",
			"from": [5.75, 1.25, 9.56802],
			"to": [10.25, 6.25, 11.43198],
			"rotation": {"angle": 0, "axis": "y", "origin": [8, 16.3875, 10.5]},
			"faces": {
				"north": {"uv": [9, 5, 9.25, 5.75], "texture": "#6"},
				"east": {"uv": [9, 5, 9.25, 5.75], "texture": "#6"},
				"south": {"uv": [9, 5, 9.25, 5.75], "texture": "#6"},
				"west": {"uv": [9, 5, 9.25, 5.75], "texture": "#6"},
				"up": {"uv": [9, 5, 9.25, 5.75], "texture": "#6"},
				"down": {"uv": [9, 5, 9.25, 5.75], "texture": "#6"}
			}
		},
		{
			"name": "octagon",
			"from": [5.75, 1.25, 4.56802],
			"to": [10.25, 6.25, 6.43198],
			"rotation": {"angle": 0, "axis": "y", "origin": [8, 16.3875, 5.5]},
			"faces": {
				"north": {"uv": [9, 5, 9.25, 5.75], "texture": "#6"},
				"east": {"uv": [9, 5, 9.25, 5.75], "texture": "#6"},
				"south": {"uv": [9, 5, 9.25, 5.75], "texture": "#6"},
				"west": {"uv": [9, 5, 9.25, 5.75], "texture": "#6"},
				"up": {"uv": [9, 5, 9.25, 5.75], "texture": "#6"},
				"down": {"uv": [9, 5, 9.25, 5.75], "texture": "#6"}
			}
		},
		{
			"name": "octagon",
			"from": [7.06802, 6.25, 8.25],
			"to": [8.93198, 6.5, 12.75],
			"rotation": {"angle": 45, "axis": "y", "origin": [8, 21.3875, 10.5]},
			"faces": {
				"north": {"uv": [4, 5.5, 8.5, 6], "texture": "#7"},
				"east": {"uv": [4, 5.5, 8.5, 6], "texture": "#7"},
				"south": {"uv": [4, 5.5, 8.5, 6], "texture": "#7"},
				"west": {"uv": [4, 5.5, 8.5, 6], "texture": "#7"},
				"up": {"uv": [5, 6, 7, 7.5], "texture": "#7"},
				"down": {"uv": [4, 5.5, 8.5, 6], "texture": "#7"}
			}
		},
		{
			"name": "octagon",
			"from": [7.06802, 6.25, 3.25],
			"to": [8.93198, 6.5, 7.75],
			"rotation": {"angle": 45, "axis": "y", "origin": [8, 21.3875, 5.5]},
			"faces": {
				"north": {"uv": [4, 5.5, 8.5, 6], "texture": "#7"},
				"east": {"uv": [4, 5.5, 8.5, 6], "texture": "#7"},
				"south": {"uv": [4, 5.5, 8.5, 6], "texture": "#7"},
				"west": {"uv": [4, 5.5, 8.5, 6], "texture": "#7"},
				"up": {"uv": [5, 6, 7, 7.5], "texture": "#7"},
				"down": {"uv": [4, 5.5, 8.5, 6], "texture": "#7"}
			}
		},
		{
			"name": "octagon",
			"from": [7.06802, 6.25, 8.25],
			"to": [8.93198, 6.5, 12.75],
			"rotation": {"angle": 0, "axis": "y", "origin": [8, 21.3875, 10.5]},
			"faces": {
				"north": {"uv": [0, 5.5, 4.5, 6], "texture": "#7"},
				"east": {"uv": [4, 5.5, 8.5, 6], "texture": "#7"},
				"south": {"uv": [0, 5.5, 4.5, 6], "texture": "#7"},
				"west": {"uv": [4, 5.5, 8.5, 6], "texture": "#7"},
				"up": {"uv": [0, 5.5, 4.5, 6], "texture": "#7"},
				"down": {"uv": [4, 5.5, 8.5, 6], "texture": "#7"}
			}
		},
		{
			"name": "octagon",
			"from": [7.06802, 6.25, 3.25],
			"to": [8.93198, 6.5, 7.75],
			"rotation": {"angle": 0, "axis": "y", "origin": [8, 21.3875, 5.5]},
			"faces": {
				"north": {"uv": [0, 5.5, 4.5, 6], "texture": "#7"},
				"east": {"uv": [4, 5.5, 8.5, 6], "texture": "#7"},
				"south": {"uv": [0, 5.5, 4.5, 6], "texture": "#7"},
				"west": {"uv": [4, 5.5, 8.5, 6], "texture": "#7"},
				"up": {"uv": [0, 5.5, 4.5, 6], "texture": "#7"},
				"down": {"uv": [4, 5.5, 8.5, 6], "texture": "#7"}
			}
		},
		{
			"name": "octagon",
			"from": [5.75, 6.25, 9.56802],
			"to": [10.25, 6.5, 11.43198],
			"rotation": {"angle": 45, "axis": "y", "origin": [8, 21.3875, 10.5]},
			"faces": {
				"north": {"uv": [4, 5.5, 8.5, 6], "texture": "#7"},
				"east": {"uv": [8.5, 5.5, 13, 6], "texture": "#7"},
				"south": {"uv": [4, 5.5, 8.5, 6], "texture": "#7"},
				"west": {"uv": [11, 5.5, 15.5, 6], "texture": "#7"},
				"up": {"uv": [5, 6, 7, 7.5], "texture": "#7"},
				"down": {"uv": [4, 5.5, 8.5, 6], "texture": "#7"}
			}
		},
		{
			"name": "octagon",
			"from": [5.75, 6.25, 4.56802],
			"to": [10.25, 6.5, 6.43198],
			"rotation": {"angle": 45, "axis": "y", "origin": [8, 21.3875, 5.5]},
			"faces": {
				"north": {"uv": [4, 5.5, 8.5, 6], "texture": "#7"},
				"east": {"uv": [8.5, 5.5, 13, 6], "texture": "#7"},
				"south": {"uv": [4, 5.5, 8.5, 6], "texture": "#7"},
				"west": {"uv": [11, 5.5, 15.5, 6], "texture": "#7"},
				"up": {"uv": [5, 6, 7, 7.5], "texture": "#7"},
				"down": {"uv": [4, 5.5, 8.5, 6], "texture": "#7"}
			}
		},
		{
			"name": "octagon",
			"from": [5.75, 6.25, 9.56802],
			"to": [10.25, 6.5, 11.43198],
			"rotation": {"angle": 0, "axis": "y", "origin": [8, 21.3875, 10.5]},
			"faces": {
				"north": {"uv": [4, 5.5, 8.5, 6], "texture": "#7"},
				"east": {"uv": [8, 5.5, 12.5, 6], "texture": "#7"},
				"south": {"uv": [4, 5.5, 8.5, 6], "texture": "#7"},
				"west": {"uv": [8, 5, 12.5, 5.5], "texture": "#7"},
				"up": {"uv": [8, 5, 12.5, 5.5], "texture": "#7"},
				"down": {"uv": [4, 5.5, 8.5, 6], "texture": "#7"}
			}
		},
		{
			"name": "octagon",
			"from": [5.75, 6.25, 4.56802],
			"to": [10.25, 6.5, 6.43198],
			"rotation": {"angle": 0, "axis": "y", "origin": [8, 21.3875, 5.5]},
			"faces": {
				"north": {"uv": [4, 5.5, 8.5, 6], "texture": "#7"},
				"east": {"uv": [8, 5.5, 12.5, 6], "texture": "#7"},
				"south": {"uv": [4, 5.5, 8.5, 6], "texture": "#7"},
				"west": {"uv": [8, 5, 12.5, 5.5], "texture": "#7"},
				"up": {"uv": [8, 5, 12.5, 5.5], "texture": "#7"},
				"down": {"uv": [4, 5.5, 8.5, 6], "texture": "#7"}
			}
		},
		{
			"name": "octagon",
			"from": [7.17157, 6.5, 8.5],
			"to": [8.82843, 6.75, 12.5],
			"rotation": {"angle": 45, "axis": "y", "origin": [8, 7, 10.5]},
			"faces": {
				"north": {"uv": [4, 5.5, 8.5, 6], "texture": "#7"},
				"east": {"uv": [0, 0, 1, 1], "texture": "#missing"},
				"south": {"uv": [4, 5.5, 8.5, 6], "texture": "#7"},
				"west": {"uv": [0, 0, 1, 1], "texture": "#missing"},
				"up": {"uv": [5, 6, 7, 7.5], "texture": "#7"},
				"down": {"uv": [0, 0, 1, 1], "texture": "#missing"}
			}
		},
		{
			"name": "octagon",
			"from": [7.17157, 6.5, 3.5],
			"to": [8.82843, 6.75, 7.5],
			"rotation": {"angle": 45, "axis": "y", "origin": [8, 7, 5.5]},
			"faces": {
				"north": {"uv": [4, 5.5, 8.5, 6], "texture": "#7"},
				"east": {"uv": [0, 0, 1, 1], "texture": "#missing"},
				"south": {"uv": [4, 5.5, 8.5, 6], "texture": "#7"},
				"west": {"uv": [0, 0, 1, 1], "texture": "#missing"},
				"up": {"uv": [5, 6, 7, 7.5], "texture": "#7"},
				"down": {"uv": [0, 0, 1, 1], "texture": "#missing"}
			}
		},
		{
			"name": "octagon",
			"from": [7.17157, 6.5, 8.5],
			"to": [8.82843, 6.75, 12.5],
			"rotation": {"angle": 0, "axis": "y", "origin": [8, 7, 10.5]},
			"faces": {
				"north": {"uv": [0, 5.5, 4.5, 6], "texture": "#7"},
				"east": {"uv": [0, 0, 1, 1], "texture": "#missing"},
				"south": {"uv": [0, 5.5, 4.5, 6], "texture": "#7"},
				"west": {"uv": [0, 0, 1, 1], "texture": "#missing"},
				"up": {"uv": [5, 6, 7, 7.5], "texture": "#7"},
				"down": {"uv": [0, 0, 1, 1], "texture": "#missing"}
			}
		},
		{
			"name": "octagon",
			"from": [7.17157, 6.5, 3.5],
			"to": [8.82843, 6.75, 7.5],
			"rotation": {"angle": 0, "axis": "y", "origin": [8, 7, 5.5]},
			"faces": {
				"north": {"uv": [0, 5.5, 4.5, 6], "texture": "#7"},
				"east": {"uv": [0, 0, 1, 1], "texture": "#missing"},
				"south": {"uv": [0, 5.5, 4.5, 6], "texture": "#7"},
				"west": {"uv": [0, 0, 1, 1], "texture": "#missing"},
				"up": {"uv": [5, 6, 7, 7.5], "texture": "#7"},
				"down": {"uv": [0, 0, 1, 1], "texture": "#missing"}
			}
		},
		{
			"name": "octagon",
			"from": [6, 6.5, 9.67157],
			"to": [10, 6.75, 11.32843],
			"rotation": {"angle": 45, "axis": "y", "origin": [8, 7, 10.5]},
			"faces": {
				"north": {"uv": [0, 0, 1, 1], "texture": "#missing"},
				"east": {"uv": [8.5, 5.5, 13, 6], "texture": "#7"},
				"south": {"uv": [0, 0, 1, 1], "texture": "#missing"},
				"west": {"uv": [11, 5.5, 15.5, 6], "texture": "#7"},
				"up": {"uv": [5, 6, 7, 7.5], "texture": "#7"},
				"down": {"uv": [0, 0, 1, 1], "texture": "#missing"}
			}
		},
		{
			"name": "octagon",
			"from": [6, 6.5, 4.67157],
			"to": [10, 6.75, 6.32843],
			"rotation": {"angle": 45, "axis": "y", "origin": [8, 7, 5.5]},
			"faces": {
				"north": {"uv": [0, 0, 1, 1], "texture": "#missing"},
				"east": {"uv": [8.5, 5.5, 13, 6], "texture": "#7"},
				"south": {"uv": [0, 0, 1, 1], "texture": "#missing"},
				"west": {"uv": [11, 5.5, 15.5, 6], "texture": "#7"},
				"up": {"uv": [5, 6, 7, 7.5], "texture": "#7"},
				"down": {"uv": [0, 0, 1, 1], "texture": "#missing"}
			}
		},
		{
			"name": "octagon",
			"from": [6, 6.5, 9.67157],
			"to": [10, 6.75, 11.32843],
			"rotation": {"angle": 0, "axis": "y", "origin": [8, 7, 10.5]},
			"faces": {
				"north": {"uv": [0, 0, 1, 1], "texture": "#missing"},
				"east": {"uv": [8, 5.5, 12.5, 6], "texture": "#7"},
				"south": {"uv": [0, 0, 1, 1], "texture": "#missing"},
				"west": {"uv": [8, 5, 12.5, 5.5], "texture": "#7"},
				"up": {"uv": [5, 6, 7, 7.5], "texture": "#7"},
				"down": {"uv": [0, 0, 1, 1], "texture": "#missing"}
			}
		},
		{
			"name": "octagon",
			"from": [6, 6.5, 4.67157],
			"to": [10, 6.75, 6.32843],
			"rotation": {"angle": 0, "axis": "y", "origin": [8, 7, 5.5]},
			"faces": {
				"north": {"uv": [0, 0, 1, 1], "texture": "#missing"},
				"east": {"uv": [8, 5.5, 12.5, 6], "texture": "#7"},
				"south": {"uv": [0, 0, 1, 1], "texture": "#missing"},
				"west": {"uv": [8, 5, 12.5, 5.5], "texture": "#7"},
				"up": {"uv": [5, 6, 7, 7.5], "texture": "#7"},
				"down": {"uv": [0, 0, 1, 1], "texture": "#missing"}
			}
		},
		{
			"from": [5.75, 6.75, 4],
			"to": [10.25, 12.25, 12],
			"rotation": {"angle": 0, "axis": "y", "origin": [13.75, 16, 11]},
			"faces": {
				"north": {"uv": [9, 5, 9.25, 5.75], "texture": "#6"},
				"east": {"uv": [9, 5, 9.25, 5.75], "texture": "#6"},
				"south": {"uv": [9, 5, 9.25, 5.75], "texture": "#6"},
				"west": {"uv": [9, 5, 9.25, 5.75], "texture": "#6"},
				"up": {"uv": [9, 5, 9.25, 5.75], "texture": "#6"},
				"down": {"uv": [9, 5, 9.25, 5.75], "texture": "#6"}
			}
		},
		{
			"from": [9.28338, 19.21967, 5],
			"to": [12.78338, 21.71967, 11],
			"rotation": {"angle": 45, "axis": "z", "origin": [16.53338, 13.71967, 11]},
			"faces": {
				"north": {"uv": [9, 5, 9.25, 5.25], "rotation": 270, "texture": "#6"},
				"east": {"uv": [9, 5, 9.25, 5.25], "rotation": 90, "texture": "#6"},
				"south": {"uv": [9, 5, 9.25, 5.25], "rotation": 90, "texture": "#6"},
				"west": {"uv": [9, 5, 9.25, 5.25], "rotation": 90, "texture": "#6"},
				"up": {"uv": [9, 5, 9.25, 5.25], "rotation": 90, "texture": "#6"},
				"down": {"uv": [9, 5, 9.25, 5.25], "rotation": 90, "texture": "#6"}
			}
		},
		{
			"from": [8.22487, 14.22487, 5.25],
			"to": [11.72487, 17.22487, 10.75],
			"rotation": {"angle": 0, "axis": "z", "origin": [15.47487, 8.72487, 11.25]},
			"faces": {
				"north": {"uv": [9, 5, 9.25, 5.25], "rotation": 270, "texture": "#6"},
				"east": {"uv": [9, 5, 9.25, 5.25], "rotation": 90, "texture": "#6"},
				"south": {"uv": [9, 5, 9.25, 5.25], "rotation": 90, "texture": "#6"},
				"west": {"uv": [9, 5, 9.25, 5.25], "rotation": 90, "texture": "#6"},
				"up": {"uv": [9, 5, 9.25, 5.25], "rotation": 90, "texture": "#6"},
				"down": {"uv": [9, 5, 9.25, 5.25], "rotation": 90, "texture": "#6"}
			}
		},
		{
			"from": [8.13212, 15.15832, 6.5],
			"to": [10.13212, 15.90832, 9.5],
			"rotation": {"angle": 22.5, "axis": "z", "origin": [15.38212, 22.40832, 11]},
			"faces": {
				"north": {"uv": [9.25, 5, 9, 5.25], "rotation": 270, "texture": "#6"},
				"east": {"uv": [9, 5, 14, 10], "rotation": 90, "texture": "#9"},
				"south": {"uv": [9.25, 5, 9, 5.25], "rotation": 90, "texture": "#6"},
				"west": {"uv": [9.25, 5, 9, 5.25], "rotation": 90, "texture": "#6"},
				"up": {"uv": [9.25, 5, 9, 5.25], "rotation": 90, "texture": "#6"},
				"down": {"uv": [9.25, 5, 9, 5.25], "rotation": 90, "texture": "#6"}
			}
		},
		{
			"from": [9.22487, 12.81066, 6.66421],
			"to": [11.72487, 13.81066, 9.41421],
			"rotation": {"angle": 0, "axis": "z", "origin": [16.47487, 20.22639, 11.16421]},
			"faces": {
				"north": {"uv": [9.25, 5, 9, 5.25], "rotation": 270, "texture": "#6"},
				"east": {"uv": [9.25, 5, 9, 5.25], "rotation": 90, "texture": "#6"},
				"south": {"uv": [9.25, 5, 9, 5.25], "rotation": 90, "texture": "#6"},
				"west": {"uv": [9.25, 5, 9, 5.25], "rotation": 90, "texture": "#6"},
				"up": {"uv": [9.25, 5, 9, 5.25], "rotation": 90, "texture": "#6"},
				"down": {"uv": [9.25, 5, 9, 5.25], "rotation": 90, "texture": "#6"}
			}
		},
		{
			"from": [9.22487, 9.62652, 4.6486],
			"to": [11.72487, 10.37652, 6.6486],
			"rotation": {"angle": -45, "axis": "x", "origin": [16.47487, 16.87652, 3.1486]},
			"faces": {
				"north": {"uv": [9.25, 5.25, 9, 5], "rotation": 90, "texture": "#6"},
				"east": {"uv": [9.25, 5.25, 9, 5], "rotation": 90, "texture": "#6"},
				"south": {"uv": [9.25, 5.25, 9, 5], "rotation": 270, "texture": "#6"},
				"west": {"uv": [9.25, 5.25, 9, 5], "rotation": 90, "texture": "#6"},
				"up": {"uv": [9, 5, 9.25, 5.25], "rotation": 90, "texture": "#6"},
				"down": {"uv": [9, 5, 9.25, 5.25], "rotation": 90, "texture": "#6"}
			}
		},
		{
			"from": [9.22487, 9.62652, 9.3514],
			"to": [11.72487, 10.37652, 11.3514],
			"rotation": {"angle": 45, "axis": "x", "origin": [16.47487, 16.87652, 12.8514]},
			"faces": {
				"north": {"uv": [9.25, 5, 9, 5.25], "rotation": 270, "texture": "#6"},
				"east": {"uv": [9.25, 5, 9, 5.25], "rotation": 90, "texture": "#6"},
				"south": {"uv": [9.25, 5, 9, 5.25], "rotation": 90, "texture": "#6"},
				"west": {"uv": [9.25, 5, 9, 5.25], "rotation": 90, "texture": "#6"},
				"up": {"uv": [9.25, 5, 9, 5.25], "rotation": 90, "texture": "#6"},
				"down": {"uv": [9.25, 5, 9, 5.25], "rotation": 90, "texture": "#6"}
			}
		},
		{
			"from": [8.13212, 14.09168, 6.5],
			"to": [10.13212, 14.84168, 9.5],
			"rotation": {"angle": -22.5, "axis": "z", "origin": [15.38212, 7.59168, 11]},
			"faces": {
				"north": {"uv": [9, 5, 14, 10], "rotation": 90, "texture": "#9"},
				"east": {"uv": [9, 5, 14, 10], "rotation": 90, "texture": "#9"},
				"south": {"uv": [9, 5, 9.25, 5.25], "rotation": 90, "texture": "#6"},
				"west": {"uv": [9, 5, 14, 10], "rotation": 90, "texture": "#9"},
				"up": {"uv": [9, 5, 9.25, 5.25], "rotation": 90, "texture": "#6"},
				"down": {"uv": [9, 5, 14, 10], "rotation": 90, "texture": "#9"}
			}
		},
		{
			"from": [8.13212, 14.84, 6.5],
			"to": [10.13212, 14.85, 8],
			"rotation": {"angle": -22.5, "axis": "z", "origin": [15.38212, 7.59168, 11]},
			"faces": {
				"north": {"uv": [9, 5, 14, 10], "rotation": 90, "texture": "#9"},
				"east": {"uv": [9, 5, 14, 10], "rotation": 90, "texture": "#9"},
				"south": {"uv": [9, 5, 14, 10], "rotation": 90, "texture": "#9"},
				"west": {"uv": [9, 5, 14, 10], "rotation": 90, "texture": "#9"},
				"up": {"uv": [9, 5, 14, 10], "rotation": 90, "texture": "#9"},
				"down": {"uv": [9, 5, 14, 10], "rotation": 90, "texture": "#9"}
			}
		},
		{
			"from": [5.75, 11.75, 4.5],
			"to": [10.25, 15.25, 11.5],
			"rotation": {"angle": 0, "axis": "y", "origin": [13.75, 19, 11]},
			"faces": {
				"north": {"uv": [9, 5, 9.25, 5.25], "texture": "#6"},
				"east": {"uv": [9, 5, 9.25, 5.25], "texture": "#6"},
				"south": {"uv": [9, 5, 9.25, 5.25], "texture": "#6"},
				"west": {"uv": [9, 5, 9.25, 5.25], "texture": "#6"},
				"up": {"uv": [9, 5, 9.25, 5.25], "texture": "#6"},
				"down": {"uv": [9, 5, 9.25, 5.25], "texture": "#6"}
			}
		},
		{
			"from": [5.75, 12.25, 11.5],
			"to": [10.25, 13.75, 13.5],
			"rotation": {"angle": 0, "axis": "y", "origin": [13.75, 18, 18]},
			"faces": {
				"north": {"uv": [9, 5, 9.25, 5.25], "texture": "#6"},
				"east": {"uv": [9, 5, 9.25, 5.25], "texture": "#6"},
				"south": {"uv": [9, 5, 9.25, 5.25], "texture": "#6"},
				"west": {"uv": [9, 5, 9.25, 5.25], "texture": "#6"},
				"up": {"uv": [9, 5, 9.25, 5.25], "texture": "#6"},
				"down": {"uv": [9, 5, 9.25, 5.25], "texture": "#6"}
			}
		},
		{
			"from": [5.75, 12.25, 13],
			"to": [10.25, 13.25, 14],
			"rotation": {"angle": 0, "axis": "y", "origin": [13.75, 18, 19]},
			"faces": {
				"north": {"uv": [9, 5, 9.25, 5.25], "texture": "#6"},
				"east": {"uv": [9, 5, 9.25, 5.25], "texture": "#6"},
				"south": {"uv": [9, 5, 9.25, 5.25], "texture": "#6"},
				"west": {"uv": [9, 5, 9.25, 5.25], "texture": "#6"},
				"up": {"uv": [9, 5, 9.25, 5.25], "texture": "#6"},
				"down": {"uv": [9, 5, 9.25, 5.25], "texture": "#6"}
			}
		},
		{
			"from": [6.75, 9.5, 12.5],
			"to": [9.25, 9.75, 14.5],
			"rotation": {"angle": 0, "axis": "y", "origin": [1.25, 15.5, 18.5]},
			"faces": {
				"north": {"uv": [9, 5, 14, 10], "rotation": 90, "texture": "#9"},
				"east": {"uv": [9, 5, 14, 10], "rotation": 90, "texture": "#9"},
				"south": {"uv": [9, 5, 14, 10], "rotation": 90, "texture": "#9"},
				"west": {"uv": [9, 5, 14, 10], "rotation": 90, "texture": "#9"},
				"up": {"uv": [9, 5, 14, 10], "rotation": 90, "texture": "#9"},
				"down": {"uv": [9, 5, 14, 10], "rotation": 90, "texture": "#9"}
			}
		},
		{
			"from": [6.75, 7.5, 12.5],
			"to": [9.25, 8.25, 14.5],
			"rotation": {"angle": 0, "axis": "y", "origin": [1.25, 14.5, 18.5]},
			"faces": {
				"north": {"uv": [9, 5, 14, 10], "rotation": 90, "texture": "#9"},
				"east": {"uv": [9, 5, 14, 10], "rotation": 90, "texture": "#9"},
				"south": {"uv": [9, 5, 14, 10], "rotation": 90, "texture": "#9"},
				"west": {"uv": [9, 5, 14, 10], "rotation": 90, "texture": "#9"},
				"up": {"uv": [9, 5, 14, 10], "rotation": 90, "texture": "#9"},
				"down": {"uv": [9, 5, 14, 10], "rotation": 90, "texture": "#9"}
			}
		},
		{
			"from": [6.75, 7.5, 1.5],
			"to": [9.25, 8.25, 3.5],
			"rotation": {"angle": 0, "axis": "y", "origin": [1.25, 14.5, -2.5]},
			"faces": {
				"north": {"uv": [9, 10, 14, 5], "rotation": 90, "texture": "#9"},
				"east": {"uv": [9, 10, 14, 5], "rotation": 90, "texture": "#9"},
				"south": {"uv": [9, 10, 14, 5], "rotation": 90, "texture": "#9"},
				"west": {"uv": [9, 10, 14, 5], "rotation": 90, "texture": "#9"},
				"up": {"uv": [14, 5, 9, 10], "rotation": 90, "texture": "#9"},
				"down": {"uv": [14, 5, 9, 10], "rotation": 90, "texture": "#9"}
			}
		},
		{
			"from": [6.75, 8.25, 12.5],
			"to": [9.25, 9.5, 14.5],
			"rotation": {"angle": 0, "axis": "y", "origin": [1.25, 15.5, 18.5]},
			"faces": {
				"north": {"uv": [9, 5, 9.25, 5.25], "texture": "#6"},
				"east": {"uv": [9, 5, 9.25, 5.25], "texture": "#6"},
				"south": {"uv": [9, 5, 9.25, 5.25], "texture": "#6"},
				"west": {"uv": [9, 5, 9.25, 5.25], "texture": "#6"},
				"up": {"uv": [9, 5, 9.25, 5.25], "texture": "#6"},
				"down": {"uv": [9, 5, 9.25, 5.25], "texture": "#6"}
			}
		},
		{
			"from": [6.75, 8.25, 1.5],
			"to": [9.25, 9.5, 3.5],
			"rotation": {"angle": 0, "axis": "y", "origin": [1.25, 15.5, -2.5]},
			"faces": {
				"north": {"uv": [9.25, 5, 9, 5.25], "texture": "#6"},
				"east": {"uv": [9.25, 5, 9, 5.25], "texture": "#6"},
				"south": {"uv": [9.25, 5, 9, 5.25], "texture": "#6"},
				"west": {"uv": [9.25, 5, 9, 5.25], "texture": "#6"},
				"up": {"uv": [9, 5.25, 9.25, 5], "texture": "#6"},
				"down": {"uv": [9, 5.25, 9.25, 5], "texture": "#6"}
			}
		},
		{
			"from": [6.75, 9.5, 1.5],
			"to": [9.25, 9.75, 3.5],
			"rotation": {"angle": 0, "axis": "y", "origin": [1.25, 15.5, -2.5]},
			"faces": {
				"north": {"uv": [9, 5, 14, 10], "rotation": 90, "texture": "#9"},
				"east": {"uv": [9, 5, 14, 10], "rotation": 90, "texture": "#9"},
				"south": {"uv": [9, 5, 14, 10], "rotation": 90, "texture": "#9"},
				"west": {"uv": [9, 5, 14, 10], "rotation": 90, "texture": "#9"},
				"up": {"uv": [9, 5, 14, 10], "rotation": 90, "texture": "#9"},
				"down": {"uv": [9, 5, 14, 10], "rotation": 90, "texture": "#9"}
			}
		},
		{
			"from": [5.75, 12.25, 2],
			"to": [10.25, 13.25, 3],
			"rotation": {"angle": 0, "axis": "y", "origin": [13.75, 18, -3]},
			"faces": {
				"north": {"uv": [9.25, 5, 9, 5.25], "texture": "#6"},
				"east": {"uv": [9.25, 5, 9, 5.25], "texture": "#6"},
				"south": {"uv": [9.25, 5, 9, 5.25], "texture": "#6"},
				"west": {"uv": [9.25, 5, 9, 5.25], "texture": "#6"},
				"up": {"uv": [9, 5.25, 9.25, 5], "texture": "#6"},
				"down": {"uv": [9, 5.25, 9.25, 5], "texture": "#6"}
			}
		},
		{
			"from": [5.75, 12.25, 2.5],
			"to": [10.25, 13.75, 4.5],
			"rotation": {"angle": 0, "axis": "y", "origin": [13.75, 18, -2]},
			"faces": {
				"north": {"uv": [9.25, 5, 9, 5.25], "texture": "#6"},
				"east": {"uv": [9.25, 5, 9, 5.25], "texture": "#6"},
				"south": {"uv": [9.25, 5, 9, 5.25], "texture": "#6"},
				"west": {"uv": [9.25, 5, 9, 5.25], "texture": "#6"},
				"up": {"uv": [9, 5.25, 9.25, 5], "texture": "#6"},
				"down": {"uv": [9, 5.25, 9.25, 5], "texture": "#6"}
			}
		},
		{
			"from": [5.75, 12.25, 11.5],
			"to": [10.25, 12.75, 14.5],
			"rotation": {"angle": 0, "axis": "y", "origin": [13.75, 17, 18]},
			"faces": {
				"north": {"uv": [9, 5, 9.25, 5.25], "texture": "#6"},
				"east": {"uv": [9, 5, 9.25, 5.25], "texture": "#6"},
				"south": {"uv": [9, 5, 9.25, 5.25], "texture": "#6"},
				"west": {"uv": [9, 5, 9.25, 5.25], "texture": "#6"},
				"up": {"uv": [9, 5, 9.25, 5.25], "texture": "#6"},
				"down": {"uv": [9, 5, 9.25, 5.25], "texture": "#6"}
			}
		},
		{
			"from": [5.75, 16.78033, 15.23008],
			"to": [10.25, 18.78033, 15.73008],
			"rotation": {"angle": -45, "axis": "x", "origin": [13.75, 13.28033, 19.98008]},
			"faces": {
				"north": {"uv": [9, 5, 9.25, 5.25], "rotation": 180, "texture": "#6"},
				"east": {"uv": [9, 5, 9.25, 5.25], "rotation": 270, "texture": "#6"},
				"south": {"uv": [9, 5, 9.25, 5.25], "texture": "#6"},
				"west": {"uv": [9, 5, 9.25, 5.25], "rotation": 90, "texture": "#6"},
				"up": {"uv": [9, 5, 9.25, 5.25], "rotation": 180, "texture": "#6"},
				"down": {"uv": [9, 5, 9.25, 5.25], "texture": "#6"}
			}
		},
		{
			"from": [5.75, 13.66421, 11.08579],
			"to": [10.25, 14.16421, 13.08579],
			"rotation": {"angle": 0, "axis": "x", "origin": [13.75, 18.41421, 16.58579]},
			"faces": {
				"north": {"uv": [9, 5, 9.25, 5.25], "texture": "#6"},
				"east": {"uv": [9, 5, 9.25, 5.25], "texture": "#6"},
				"south": {"uv": [9, 5, 9.25, 5.25], "texture": "#6"},
				"west": {"uv": [9, 5, 9.25, 5.25], "texture": "#6"},
				"up": {"uv": [9, 5, 9.25, 5.25], "texture": "#6"},
				"down": {"uv": [9, 5, 9.25, 5.25], "texture": "#6"}
			}
		},
		{
			"from": [5.75, 13.66421, 2.91421],
			"to": [10.25, 14.16421, 4.91421],
			"rotation": {"angle": 0, "axis": "x", "origin": [13.75, 18.41421, -0.58579]},
			"faces": {
				"north": {"uv": [9.25, 5, 9, 5.25], "texture": "#6"},
				"east": {"uv": [9.25, 5, 9, 5.25], "texture": "#6"},
				"south": {"uv": [9.25, 5, 9, 5.25], "texture": "#6"},
				"west": {"uv": [9.25, 5, 9, 5.25], "texture": "#6"},
				"up": {"uv": [9, 5.25, 9.25, 5], "texture": "#6"},
				"down": {"uv": [9, 5.25, 9.25, 5], "texture": "#6"}
			}
		},
		{
			"from": [5.75, 16.78033, 0.26992],
			"to": [10.25, 18.78033, 0.76992],
			"rotation": {"angle": 45, "axis": "x", "origin": [13.75, 13.28033, -3.98008]},
			"faces": {
				"north": {"uv": [9.25, 5, 9, 5.25], "texture": "#6"},
				"east": {"uv": [9, 5.25, 9.25, 5], "rotation": 270, "texture": "#6"},
				"south": {"uv": [9.25, 5, 9, 5.25], "rotation": 180, "texture": "#6"},
				"west": {"uv": [9, 5.25, 9.25, 5], "rotation": 90, "texture": "#6"},
				"up": {"uv": [9, 5.25, 9.25, 5], "rotation": 180, "texture": "#6"},
				"down": {"uv": [9, 5.25, 9.25, 5], "texture": "#6"}
			}
		},
		{
			"from": [5.75, 12.25, 1.5],
			"to": [10.25, 12.75, 4.5],
			"rotation": {"angle": 0, "axis": "y", "origin": [13.75, 17, -2]},
			"faces": {
				"north": {"uv": [9.25, 5, 9, 5.25], "texture": "#6"},
				"east": {"uv": [9.25, 5, 9, 5.25], "texture": "#6"},
				"south": {"uv": [9.25, 5, 9, 5.25], "texture": "#6"},
				"west": {"uv": [9.25, 5, 9, 5.25], "texture": "#6"},
				"up": {"uv": [9, 5.25, 9.25, 5], "texture": "#6"},
				"down": {"uv": [9, 5.25, 9.25, 5], "texture": "#6"}
			}
		},
		{
			"from": [5.75, 10.75, 4.5],
			"to": [10.25, 14.25, 11.5],
			"rotation": {"angle": 0, "axis": "y", "origin": [13.75, 18, 11]},
			"faces": {
				"north": {"uv": [9, 5, 9.25, 5.25], "texture": "#6"},
				"east": {"uv": [9, 5, 9.25, 5.25], "texture": "#6"},
				"south": {"uv": [9, 5, 9.25, 5.25], "texture": "#6"},
				"west": {"uv": [9, 5, 9.25, 5.25], "texture": "#6"},
				"up": {"uv": [9, 5, 9.25, 5.25], "texture": "#6"},
				"down": {"uv": [9, 5, 9.25, 5.25], "texture": "#6"}
			}
		},
		{
			"from": [15.1, 14.0643, 12.1],
			"to": [17.1, 16.0643, 12.85],
			"rotation": {"angle": -45, "axis": "y", "origin": [21.77618, 20.06427, 4.59797]},
			"faces": {
				"north": {"uv": [9, 5, 14, 10], "rotation": 90, "texture": "#9"},
				"east": {"uv": [9, 5, 14, 10], "rotation": 90, "texture": "#9"},
				"south": {"uv": [9, 5, 14, 10], "rotation": 90, "texture": "#9"},
				"west": {"uv": [9, 5, 14, 10], "rotation": 90, "texture": "#9"},
				"up": {"uv": [9, 5, 14, 10], "rotation": 90, "texture": "#9"},
				"down": {"uv": [9, 5, 14, 10], "rotation": 90, "texture": "#9"}
			}
		},
		{
			"from": [15.1, 14.0643, 3.15],
			"to": [17.1, 16.0643, 3.9],
			"rotation": {"angle": 45, "axis": "y", "origin": [21.77618, 20.06427, 11.40203]},
			"faces": {
				"north": {"uv": [9, 5, 9.25, 5.25], "texture": "#6"},
				"east": {"uv": [9, 5, 14, 10], "rotation": 90, "texture": "#9"},
				"south": {"uv": [9, 5, 9.25, 5.25], "texture": "#6"},
				"west": {"uv": [9, 5, 9.25, 5.25], "texture": "#6"},
				"up": {"uv": [9, 5, 9.25, 5.25], "texture": "#6"},
				"down": {"uv": [9, 5, 9.25, 5.25], "texture": "#6"}
			}
		},
		{
			"from": [11.5, 16, 8.25],
			"to": [12.5, 16.5, 10.25],
			"rotation": {"angle": 0, "axis": "y", "origin": [20, 24, 2]},
			"faces": {
				"north": {"uv": [9, 5, 9.25, 5.25], "texture": "#6"},
				"east": {"uv": [9, 5, 9.25, 5.25], "texture": "#6"},
				"south": {"uv": [9, 5, 9.25, 5.25], "texture": "#6"},
				"west": {"uv": [9, 5, 9.25, 5.25], "texture": "#6"},
				"up": {"uv": [9, 5, 9.25, 5.25], "texture": "#6"},
				"down": {"uv": [9, 5, 9.25, 5.25], "texture": "#6"}
			}
		},
		{
			"from": [11.7, 13.6, 8.25],
			"to": [12.45, 14.1, 10.25],
			"rotation": {"angle": 0, "axis": "y", "origin": [20, 22, 2]},
			"faces": {
				"north": {"uv": [9, 5, 9.25, 5.25], "texture": "#6"},
				"east": {"uv": [9, 5, 9.25, 5.25], "texture": "#6"},
				"south": {"uv": [9, 5, 9.25, 5.25], "texture": "#6"},
				"west": {"uv": [9, 5, 9.25, 5.25], "texture": "#6"},
				"up": {"uv": [9, 5, 9.25, 5.25], "texture": "#6"},
				"down": {"uv": [9, 5, 9.25, 5.25], "texture": "#6"}
			}
		},
		{
			"from": [11.7, 13.6, 5.75],
			"to": [12.45, 14.1, 7.75],
			"rotation": {"angle": 0, "axis": "y", "origin": [20, 22, 14]},
			"faces": {
				"north": {"uv": [9, 5, 9.25, 5.25], "texture": "#6"},
				"east": {"uv": [9, 5, 9.25, 5.25], "texture": "#6"},
				"south": {"uv": [9, 5, 9.25, 5.25], "texture": "#6"},
				"west": {"uv": [9, 5, 9.25, 5.25], "texture": "#6"},
				"up": {"uv": [9, 5, 9.25, 5.25], "texture": "#6"},
				"down": {"uv": [9, 5, 9.25, 5.25], "texture": "#6"}
			}
		},
		{
			"from": [11.5, 16, 5.75],
			"to": [12.5, 16.5, 7.75],
			"rotation": {"angle": 0, "axis": "y", "origin": [20, 24, 14]},
			"faces": {
				"north": {"uv": [9, 5, 14, 10], "rotation": 90, "texture": "#9"},
				"east": {"uv": [9, 5, 14, 10], "rotation": 90, "texture": "#9"},
				"south": {"uv": [9, 5, 14, 10], "rotation": 90, "texture": "#9"},
				"west": {"uv": [9, 5, 14, 10], "rotation": 90, "texture": "#9"},
				"up": {"uv": [9, 5, 14, 10], "rotation": 90, "texture": "#9"},
				"down": {"uv": [9, 5, 14, 10], "rotation": 90, "texture": "#9"}
			}
		},
		{
			"from": [11, 14, 6],
			"to": [12, 16, 10],
			"rotation": {"angle": 0, "axis": "y", "origin": [19, 22, 14]},
			"faces": {
				"north": {"uv": [9, 5, 9.25, 5.25], "texture": "#6"},
				"east": {"uv": [0.75, 1.75, 14.5, 10.5], "texture": "#8"},
				"south": {"uv": [9, 5, 9.25, 5.25], "texture": "#6"},
				"west": {"uv": [9, 5, 9.25, 5.25], "texture": "#6"},
				"up": {"uv": [9, 5, 9.25, 5.25], "texture": "#6"},
				"down": {"uv": [9, 5, 9.25, 5.25], "texture": "#6"}
			}
		},
		{
			"from": [10.25, 10, 4],
			"to": [10.35, 11, 8],
			"rotation": {"angle": 0, "axis": "y", "origin": [18, 18, 12]},
			"faces": {
				"north": {"uv": [0, 5, 14, 10], "texture": "#9"},
				"east": {"uv": [0, 5, 14, 10], "texture": "#9"},
				"south": {"uv": [0, 5, 14, 10], "texture": "#9"},
				"west": {"uv": [0, 5, 14, 10], "texture": "#9"},
				"up": {"uv": [0, 5, 14, 10], "texture": "#9"},
				"down": {"uv": [0, 5, 14, 10], "texture": "#9"}
			}
		},
		{
			"from": [10.25, 9.5, 10.5],
			"to": [10.35, 10, 11.5],
			"rotation": {"angle": 0, "axis": "y", "origin": [18, 18, 16]},
			"faces": {
				"north": {"uv": [0, 5, 14, 10], "texture": "#9"},
				"east": {"uv": [0, 5, 14, 10], "texture": "#9"},
				"south": {"uv": [0, 5, 14, 10], "texture": "#9"},
				"west": {"uv": [0, 5, 14, 10], "texture": "#9"},
				"up": {"uv": [0, 5, 14, 10], "texture": "#9"},
				"down": {"uv": [0, 5, 14, 10], "texture": "#9"}
			}
		},
		{
			"from": [10.25, 10.5, 10],
			"to": [10.35, 11, 11.5],
			"rotation": {"angle": 0, "axis": "y", "origin": [18, 19, 16]},
			"faces": {
				"north": {"uv": [0, 5, 14, 10], "texture": "#9"},
				"east": {"uv": [0, 5, 14, 10], "texture": "#9"},
				"south": {"uv": [0, 5, 14, 10], "texture": "#9"},
				"west": {"uv": [0, 5, 14, 10], "texture": "#9"},
				"up": {"uv": [0, 5, 14, 10], "texture": "#9"},
				"down": {"uv": [0, 5, 14, 10], "texture": "#9"}
			}
		},
		{
			"from": [10.25, 11.5, 9.5],
			"to": [10.35, 12, 11.5],
			"rotation": {"angle": 0, "axis": "y", "origin": [18, 20, 16]},
			"faces": {
				"north": {"uv": [0, 5, 14, 10], "texture": "#9"},
				"east": {"uv": [0, 5, 14, 10], "texture": "#9"},
				"south": {"uv": [0, 5, 14, 10], "texture": "#9"},
				"west": {"uv": [0, 5, 14, 10], "texture": "#9"},
				"up": {"uv": [0, 5, 14, 10], "texture": "#9"},
				"down": {"uv": [0, 5, 14, 10], "texture": "#9"}
			}
		},
		{
			"from": [5.65, 10, 4],
			"to": [5.75, 11, 8],
			"rotation": {"angle": 0, "axis": "y", "origin": [-2, 18, 12]},
			"faces": {
				"north": {"uv": [14, 5, 0, 10], "texture": "#9"},
				"east": {"uv": [14, 5, 0, 10], "texture": "#9"},
				"south": {"uv": [14, 5, 0, 10], "texture": "#9"},
				"west": {"uv": [14, 5, 0, 10], "texture": "#9"},
				"up": {"uv": [14, 5, 0, 10], "texture": "#9"},
				"down": {"uv": [14, 5, 0, 10], "texture": "#9"}
			}
		},
		{
			"from": [10.25, 2.29289, 10.6066],
			"to": [10.35, 3.29289, 13.6066],
			"rotation": {"angle": 45, "axis": "x", "origin": [18, 10.29289, 18.6066]},
			"faces": {
				"north": {"uv": [0, 5, 14, 10], "texture": "#9"},
				"east": {"uv": [0, 5, 14, 10], "texture": "#9"},
				"south": {"uv": [0, 5, 14, 10], "texture": "#9"},
				"west": {"uv": [0, 5, 14, 10], "texture": "#9"},
				"up": {"uv": [0, 5, 14, 10], "texture": "#9"},
				"down": {"uv": [0, 5, 14, 10], "texture": "#9"}
			}
		},
		{
			"from": [5.65, 2.29289, 10.6066],
			"to": [5.75, 3.29289, 13.6066],
			"rotation": {"angle": 45, "axis": "x", "origin": [-2, 10.29289, 18.6066]},
			"faces": {
				"north": {"uv": [14, 5, 0, 10], "texture": "#9"},
				"east": {"uv": [14, 5, 0, 10], "texture": "#9"},
				"south": {"uv": [14, 5, 0, 10], "texture": "#9"},
				"west": {"uv": [14, 5, 0, 10], "texture": "#9"},
				"up": {"uv": [14, 5, 0, 10], "texture": "#9"},
				"down": {"uv": [14, 5, 0, 10], "texture": "#9"}
			}
		},
		{
			"from": [10.25, 9, 6],
			"to": [10.35, 10, 7],
			"rotation": {"angle": 0, "axis": "y", "origin": [18, 18, 12]},
			"faces": {
				"north": {"uv": [0, 5, 5, 10], "texture": "#9"},
				"east": {"uv": [0, 5, 5, 10], "texture": "#9"},
				"south": {"uv": [0, 5, 5, 10], "texture": "#9"},
				"west": {"uv": [0, 5, 5, 10], "texture": "#9"},
				"up": {"uv": [0, 5, 5, 10], "texture": "#9"},
				"down": {"uv": [0, 5, 5, 10], "texture": "#9"}
			}
		},
		{
			"from": [10.25, 12.25, 12],
			"to": [10.35, 14.15, 13],
			"rotation": {"angle": 0, "axis": "y", "origin": [18, 22, 18]},
			"faces": {
				"north": {"uv": [0, 5, 5, 10], "texture": "#9"},
				"east": {"uv": [0, 5, 5, 10], "texture": "#9"},
				"south": {"uv": [0, 5, 5, 10], "texture": "#9"},
				"west": {"uv": [0, 5, 5, 10], "texture": "#9"},
				"up": {"uv": [0, 5, 5, 10], "texture": "#9"},
				"down": {"uv": [0, 5, 5, 10], "texture": "#9"}
			}
		},
		{
			"from": [5.65, 12.25, 12],
			"to": [5.75, 14.15, 13],
			"rotation": {"angle": 0, "axis": "y", "origin": [-2, 22, 18]},
			"faces": {
				"north": {"uv": [5, 5, 0, 10], "texture": "#9"},
				"east": {"uv": [5, 5, 0, 10], "texture": "#9"},
				"south": {"uv": [5, 5, 0, 10], "texture": "#9"},
				"west": {"uv": [5, 5, 0, 10], "texture": "#9"},
				"up": {"uv": [5, 5, 0, 10], "texture": "#9"},
				"down": {"uv": [5, 5, 0, 10], "texture": "#9"}
			}
		},
		{
			"from": [5.75, 14.15, 12],
			"to": [10.25, 14.25, 13],
			"rotation": {"angle": 0, "axis": "z", "origin": [-2, 22, 18]},
			"faces": {
				"north": {"uv": [0, 5, 5, 10], "rotation": 90, "texture": "#9"},
				"east": {"uv": [0, 5, 5, 10], "rotation": 270, "texture": "#9"},
				"south": {"uv": [0, 5, 5, 10], "rotation": 270, "texture": "#9"},
				"west": {"uv": [0, 5, 5, 10], "rotation": 270, "texture": "#9"},
				"up": {"uv": [0, 5, 5, 10], "rotation": 270, "texture": "#9"},
				"down": {"uv": [0, 5, 5, 10], "rotation": 270, "texture": "#9"}
			}
		},
		{
			"from": [5.75, 14.15, 3],
			"to": [10.25, 14.25, 4],
			"rotation": {"angle": 0, "axis": "z", "origin": [-2, 22, -2]},
			"faces": {
				"north": {"uv": [0, 10, 5, 5], "rotation": 270, "texture": "#9"},
				"east": {"uv": [0, 10, 5, 5], "rotation": 270, "texture": "#9"},
				"south": {"uv": [0, 10, 5, 5], "rotation": 90, "texture": "#9"},
				"west": {"uv": [0, 10, 5, 5], "rotation": 270, "texture": "#9"},
				"up": {"uv": [5, 5, 0, 10], "rotation": 270, "texture": "#9"},
				"down": {"uv": [5, 5, 0, 10], "rotation": 270, "texture": "#9"}
			}
		},
		{
			"from": [10.25, 12.25, 3],
			"to": [10.35, 14.15, 4],
			"rotation": {"angle": 0, "axis": "y", "origin": [18, 22, -2]},
			"faces": {
				"north": {"uv": [5, 5, 0, 10], "texture": "#9"},
				"east": {"uv": [5, 5, 0, 10], "texture": "#9"},
				"south": {"uv": [5, 5, 0, 10], "texture": "#9"},
				"west": {"uv": [5, 5, 0, 10], "texture": "#9"},
				"up": {"uv": [0, 10, 5, 5], "texture": "#9"},
				"down": {"uv": [0, 10, 5, 5], "texture": "#9"}
			}
		},
		{
			"from": [5.65, 12.25, 3],
			"to": [5.75, 14.15, 4],
			"rotation": {"angle": 0, "axis": "y", "origin": [-2, 22, -2]},
			"faces": {
				"north": {"uv": [0, 5, 5, 10], "texture": "#9"},
				"east": {"uv": [0, 5, 5, 10], "texture": "#9"},
				"south": {"uv": [0, 5, 5, 10], "texture": "#9"},
				"west": {"uv": [0, 5, 5, 10], "texture": "#9"},
				"up": {"uv": [5, 10, 0, 5], "texture": "#9"},
				"down": {"uv": [5, 10, 0, 5], "texture": "#9"}
			}
		},
		{
			"from": [12.25, 14.5, 10.3],
			"to": [12.35, 15.5, 10.4],
			"rotation": {"angle": 0, "axis": "y", "origin": [20, 23, 17]},
			"faces": {
				"north": {"uv": [0, 5, 5, 10], "texture": "#0"},
				"east": {"uv": [0, 5, 5, 10], "texture": "#0"},
				"south": {"uv": [0, 5, 5, 10], "texture": "#0"},
				"west": {"uv": [0, 5, 5, 10], "texture": "#0"},
				"up": {"uv": [0, 5, 5, 10], "texture": "#0"},
				"down": {"uv": [0, 5, 5, 10], "texture": "#0"}
			}
		},
		{
			"from": [12, 14.5, 10.55],
			"to": [12.1, 15.5, 10.65],
			"rotation": {"angle": 0, "axis": "y", "origin": [20, 23, 17]},
			"faces": {
				"north": {"uv": [0, 5, 5, 10], "texture": "#0"},
				"east": {"uv": [0, 5, 5, 10], "texture": "#0"},
				"south": {"uv": [0, 5, 5, 10], "texture": "#0"},
				"west": {"uv": [0, 5, 5, 10], "texture": "#0"},
				"up": {"uv": [0, 5, 5, 10], "texture": "#0"},
				"down": {"uv": [0, 5, 5, 10], "texture": "#0"}
			}
		},
		{
			"from": [12.5, 14.5, 10],
			"to": [12.6, 15.5, 10.1],
			"rotation": {"angle": 0, "axis": "y", "origin": [20, 23, 17]},
			"faces": {
				"north": {"uv": [0, 5, 5, 10], "texture": "#0"},
				"east": {"uv": [0, 5, 5, 10], "texture": "#0"},
				"south": {"uv": [0, 5, 5, 10], "texture": "#0"},
				"west": {"uv": [0, 5, 5, 10], "texture": "#0"},
				"up": {"uv": [0, 5, 5, 10], "texture": "#0"},
				"down": {"uv": [0, 5, 5, 10], "texture": "#0"}
			}
		},
		{
			"from": [10.25, 10, 4],
			"to": [10.35, 11, 8],
			"rotation": {"angle": 0, "axis": "y", "origin": [18, 18, 12]},
			"faces": {
				"north": {"uv": [0, 5, 14, 10], "texture": "#9"},
				"east": {"uv": [0, 5, 14, 10], "texture": "#9"},
				"south": {"uv": [0, 5, 14, 10], "texture": "#9"},
				"west": {"uv": [0, 5, 14, 10], "texture": "#9"},
				"up": {"uv": [0, 5, 14, 10], "texture": "#9"},
				"down": {"uv": [0, 5, 14, 10], "texture": "#9"}
			}
		},
		{
			"from": [10.25, 8, 4],
			"to": [10.35, 9, 12],
			"rotation": {"angle": 0, "axis": "y", "origin": [18, 16, 12]},
			"faces": {
				"north": {"uv": [0, 5, 14, 10], "texture": "#9"},
				"east": {"uv": [0, 5, 14, 10], "texture": "#9"},
				"south": {"uv": [0, 5, 14, 10], "texture": "#9"},
				"west": {"uv": [0, 5, 14, 10], "texture": "#9"},
				"up": {"uv": [0, 5, 14, 10], "texture": "#9"},
				"down": {"uv": [0, 5, 14, 10], "texture": "#9"}
			}
		},
		{
			"from": [5.65, 8, 4],
			"to": [5.75, 9, 12],
			"rotation": {"angle": 0, "axis": "y", "origin": [-2, 16, 12]},
			"faces": {
				"north": {"uv": [14, 5, 0, 10], "texture": "#9"},
				"east": {"uv": [14, 5, 0, 10], "texture": "#9"},
				"south": {"uv": [14, 5, 0, 10], "texture": "#9"},
				"west": {"uv": [14, 5, 0, 10], "texture": "#9"},
				"up": {"uv": [14, 5, 0, 10], "texture": "#9"},
				"down": {"uv": [14, 5, 0, 10], "texture": "#9"}
			}
		},
		{
			"from": [5.75, 8, 12],
			"to": [10.25, 9, 12.1],
			"rotation": {"angle": 0, "axis": "y", "origin": [10, 16, 5]},
			"faces": {
				"north": {"uv": [0, 5, 14, 10], "texture": "#9"},
				"east": {"uv": [0, 5, 14, 10], "texture": "#9"},
				"south": {"uv": [0, 5, 14, 10], "texture": "#9"},
				"west": {"uv": [0, 5, 14, 10], "texture": "#9"},
				"up": {"uv": [0, 5, 14, 10], "rotation": 270, "texture": "#9"},
				"down": {"uv": [0, 5, 14, 10], "rotation": 90, "texture": "#9"}
			}
		},
		{
			"from": [5.75, 8, 3.9],
			"to": [10.25, 9, 4],
			"rotation": {"angle": 0, "axis": "y", "origin": [10, 16, 11]},
			"faces": {
				"north": {"uv": [14, 5, 0, 10], "texture": "#9"},
				"east": {"uv": [14, 5, 0, 10], "texture": "#9"},
				"south": {"uv": [14, 5, 0, 10], "texture": "#9"},
				"west": {"uv": [14, 5, 0, 10], "texture": "#9"},
				"up": {"uv": [14, 5, 0, 10], "rotation": 270, "texture": "#9"},
				"down": {"uv": [14, 5, 0, 10], "rotation": 90, "texture": "#9"}
			}
		},
		{
			"from": [5.75, 10, 3.9],
			"to": [10.25, 11, 4],
			"rotation": {"angle": 0, "axis": "y", "origin": [10, 18, 11]},
			"faces": {
				"north": {"uv": [14, 5, 0, 10], "texture": "#9"},
				"east": {"uv": [14, 5, 0, 10], "texture": "#9"},
				"south": {"uv": [14, 5, 0, 10], "texture": "#9"},
				"west": {"uv": [14, 5, 0, 10], "texture": "#9"},
				"up": {"uv": [14, 5, 0, 10], "rotation": 270, "texture": "#9"},
				"down": {"uv": [14, 5, 0, 10], "rotation": 90, "texture": "#9"}
			}
		},
		{
			"name": "hexadecagon",
			"from": [7.85218, 9.75, 12.5],
			"to": [8.25, 12.25, 14.5],
			"rotation": {"angle": -45, "axis": "y", "origin": [8.05109, 7, 13.5]},
			"faces": {
				"north": {"uv": [0, 0, 1.5, 7], "texture": "#10"},
				"east": {"uv": [0, 0, 1.5, 7], "texture": "#10"},
				"south": {"uv": [0, 0, 1.5, 7], "texture": "#10"},
				"west": {"uv": [0, 0, 1.5, 7], "texture": "#10"},
				"up": {"uv": [0, 0, 1.5, 7], "texture": "#10"},
				"down": {"uv": [0, 0, 1.5, 7], "texture": "#10"}
			}
		},
		{
			"name": "hexadecagon",
			"from": [7.85218, 9.75, 12.5],
			"to": [8.25, 12.25, 14.5],
			"rotation": {"angle": -22.5, "axis": "y", "origin": [8.05109, 7, 13.5]},
			"faces": {
				"north": {"uv": [0, 0, 1.5, 7], "texture": "#10"},
				"east": {"uv": [0, 0, 1.5, 7], "texture": "#10"},
				"south": {"uv": [0, 0, 1.5, 7], "texture": "#10"},
				"west": {"uv": [0, 0, 1.5, 7], "texture": "#10"},
				"up": {"uv": [0, 0, 1.5, 7], "texture": "#10"},
				"down": {"uv": [0, 0, 1.5, 7], "texture": "#10"}
			}
		},
		{
			"name": "hexadecagon",
			"from": [7.85218, 9.75, 12.5],
			"to": [8.25, 12.25, 14.5],
			"rotation": {"angle": 0, "axis": "y", "origin": [8.05109, 7, 13.5]},
			"faces": {
				"north": {"uv": [0, 0, 1.5, 7], "texture": "#10"},
				"east": {"uv": [0, 0, 1.5, 7], "texture": "#10"},
				"south": {"uv": [0, 0, 1.5, 7], "texture": "#10"},
				"west": {"uv": [0, 0, 1.5, 7], "texture": "#10"},
				"up": {"uv": [0, 0, 1.5, 7], "texture": "#10"},
				"down": {"uv": [0, 0, 1.5, 7], "texture": "#10"}
			}
		},
		{
			"name": "hexadecagon",
			"from": [7.85218, 9.75, 12.5],
			"to": [8.25, 12.25, 14.5],
			"rotation": {"angle": 22.5, "axis": "y", "origin": [8.05109, 7, 13.5]},
			"faces": {
				"north": {"uv": [0, 0, 1.5, 7], "texture": "#10"},
				"east": {"uv": [0, 0, 1.5, 7], "texture": "#10"},
				"south": {"uv": [0, 0, 1.5, 7], "texture": "#10"},
				"west": {"uv": [0, 0, 1.5, 7], "texture": "#10"},
				"up": {"uv": [0, 0, 1.5, 7], "texture": "#10"},
				"down": {"uv": [0, 0, 1.5, 7], "texture": "#10"}
			}
		},
		{
			"name": "hexadecagon",
			"from": [7.85218, 9.75, 12.5],
			"to": [8.25, 12.25, 14.5],
			"rotation": {"angle": 45, "axis": "y", "origin": [8.05109, 7, 13.5]},
			"faces": {
				"north": {"uv": [0, 0, 1.5, 7], "texture": "#10"},
				"east": {"uv": [0, 0, 1.5, 7], "texture": "#10"},
				"south": {"uv": [0, 0, 1.5, 7], "texture": "#10"},
				"west": {"uv": [0, 0, 1.5, 7], "texture": "#10"},
				"up": {"uv": [0, 0, 1.5, 7], "texture": "#10"},
				"down": {"uv": [0, 0, 1.5, 7], "texture": "#10"}
			}
		},
		{
			"name": "hexadecagon",
			"from": [7.05109, 9.75, 13.30109],
			"to": [9.05109, 12.25, 13.69891],
			"rotation": {"angle": -22.5, "axis": "y", "origin": [8.05109, 7, 13.5]},
			"faces": {
				"north": {"uv": [0, 0, 1.5, 7], "texture": "#10"},
				"east": {"uv": [0, 0, 1.5, 7], "texture": "#10"},
				"south": {"uv": [0, 0, 1.5, 7], "texture": "#10"},
				"west": {"uv": [0, 0, 1.5, 7], "texture": "#10"},
				"up": {"uv": [0, 0, 1.5, 7], "texture": "#10"},
				"down": {"uv": [0, 0, 1.5, 7], "texture": "#10"}
			}
		},
		{
			"name": "hexadecagon",
			"from": [7.05109, 9.75, 13.30109],
			"to": [9.05109, 12.25, 13.69891],
			"rotation": {"angle": 0, "axis": "y", "origin": [8.05109, 7, 13.5]},
			"faces": {
				"north": {"uv": [0, 0, 1.5, 7], "texture": "#10"},
				"east": {"uv": [0, 0, 1.5, 7], "texture": "#10"},
				"south": {"uv": [0, 0, 1.5, 7], "texture": "#10"},
				"west": {"uv": [0, 0, 1.5, 7], "texture": "#10"},
				"up": {"uv": [0, 0, 1.5, 7], "texture": "#10"},
				"down": {"uv": [0, 0, 1.5, 7], "texture": "#10"}
			}
		},
		{
			"name": "hexadecagon",
			"from": [7.05109, 9.75, 13.30109],
			"to": [9.05109, 12.25, 13.69891],
			"rotation": {"angle": 22.5, "axis": "y", "origin": [8.05109, 7, 13.5]},
			"faces": {
				"north": {"uv": [0, 0, 1.5, 7], "texture": "#10"},
				"east": {"uv": [0, 0, 1.5, 7], "texture": "#10"},
				"south": {"uv": [0, 0, 1.5, 7], "texture": "#10"},
				"west": {"uv": [0, 0, 1.5, 7], "texture": "#10"},
				"up": {"uv": [0, 0, 1.5, 7], "texture": "#10"},
				"down": {"uv": [0, 0, 1.5, 7], "texture": "#10"}
			}
		},
		{
			"name": "hexadecagon",
			"from": [7.85218, 9.75, 1.5],
			"to": [8.25, 12.25, 3.5],
			"rotation": {"angle": -45, "axis": "y", "origin": [8.05109, 7, 2.5]},
			"faces": {
				"north": {"uv": [0, 0, 1.5, 7], "texture": "#10"},
				"east": {"uv": [0, 0, 1.5, 7], "texture": "#10"},
				"south": {"uv": [0, 0, 1.5, 7], "texture": "#10"},
				"west": {"uv": [0, 0, 1.5, 7], "texture": "#10"},
				"up": {"uv": [0, 0, 1.5, 7], "texture": "#10"},
				"down": {"uv": [0, 0, 1.5, 7], "texture": "#10"}
			}
		},
		{
			"name": "hexadecagon",
			"from": [7.85218, 9.75, 1.5],
			"to": [8.25, 12.25, 3.5],
			"rotation": {"angle": -22.5, "axis": "y", "origin": [8.05109, 7, 2.5]},
			"faces": {
				"north": {"uv": [0, 0, 1.5, 7], "texture": "#10"},
				"east": {"uv": [0, 0, 1.5, 7], "texture": "#10"},
				"south": {"uv": [0, 0, 1.5, 7], "texture": "#10"},
				"west": {"uv": [0, 0, 1.5, 7], "texture": "#10"},
				"up": {"uv": [0, 0, 1.5, 7], "texture": "#10"},
				"down": {"uv": [0, 0, 1.5, 7], "texture": "#10"}
			}
		},
		{
			"name": "hexadecagon",
			"from": [7.85218, 9.75, 1.5],
			"to": [8.25, 12.25, 3.5],
			"rotation": {"angle": 0, "axis": "y", "origin": [8.05109, 7, 2.5]},
			"faces": {
				"north": {"uv": [0, 0, 1.5, 7], "texture": "#10"},
				"east": {"uv": [0, 0, 1.5, 7], "texture": "#10"},
				"south": {"uv": [0, 0, 1.5, 7], "texture": "#10"},
				"west": {"uv": [0, 0, 1.5, 7], "texture": "#10"},
				"up": {"uv": [0, 0, 1.5, 7], "texture": "#10"},
				"down": {"uv": [0, 0, 1.5, 7], "texture": "#10"}
			}
		},
		{
			"name": "hexadecagon",
			"from": [7.85218, 9.75, 1.5],
			"to": [8.25, 12.25, 3.5],
			"rotation": {"angle": 22.5, "axis": "y", "origin": [8.05109, 7, 2.5]},
			"faces": {
				"north": {"uv": [0, 0, 1.5, 7], "texture": "#10"},
				"east": {"uv": [0, 0, 1.5, 7], "texture": "#10"},
				"south": {"uv": [0, 0, 1.5, 7], "texture": "#10"},
				"west": {"uv": [0, 0, 1.5, 7], "texture": "#10"},
				"up": {"uv": [0, 0, 1.5, 7], "texture": "#10"},
				"down": {"uv": [0, 0, 1.5, 7], "texture": "#10"}
			}
		},
		{
			"name": "hexadecagon",
			"from": [7.85218, 9.75, 1.5],
			"to": [8.25, 12.25, 3.5],
			"rotation": {"angle": 45, "axis": "y", "origin": [8.05109, 7, 2.5]},
			"faces": {
				"north": {"uv": [0, 0, 1.5, 7], "texture": "#10"},
				"east": {"uv": [0, 0, 1.5, 7], "texture": "#10"},
				"south": {"uv": [0, 0, 1.5, 7], "texture": "#10"},
				"west": {"uv": [0, 0, 1.5, 7], "texture": "#10"},
				"up": {"uv": [0, 0, 1.5, 7], "texture": "#10"},
				"down": {"uv": [0, 0, 1.5, 7], "texture": "#10"}
			}
		},
		{
			"name": "hexadecagon",
			"from": [7.05109, 9.75, 2.30109],
			"to": [9.05109, 12.25, 2.69891],
			"rotation": {"angle": -22.5, "axis": "y", "origin": [8.05109, 7, 2.5]},
			"faces": {
				"north": {"uv": [0, 0, 1.5, 7], "texture": "#10"},
				"east": {"uv": [0, 0, 1.5, 7], "texture": "#10"},
				"south": {"uv": [0, 0, 1.5, 7], "texture": "#10"},
				"west": {"uv": [0, 0, 1.5, 7], "texture": "#10"},
				"up": {"uv": [0, 0, 1.5, 7], "texture": "#10"},
				"down": {"uv": [0, 0, 1.5, 7], "texture": "#10"}
			}
		},
		{
			"name": "hexadecagon",
			"from": [7.05109, 9.75, 2.30109],
			"to": [9.05109, 12.25, 2.69891],
			"rotation": {"angle": 0, "axis": "y", "origin": [8.05109, 7, 2.5]},
			"faces": {
				"north": {"uv": [0, 0, 1.5, 7], "texture": "#10"},
				"east": {"uv": [0, 0, 1.5, 7], "texture": "#10"},
				"south": {"uv": [0, 0, 1.5, 7], "texture": "#10"},
				"west": {"uv": [0, 0, 1.5, 7], "texture": "#10"},
				"up": {"uv": [0, 0, 1.5, 7], "texture": "#10"},
				"down": {"uv": [0, 0, 1.5, 7], "texture": "#10"}
			}
		},
		{
			"name": "hexadecagon",
			"from": [7.05109, 9.75, 2.30109],
			"to": [9.05109, 12.25, 2.69891],
			"rotation": {"angle": 22.5, "axis": "y", "origin": [8.05109, 7, 2.5]},
			"faces": {
				"north": {"uv": [0, 0, 1.5, 7], "texture": "#10"},
				"east": {"uv": [0, 0, 1.5, 7], "texture": "#10"},
				"south": {"uv": [0, 0, 1.5, 7], "texture": "#10"},
				"west": {"uv": [0, 0, 1.5, 7], "texture": "#10"},
				"up": {"uv": [0, 0, 1.5, 7], "texture": "#10"},
				"down": {"uv": [0, 0, 1.5, 7], "texture": "#10"}
			}
		},
		{
			"name": "hexadecagon",
			"from": [7.95163, 7, 13],
			"to": [8.25, 7.5, 14.5],
			"rotation": {"angle": -45, "axis": "y", "origin": [8.10082, 6.75, 13.75]},
			"faces": {
				"north": {"uv": [6.5, 4, 7.5, 5], "texture": "#7"},
				"east": {"uv": [6.5, 4, 7.5, 5], "texture": "#7"},
				"south": {"uv": [6.5, 4, 7.5, 5], "texture": "#7"},
				"west": {"uv": [6.5, 4, 7.5, 5], "texture": "#7"},
				"up": {"uv": [6.5, 4, 7.5, 5], "texture": "#7"},
				"down": {"uv": [6.5, 4, 7.5, 5], "texture": "#7"}
			}
		},
		{
			"name": "hexadecagon",
			"from": [7.95163, 7, 13],
			"to": [8.25, 7.5, 14.5],
			"rotation": {"angle": -22.5, "axis": "y", "origin": [8.10082, 6.75, 13.75]},
			"faces": {
				"north": {"uv": [6.5, 4, 7.5, 5], "texture": "#7"},
				"east": {"uv": [6.5, 4, 7.5, 5], "texture": "#7"},
				"south": {"uv": [6.5, 4, 7.5, 5], "texture": "#7"},
				"west": {"uv": [6.5, 4, 7.5, 5], "texture": "#7"},
				"up": {"uv": [6.5, 4, 7.5, 5], "texture": "#7"},
				"down": {"uv": [6.5, 4, 7.5, 5], "texture": "#7"}
			}
		},
		{
			"name": "hexadecagon",
			"from": [7.95163, 7, 13],
			"to": [8.25, 7.5, 14.5],
			"rotation": {"angle": 0, "axis": "y", "origin": [8.10082, 6.75, 13.75]},
			"faces": {
				"north": {"uv": [6.5, 4, 7.5, 5], "texture": "#7"},
				"east": {"uv": [6.5, 4, 7.5, 5], "texture": "#7"},
				"south": {"uv": [6.5, 4, 7.5, 5], "texture": "#7"},
				"west": {"uv": [6.5, 4, 7.5, 5], "texture": "#7"},
				"up": {"uv": [6.5, 4, 7.5, 5], "texture": "#7"},
				"down": {"uv": [6.5, 4, 7.5, 5], "texture": "#7"}
			}
		},
		{
			"name": "hexadecagon",
			"from": [7.95163, 7, 13],
			"to": [8.25, 7.5, 14.5],
			"rotation": {"angle": 22.5, "axis": "y", "origin": [8.10082, 6.75, 13.75]},
			"faces": {
				"north": {"uv": [6.5, 4, 7.5, 5], "texture": "#7"},
				"east": {"uv": [6.5, 4, 7.5, 5], "texture": "#7"},
				"south": {"uv": [6.5, 4, 7.5, 5], "texture": "#7"},
				"west": {"uv": [6.5, 4, 7.5, 5], "texture": "#7"},
				"up": {"uv": [6.5, 4, 7.5, 5], "texture": "#7"},
				"down": {"uv": [6.5, 4, 7.5, 5], "texture": "#7"}
			}
		},
		{
			"name": "hexadecagon",
			"from": [7.95163, 7, 13],
			"to": [8.25, 7.5, 14.5],
			"rotation": {"angle": 45, "axis": "y", "origin": [8.10082, 6.75, 13.75]},
			"faces": {
				"north": {"uv": [6.5, 4, 7.5, 5], "texture": "#7"},
				"east": {"uv": [6.5, 4, 7.5, 5], "texture": "#7"},
				"south": {"uv": [6.5, 4, 7.5, 5], "texture": "#7"},
				"west": {"uv": [6.5, 4, 7.5, 5], "texture": "#7"},
				"up": {"uv": [6.5, 4, 7.5, 5], "texture": "#7"},
				"down": {"uv": [6.5, 4, 7.5, 5], "texture": "#7"}
			}
		},
		{
			"name": "hexadecagon",
			"from": [7.35082, 7, 13.60082],
			"to": [8.85082, 7.5, 13.89918],
			"rotation": {"angle": -22.5, "axis": "y", "origin": [8.10082, 6.75, 13.75]},
			"faces": {
				"north": {"uv": [6.5, 4, 7.5, 5], "texture": "#7"},
				"east": {"uv": [6.5, 4, 7.5, 5], "texture": "#7"},
				"south": {"uv": [6.5, 4, 7.5, 5], "texture": "#7"},
				"west": {"uv": [6.5, 4, 7.5, 5], "texture": "#7"},
				"up": {"uv": [6.5, 4, 7.5, 5], "texture": "#7"},
				"down": {"uv": [6.5, 4, 7.5, 5], "texture": "#7"}
			}
		},
		{
			"name": "hexadecagon",
			"from": [7.35082, 7, 13.60082],
			"to": [8.85082, 7.5, 13.89918],
			"rotation": {"angle": 0, "axis": "y", "origin": [8.10082, 6.75, 13.75]},
			"faces": {
				"north": {"uv": [6.5, 4, 7.5, 5], "texture": "#7"},
				"east": {"uv": [6.5, 4, 7.5, 5], "texture": "#7"},
				"south": {"uv": [6.5, 4, 7.5, 5], "texture": "#7"},
				"west": {"uv": [6.5, 4, 7.5, 5], "texture": "#7"},
				"up": {"uv": [6.5, 4, 7.5, 5], "texture": "#7"},
				"down": {"uv": [6.5, 4, 7.5, 5], "texture": "#7"}
			}
		},
		{
			"name": "hexadecagon",
			"from": [7.35082, 7, 13.60082],
			"to": [8.85082, 7.5, 13.89918],
			"rotation": {"angle": 22.5, "axis": "y", "origin": [8.10082, 6.75, 13.75]},
			"faces": {
				"north": {"uv": [6.5, 4, 7.5, 5], "texture": "#7"},
				"east": {"uv": [6.5, 4, 7.5, 5], "texture": "#7"},
				"south": {"uv": [6.5, 4, 7.5, 5], "texture": "#7"},
				"west": {"uv": [6.5, 4, 7.5, 5], "texture": "#7"},
				"up": {"uv": [6.5, 4, 7.5, 5], "texture": "#7"},
				"down": {"uv": [6.5, 4, 7.5, 5], "texture": "#7"}
			}
		},
		{
			"name": "hexadecagon",
			"from": [7.95163, 7, 1.5],
			"to": [8.25, 7.5, 3],
			"rotation": {"angle": 45, "axis": "y", "origin": [8.10082, 6.75, 2.25]},
			"faces": {
				"north": {"uv": [7.5, 4, 6.5, 5], "texture": "#7"},
				"east": {"uv": [7.5, 4, 6.5, 5], "texture": "#7"},
				"south": {"uv": [7.5, 4, 6.5, 5], "texture": "#7"},
				"west": {"uv": [7.5, 4, 6.5, 5], "texture": "#7"},
				"up": {"uv": [6.5, 5, 7.5, 4], "texture": "#7"},
				"down": {"uv": [6.5, 5, 7.5, 4], "texture": "#7"}
			}
		},
		{
			"name": "hexadecagon",
			"from": [7.95163, 7, 1.5],
			"to": [8.25, 7.5, 3],
			"rotation": {"angle": 22.5, "axis": "y", "origin": [8.10082, 6.75, 2.25]},
			"faces": {
				"north": {"uv": [7.5, 4, 6.5, 5], "texture": "#7"},
				"east": {"uv": [7.5, 4, 6.5, 5], "texture": "#7"},
				"south": {"uv": [7.5, 4, 6.5, 5], "texture": "#7"},
				"west": {"uv": [7.5, 4, 6.5, 5], "texture": "#7"},
				"up": {"uv": [6.5, 5, 7.5, 4], "texture": "#7"},
				"down": {"uv": [6.5, 5, 7.5, 4], "texture": "#7"}
			}
		},
		{
			"name": "hexadecagon",
			"from": [7.95163, 7, 1.5],
			"to": [8.25, 7.5, 3],
			"rotation": {"angle": 0, "axis": "y", "origin": [8.10082, 6.75, 2.25]},
			"faces": {
				"north": {"uv": [7.5, 4, 6.5, 5], "texture": "#7"},
				"east": {"uv": [7.5, 4, 6.5, 5], "texture": "#7"},
				"south": {"uv": [7.5, 4, 6.5, 5], "texture": "#7"},
				"west": {"uv": [7.5, 4, 6.5, 5], "texture": "#7"},
				"up": {"uv": [6.5, 5, 7.5, 4], "texture": "#7"},
				"down": {"uv": [6.5, 5, 7.5, 4], "texture": "#7"}
			}
		},
		{
			"name": "hexadecagon",
			"from": [7.95163, 7, 1.5],
			"to": [8.25, 7.5, 3],
			"rotation": {"angle": -22.5, "axis": "y", "origin": [8.10082, 6.75, 2.25]},
			"faces": {
				"north": {"uv": [7.5, 4, 6.5, 5], "texture": "#7"},
				"east": {"uv": [7.5, 4, 6.5, 5], "texture": "#7"},
				"south": {"uv": [7.5, 4, 6.5, 5], "texture": "#7"},
				"west": {"uv": [7.5, 4, 6.5, 5], "texture": "#7"},
				"up": {"uv": [6.5, 5, 7.5, 4], "texture": "#7"},
				"down": {"uv": [6.5, 5, 7.5, 4], "texture": "#7"}
			}
		},
		{
			"name": "hexadecagon",
			"from": [7.95163, 7, 1.5],
			"to": [8.25, 7.5, 3],
			"rotation": {"angle": -45, "axis": "y", "origin": [8.10082, 6.75, 2.25]},
			"faces": {
				"north": {"uv": [7.5, 4, 6.5, 5], "texture": "#7"},
				"east": {"uv": [7.5, 4, 6.5, 5], "texture": "#7"},
				"south": {"uv": [7.5, 4, 6.5, 5], "texture": "#7"},
				"west": {"uv": [7.5, 4, 6.5, 5], "texture": "#7"},
				"up": {"uv": [6.5, 5, 7.5, 4], "texture": "#7"},
				"down": {"uv": [6.5, 5, 7.5, 4], "texture": "#7"}
			}
		},
		{
			"name": "hexadecagon",
			"from": [7.35082, 7, 2.10082],
			"to": [8.85082, 7.5, 2.39918],
			"rotation": {"angle": 22.5, "axis": "y", "origin": [8.10082, 6.75, 2.25]},
			"faces": {
				"north": {"uv": [7.5, 4, 6.5, 5], "texture": "#7"},
				"east": {"uv": [7.5, 4, 6.5, 5], "texture": "#7"},
				"south": {"uv": [7.5, 4, 6.5, 5], "texture": "#7"},
				"west": {"uv": [7.5, 4, 6.5, 5], "texture": "#7"},
				"up": {"uv": [6.5, 5, 7.5, 4], "texture": "#7"},
				"down": {"uv": [6.5, 5, 7.5, 4], "texture": "#7"}
			}
		},
		{
			"name": "hexadecagon",
			"from": [7.35082, 7, 2.10082],
			"to": [8.85082, 7.5, 2.39918],
			"rotation": {"angle": 0, "axis": "y", "origin": [8.10082, 6.75, 2.25]},
			"faces": {
				"north": {"uv": [7.5, 4, 6.5, 5], "texture": "#7"},
				"east": {"uv": [7.5, 4, 6.5, 5], "texture": "#7"},
				"south": {"uv": [7.5, 4, 6.5, 5], "texture": "#7"},
				"west": {"uv": [7.5, 4, 6.5, 5], "texture": "#7"},
				"up": {"uv": [6.5, 5, 7.5, 4], "texture": "#7"},
				"down": {"uv": [6.5, 5, 7.5, 4], "texture": "#7"}
			}
		},
		{
			"name": "hexadecagon",
			"from": [7.35082, 7, 2.10082],
			"to": [8.85082, 7.5, 2.39918],
			"rotation": {"angle": -22.5, "axis": "y", "origin": [8.10082, 6.75, 2.25]},
			"faces": {
				"north": {"uv": [7.5, 4, 6.5, 5], "texture": "#7"},
				"east": {"uv": [7.5, 4, 6.5, 5], "texture": "#7"},
				"south": {"uv": [7.5, 4, 6.5, 5], "texture": "#7"},
				"west": {"uv": [7.5, 4, 6.5, 5], "texture": "#7"},
				"up": {"uv": [6.5, 5, 7.5, 4], "texture": "#7"},
				"down": {"uv": [6.5, 5, 7.5, 4], "texture": "#7"}
			}
		},
		{
			"from": [7.6, 6, 1.75],
			"to": [8.6, 7, 2.75],
			"rotation": {"angle": 0, "axis": "y", "origin": [16, 14, 10]},
			"faces": {
				"north": {"uv": [12, 0.5, 4.5, 10.5], "rotation": 180, "texture": "#7"},
				"east": {"uv": [12, 0.5, 4.5, 10.5], "rotation": 180, "texture": "#7"},
				"south": {"uv": [12, 0.5, 4.5, 10.5], "rotation": 180, "texture": "#7"},
				"west": {"uv": [12, 0.5, 4.5, 10.5], "rotation": 180, "texture": "#7"},
				"up": {"uv": [12, 0.5, 4.5, 10.5], "rotation": 180, "texture": "#7"},
				"down": {"uv": [12, 0.5, 4.5, 10.5], "rotation": 180, "texture": "#7"}
			}
		},
		{
			"from": [7.6, 6, 13.25],
			"to": [8.6, 7, 14.25],
			"rotation": {"angle": 0, "axis": "y", "origin": [16, 14, 6]},
			"faces": {
				"north": {"uv": [12, 0.5, 4.5, 10.5], "texture": "#7"},
				"east": {"uv": [12, 0.5, 4.5, 10.5], "texture": "#7"},
				"south": {"uv": [12, 0.5, 4.5, 10.5], "texture": "#7"},
				"west": {"uv": [12, 0.5, 4.5, 10.5], "texture": "#7"},
				"up": {"uv": [12, 0.5, 4.5, 10.5], "texture": "#7"},
				"down": {"uv": [12, 0.5, 4.5, 10.5], "texture": "#7"}
			}
		}
	],
	"display": {
		"thirdperson_righthand": {
			"rotation": [0, -142, 0],
			"scale": [0.5, 0.49, 0.52]
		},
		"thirdperson_lefthand": {
			"rotation": [0, -142, 0],
			"scale": [0.5, 0.49, 0.52]
		},
		"firstperson_righthand": {
			"rotation": [0, -139, 0],
			"translation": [1.5, 2, 0],
			"scale": [0.47, 0.45, 0.44]
		},
		"firstperson_lefthand": {
			"rotation": [0, 34, 0],
			"translation": [1.5, 2, 0],
			"scale": [0.47, 0.45, 0.44]
		},
		"gui": {
			"rotation": [0, -90, 0],
			"scale": [0.67, 0.67, 0.67]
		},
		"head": {
			"rotation": [0, 90, 0],
			"translation": [0, -25.75, 0],
			"scale": [2.5, 2.5, 2.5]
		},
		"fixed": {
			"rotation": [0, 90, 0],
			"translation": [0, -0.75, 0]
		}
	},
	"groups": [
		{
			"name": "octagon",
			"origin": [8, 8, 8],
			"children": [0, 1, 2, 3, 4, 5, 6, 7]
		},
		{
			"name": "octagon",
			"origin": [8, 8, 8],
			"children": [8, 9, 10, 11, 12, 13, 14, 15]
		},
		{
			"name": "octagon",
			"origin": [8, 8, 8],
			"children": [16, 17, 18, 19, 20, 21, 22, 23]
		},
		{
			"name": "octagon",
			"origin": [8, 8, 8],
			"children": [24, 25, 26, 27, 28, 29, 30, 31]
		},
		{
			"name": "octagon",
			"origin": [8, 8, 8],
			"children": [32, 33, 34, 35, 36, 37, 38, 39]
		},
		{
			"name": "octagon",
			"origin": [8, 8, 8],
			"children": [40, 41, 42, 43, 44, 45, 46, 47]
		}, 48, 49, 50, 51, 52, 53, 54, 55, 56, 57, 58, 59, 60, 61, 62, 63, 64, 65, 66, 67, 68, 69, 70, 71, 72, 73, 74, 75, 76, 77, 78, 79, 80, 81, 82, 83, 84, 85, 86, 87, 88, 89, 90, 91, 92, 93, 94, 95, 96, 97, 98, 99, 100, 101, 102, 103, 104,
		{
			"name": "hexadecagon",
			"origin": [8, 8, 8],
			"children": [105, 106, 107, 108, 109, 110, 111, 112]
		},
		{
			"name": "hexadecagon",
			"origin": [8, 8, 8],
			"children": [113, 114, 115, 116, 117, 118, 119, 120]
		},
		{
			"name": "hexadecagon",
			"origin": [8, 8, 8],
			"children": [121, 122, 123, 124, 125, 126, 127, 128]
		},
		{
			"name": "hexadecagon",
			"origin": [8, 8, 8],
			"children": [129, 130, 131, 132, 133, 134, 135, 136]
		}, 137, 138]
}