{
	"credit": "Made with Blockbench",
	"textures": {
		"0": "block/light_gray_wool",
		"1": "block/red_wool",
		"particle": "block/light_gray_wool"
	},
	"elements": [
		{
			"name": "hexadecagon",
			"from": [7.00544, 0.5, 2],
			"to": [8.99456, 15.5, 12],
			"rotation": {"angle": -45, "axis": "y", "origin": [8, 1, 7]},
			"faces": {
				"north": {"uv": [0, 0, 1, 1], "texture": "#1"},
				"east": {"uv": [0, 0, 1, 1], "texture": "#1"},
				"south": {"uv": [0, 0, 1, 1], "texture": "#1"},
				"west": {"uv": [0, 0, 1, 1], "texture": "#1"},
				"up": {"uv": [0, 0, 1, 1], "texture": "#1"},
				"down": {"uv": [0, 0, 1, 1], "texture": "#1"}
			}
		},
		{
			"name": "hexadecagon",
			"from": [7.00544, 0.5, 2],
			"to": [8.99456, 15.5, 12],
			"rotation": {"angle": -22.5, "axis": "y", "origin": [8, 1, 7]},
			"faces": {
				"north": {"uv": [0, 0, 1, 1], "texture": "#1"},
				"east": {"uv": [0, 0, 1, 1], "texture": "#1"},
				"south": {"uv": [0, 0, 1, 1], "texture": "#1"},
				"west": {"uv": [0, 0, 1, 1], "texture": "#1"},
				"up": {"uv": [0, 0, 1, 1], "texture": "#1"},
				"down": {"uv": [0, 0, 1, 1], "texture": "#1"}
			}
		},
		{
			"name": "hexadecagon",
			"from": [7.00544, 0.5, 2],
			"to": [8.99456, 15.5, 12],
			"rotation": {"angle": 0, "axis": "y", "origin": [8, 1, 7]},
			"faces": {
				"north": {"uv": [0, 0, 1, 1], "texture": "#1"},
				"east": {"uv": [0, 0, 1, 1], "texture": "#1"},
				"south": {"uv": [0, 0, 1, 1], "texture": "#1"},
				"west": {"uv": [0, 0, 1, 1], "texture": "#1"},
				"up": {"uv": [0, 0, 1, 1], "texture": "#1"},
				"down": {"uv": [0, 0, 1, 1], "texture": "#1"}
			}
		},
		{
			"name": "hexadecagon",
			"from": [7.00544, 0.5, 2],
			"to": [8.99456, 15.5, 12],
			"rotation": {"angle": 22.5, "axis": "y", "origin": [8, 1, 7]},
			"faces": {
				"north": {"uv": [0, 0, 1, 1], "texture": "#1"},
				"east": {"uv": [0, 0, 1, 1], "texture": "#1"},
				"south": {"uv": [0, 0, 1, 1], "texture": "#1"},
				"west": {"uv": [0, 0, 1, 1], "texture": "#1"},
				"up": {"uv": [0, 0, 1, 1], "texture": "#1"},
				"down": {"uv": [0, 0, 1, 1], "texture": "#1"}
			}
		},
		{
			"name": "hexadecagon",
			"from": [7.00544, 0.5, 2],
			"to": [8.99456, 15.5, 12.1],
			"rotation": {"angle": 45, "axis": "y", "origin": [8, 1, 7]},
			"faces": {
				"north": {"uv": [0, 0, 1, 1], "texture": "#1"},
				"east": {"uv": [0, 0, 1, 1], "texture": "#1"},
				"south": {"uv": [0, 0, 1, 1], "texture": "#1"},
				"west": {"uv": [0, 0, 1, 1], "texture": "#1"},
				"up": {"uv": [0, 0, 1, 1], "texture": "#1"},
				"down": {"uv": [0, 0, 1, 1], "texture": "#1"}
			}
		},
		{
			"name": "hexadecagon",
			"from": [3, 0.5, 6.00544],
			"to": [13, 15.5, 7.99456],
			"rotation": {"angle": -22.5, "axis": "y", "origin": [8, 1, 7]},
			"faces": {
				"north": {"uv": [0, 0, 1, 1], "texture": "#1"},
				"east": {"uv": [0, 0, 1, 1], "texture": "#1"},
				"south": {"uv": [0, 0, 1, 1], "texture": "#1"},
				"west": {"uv": [0, 0, 1, 1], "texture": "#1"},
				"up": {"uv": [0, 0, 1, 1], "texture": "#1"},
				"down": {"uv": [0, 0, 1, 1], "texture": "#1"}
			}
		},
		{
			"name": "hexadecagon",
			"from": [2.9, 13.7, 6.00544],
			"to": [13.1, 14.5, 7.99456],
			"rotation": {"angle": -22.5, "axis": "y", "origin": [8, 1, 7]},
			"faces": {
				"north": {"uv": [0, 0, 1, 1], "texture": "#0"},
				"east": {"uv": [0, 0, 1, 1], "texture": "#0"},
				"south": {"uv": [0, 0, 1, 1], "texture": "#0"},
				"west": {"uv": [0, 0, 1, 1], "texture": "#0"},
				"up": {"uv": [0, 0, 1, 1], "texture": "#0"},
				"down": {"uv": [0, 0, 1, 1], "texture": "#0"}
			}
		},
		{
			"name": "hexadecagon",
			"from": [2.9, 13, 6.00544],
			"to": [13.1, 13.5, 7.99456],
			"rotation": {"angle": -22.5, "axis": "y", "origin": [8, 0, 7]},
			"faces": {
				"north": {"uv": [0, 0, 1, 1], "texture": "#0"},
				"east": {"uv": [0, 0, 1, 1], "texture": "#0"},
				"south": {"uv": [0, 0, 1, 1], "texture": "#0"},
				"west": {"uv": [0, 0, 1, 1], "texture": "#0"},
				"up": {"uv": [0, 0, 1, 1], "texture": "#0"},
				"down": {"uv": [0, 0, 1, 1], "texture": "#0"}
			}
		},
		{
			"name": "hexadecagon",
			"from": [7.00544, 10.9, 1.9],
			"to": [8.99456, 11.5, 12.1],
			"rotation": {"angle": 22.5, "axis": "y", "origin": [8, -2, 7]},
			"faces": {
				"north": {"uv": [0, 0, 1, 1], "texture": "#0"},
				"east": {"uv": [0, 0, 1, 1], "texture": "#0"},
				"south": {"uv": [0, 0, 1, 1], "texture": "#0"},
				"west": {"uv": [0, 0, 1, 1], "texture": "#0"},
				"up": {"uv": [0, 0, 1, 1], "rotation": 90, "texture": "#0"},
				"down": {"uv": [0, 0, 1, 1], "rotation": 270, "texture": "#0"}
			}
		},
		{
			"name": "hexadecagon",
			"from": [2.9, 13.7, 6.00544],
			"to": [13.1, 14.5, 7.99456],
			"rotation": {"angle": 0, "axis": "y", "origin": [8, 1, 7]},
			"faces": {
				"north": {"uv": [0, 0, 1, 1], "texture": "#0"},
				"east": {"uv": [0, 0, 1, 1], "texture": "#0"},
				"south": {"uv": [0, 0, 1, 1], "texture": "#0"},
				"west": {"uv": [0, 0, 1, 1], "texture": "#0"},
				"up": {"uv": [0, 0, 1, 1], "texture": "#0"},
				"down": {"uv": [0, 0, 1, 1], "texture": "#0"}
			}
		},
		{
			"name": "hexadecagon",
			"from": [2.9, 12.7, 6.00544],
			"to": [13.1, 13.5, 7.99456],
			"rotation": {"angle": 0, "axis": "y", "origin": [8, 0, 7]},
			"faces": {
				"north": {"uv": [0, 0, 1, 1], "texture": "#0"},
				"east": {"uv": [0, 0, 1, 1], "texture": "#0"},
				"south": {"uv": [0, 0, 1, 1], "texture": "#0"},
				"west": {"uv": [0, 0, 1, 1], "texture": "#0"},
				"up": {"uv": [0, 0, 1, 1], "texture": "#0"},
				"down": {"uv": [0, 0, 1, 1], "texture": "#0"}
			}
		},
		{
			"name": "hexadecagon",
			"from": [2.9, 11.1, 6.00544],
			"to": [13.1, 11.5, 7.99456],
			"rotation": {"angle": -22.5, "axis": "y", "origin": [8, -2, 7]},
			"faces": {
				"north": {"uv": [0, 0, 1, 1], "texture": "#0"},
				"east": {"uv": [0, 0, 1, 1], "texture": "#0"},
				"south": {"uv": [0, 0, 1, 1], "texture": "#0"},
				"west": {"uv": [0, 0, 1, 1], "texture": "#0"},
				"up": {"uv": [0, 0, 1, 1], "texture": "#0"},
				"down": {"uv": [0, 0, 1, 1], "texture": "#0"}
			}
		},
		{
			"name": "hexadecagon",
			"from": [2.9, 14.2, 6.00544],
			"to": [13.1, 14.5, 7.99456],
			"rotation": {"angle": 22.5, "axis": "y", "origin": [8, 1, 7]},
			"faces": {
				"north": {"uv": [0, 0, 1, 1], "texture": "#0"},
				"east": {"uv": [0, 0, 1, 1], "texture": "#0"},
				"south": {"uv": [0, 0, 1, 1], "texture": "#0"},
				"west": {"uv": [0, 0, 1, 1], "texture": "#0"},
				"up": {"uv": [0, 0, 1, 1], "texture": "#0"},
				"down": {"uv": [0, 0, 1, 1], "texture": "#0"}
			}
		},
		{
			"name": "hexadecagon",
			"from": [2.9, 12.9, 6.00544],
			"to": [13.1, 13.5, 7.99456],
			"rotation": {"angle": 22.5, "axis": "y", "origin": [8, 0, 7]},
			"faces": {
				"north": {"uv": [0, 0, 1, 1], "texture": "#0"},
				"east": {"uv": [0, 0, 1, 1], "texture": "#0"},
				"south": {"uv": [0, 0, 1, 1], "texture": "#0"},
				"west": {"uv": [0, 0, 1, 1], "texture": "#0"},
				"up": {"uv": [0, 0, 1, 1], "texture": "#0"},
				"down": {"uv": [0, 0, 1, 1], "texture": "#0"}
			}
		},
		{
			"name": "hexadecagon",
			"from": [2.9, 10.9, 6.00544],
			"to": [13.2, 11.5, 7.99456],
			"rotation": {"angle": 0, "axis": "y", "origin": [8, -2, 7]},
			"faces": {
				"north": {"uv": [0, 0, 1, 1], "texture": "#0"},
				"east": {"uv": [0, 0, 1, 1], "texture": "#0"},
				"south": {"uv": [0, 0, 1, 1], "texture": "#0"},
				"west": {"uv": [0, 0, 1, 1], "texture": "#0"},
				"up": {"uv": [0, 0, 1, 1], "texture": "#0"},
				"down": {"uv": [0, 0, 1, 1], "texture": "#0"}
			}
		},
		{
			"name": "hexadecagon",
			"from": [2.9, 13.7, 6.00544],
			"to": [13.1, 14.5, 7.99456],
			"rotation": {"angle": 45, "axis": "y", "origin": [8, 1, 7]},
			"faces": {
				"north": {"uv": [0, 0, 1, 1], "texture": "#0"},
				"east": {"uv": [0, 0, 1, 1], "texture": "#0"},
				"south": {"uv": [0, 0, 1, 1], "texture": "#0"},
				"west": {"uv": [0, 0, 1, 1], "texture": "#0"},
				"up": {"uv": [0, 0, 1, 1], "texture": "#0"},
				"down": {"uv": [0, 0, 1, 1], "texture": "#0"}
			}
		},
		{
			"name": "hexadecagon",
			"from": [2.9, 10.9, 6.00544],
			"to": [13.2, 11.2, 7.99456],
			"rotation": {"angle": 22.5, "axis": "y", "origin": [8, -2, 7]},
			"faces": {
				"north": {"uv": [0, 0, 1, 1], "texture": "#0"},
				"east": {"uv": [0, 0, 1, 1], "texture": "#0"},
				"south": {"uv": [0, 0, 1, 1], "texture": "#0"},
				"west": {"uv": [0, 0, 1, 1], "texture": "#0"},
				"up": {"uv": [0, 0, 1, 1], "texture": "#0"},
				"down": {"uv": [0, 0, 1, 1], "texture": "#0"}
			}
		},
		{
			"name": "hexadecagon",
			"from": [2.9, 3.9, 6.30544],
			"to": [13.1, 10.5, 7.19456],
			"rotation": {"angle": 22.5, "axis": "y", "origin": [8, -4, 7]},
			"faces": {
				"north": {"uv": [0, 0, 1, 1], "texture": "#0"},
				"east": {"uv": [0, 0, 1, 1], "texture": "#0"},
				"south": {"uv": [0, 0, 1, 1], "texture": "#0"},
				"west": {"uv": [0, 0, 1, 1], "texture": "#0"},
				"up": {"uv": [0, 0, 1, 1], "texture": "#0"},
				"down": {"uv": [0, 0, 1, 1], "texture": "#0"}
			}
		},
		{
			"name": "hexadecagon",
			"from": [2.9, 0.9, 6.30544],
			"to": [13.1, 7.5, 7.19456],
			"rotation": {"angle": 0, "axis": "y", "origin": [8, -7, 7]},
			"faces": {
				"north": {"uv": [0, 0, 1, 1], "texture": "#0"},
				"east": {"uv": [0, 0, 1, 1], "texture": "#0"},
				"south": {"uv": [0, 0, 1, 1], "texture": "#0"},
				"west": {"uv": [0, 0, 1, 1], "texture": "#0"},
				"up": {"uv": [0, 0, 1, 1], "texture": "#0"},
				"down": {"uv": [0, 0, 1, 1], "texture": "#0"}
			}
		},
		{
			"name": "hexadecagon",
			"from": [3, 0.5, 6.00544],
			"to": [13, 15.5, 7.99456],
			"rotation": {"angle": 0, "axis": "y", "origin": [8, 1, 7]},
			"faces": {
				"north": {"uv": [0, 0, 1, 1], "texture": "#1"},
				"east": {"uv": [0, 0, 1, 1], "texture": "#1"},
				"south": {"uv": [0, 0, 1, 1], "texture": "#1"},
				"west": {"uv": [0, 0, 1, 1], "texture": "#1"},
				"up": {"uv": [0, 0, 1, 1], "texture": "#1"},
				"down": {"uv": [0, 0, 1, 1], "texture": "#1"}
			}
		},
		{
			"name": "hexadecagon",
			"from": [2.65, 4.5, 6.00544],
			"to": [13.35, 7.5, 7.99456],
			"rotation": {"angle": 0, "axis": "y", "origin": [8, 1, 7]},
			"faces": {
				"north": {"uv": [4.274, 8.137, 5.227, 10.577], "texture": "#0"},
				"east": {"uv": [4.274, 8.137, 5.227, 10.577], "texture": "#0"},
				"south": {"uv": [4.274, 8.137, 5.227, 10.577], "texture": "#0"},
				"west": {"uv": [4.274, 8.137, 5.227, 10.577], "texture": "#0"},
				"up": {"uv": [4.274, 8.137, 5.227, 10.577], "texture": "#0"},
				"down": {"uv": [4.274, 8.137, 5.227, 10.577], "texture": "#0"}
			}
		},
		{
			"name": "hexadecagon",
			"from": [2.4, 4.5, 5.75544],
			"to": [13.85, 7.5, 5.99456],
			"rotation": {"angle": 0, "axis": "y", "origin": [8, 1, 6.75]},
			"faces": {
				"north": {"uv": [4.274, 8.137, 5.227, 10.577], "texture": "#0"},
				"east": {"uv": [4.274, 8.137, 5.227, 10.577], "texture": "#0"},
				"south": {"uv": [4.274, 8.137, 5.227, 10.577], "texture": "#0"},
				"west": {"uv": [4.274, 8.137, 5.227, 10.577], "texture": "#0"},
				"up": {"uv": [4.274, 8.137, 5.227, 10.577], "texture": "#0"},
				"down": {"uv": [4.274, 8.137, 5.227, 10.577], "texture": "#0"}
			}
		},
		{
			"name": "hexadecagon",
			"from": [2.4, 4.5, 8.00544],
			"to": [13.85, 7.5, 8.24456],
			"rotation": {"angle": 0, "axis": "y", "origin": [8, 1, 9]},
			"faces": {
				"north": {"uv": [4.274, 8.137, 5.227, 10.577], "texture": "#0"},
				"east": {"uv": [4.274, 8.137, 5.227, 10.577], "texture": "#0"},
				"south": {"uv": [4.274, 8.137, 5.227, 10.577], "texture": "#0"},
				"west": {"uv": [4.274, 8.137, 5.227, 10.577], "texture": "#0"},
				"up": {"uv": [4.274, 8.137, 5.227, 10.577], "texture": "#0"},
				"down": {"uv": [4.274, 8.137, 5.227, 10.577], "texture": "#0"}
			}
		},
		{
			"name": "hexadecagon",
			"from": [-3.51317, 5.12078, 6.00544],
			"to": [-3.31317, 5.62078, 7.99456],
			"rotation": {"angle": -45, "axis": "z", "origin": [1.83683, -0.87922, 7]},
			"faces": {
				"north": {"uv": [4.274, 8.137, 5.227, 10.577], "texture": "#0"},
				"east": {"uv": [4.274, 8.137, 5.227, 10.577], "texture": "#0"},
				"south": {"uv": [4.274, 8.137, 5.227, 10.577], "texture": "#0"},
				"west": {"uv": [4.274, 8.137, 5.227, 10.577], "texture": "#0"},
				"up": {"uv": [4.274, 8.137, 5.227, 10.577], "texture": "#0"},
				"down": {"uv": [4.274, 8.137, 5.227, 10.577], "texture": "#0"}
			}
		},
		{
			"name": "hexadecagon",
			"from": [7.48683, 6.37922, 6.00544],
			"to": [7.68683, 6.87922, 7.99456],
			"rotation": {"angle": 45, "axis": "z", "origin": [12.83683, 12.87922, 7]},
			"faces": {
				"north": {"uv": [4.274, 10.577, 5.227, 8.137], "texture": "#0"},
				"east": {"uv": [4.274, 10.577, 5.227, 8.137], "texture": "#0"},
				"south": {"uv": [4.274, 10.577, 5.227, 8.137], "texture": "#0"},
				"west": {"uv": [4.274, 10.577, 5.227, 8.137], "texture": "#0"},
				"up": {"uv": [4.274, 10.577, 5.227, 8.137], "texture": "#0"},
				"down": {"uv": [4.274, 10.577, 5.227, 8.137], "texture": "#0"}
			}
		},
		{
			"name": "hexadecagon",
			"from": [-3.51317, 4.62078, 6.00544],
			"to": [-3.31317, 5.12078, 7.99456],
			"rotation": {"angle": -45, "axis": "z", "origin": [1.83683, -1.37922, 7]},
			"faces": {
				"north": {"uv": [4.274, 8.137, 5.227, 10.577], "texture": "#0"},
				"east": {"uv": [4.274, 8.137, 5.227, 10.577], "texture": "#0"},
				"south": {"uv": [4.274, 8.137, 5.227, 10.577], "texture": "#0"},
				"west": {"uv": [4.274, 8.137, 5.227, 10.577], "texture": "#0"},
				"up": {"uv": [4.274, 8.137, 5.227, 10.577], "texture": "#0"},
				"down": {"uv": [4.274, 8.137, 5.227, 10.577], "texture": "#0"}
			}
		},
		{
			"name": "hexadecagon",
			"from": [7.48683, 6.87922, 6.00544],
			"to": [7.68683, 7.37922, 7.99456],
			"rotation": {"angle": 45, "axis": "z", "origin": [12.83683, 13.37922, 7]},
			"faces": {
				"north": {"uv": [4.274, 10.577, 5.227, 8.137], "texture": "#0"},
				"east": {"uv": [4.274, 10.577, 5.227, 8.137], "texture": "#0"},
				"south": {"uv": [4.274, 10.577, 5.227, 8.137], "texture": "#0"},
				"west": {"uv": [4.274, 10.577, 5.227, 8.137], "texture": "#0"},
				"up": {"uv": [4.274, 10.577, 5.227, 8.137], "texture": "#0"},
				"down": {"uv": [4.274, 10.577, 5.227, 8.137], "texture": "#0"}
			}
		},
		{
			"name": "hexadecagon",
			"from": [-3.51317, 4.12078, 6.00544],
			"to": [-3.31317, 4.62078, 7.99456],
			"rotation": {"angle": -45, "axis": "z", "origin": [1.83683, -1.87922, 7]},
			"faces": {
				"north": {"uv": [4.274, 8.137, 5.227, 10.577], "texture": "#0"},
				"east": {"uv": [4.274, 8.137, 5.227, 10.577], "texture": "#0"},
				"south": {"uv": [4.274, 8.137, 5.227, 10.577], "texture": "#0"},
				"west": {"uv": [4.274, 8.137, 5.227, 10.577], "texture": "#0"},
				"up": {"uv": [4.274, 8.137, 5.227, 10.577], "texture": "#0"},
				"down": {"uv": [4.274, 8.137, 5.227, 10.577], "texture": "#0"}
			}
		},
		{
			"name": "hexadecagon",
			"from": [7.48683, 7.37922, 6.00544],
			"to": [7.68683, 7.87922, 7.99456],
			"rotation": {"angle": 45, "axis": "z", "origin": [12.83683, 13.87922, 7]},
			"faces": {
				"north": {"uv": [4.274, 10.577, 5.227, 8.137], "texture": "#0"},
				"east": {"uv": [4.274, 10.577, 5.227, 8.137], "texture": "#0"},
				"south": {"uv": [4.274, 10.577, 5.227, 8.137], "texture": "#0"},
				"west": {"uv": [4.274, 10.577, 5.227, 8.137], "texture": "#0"},
				"up": {"uv": [4.274, 10.577, 5.227, 8.137], "texture": "#0"},
				"down": {"uv": [4.274, 10.577, 5.227, 8.137], "texture": "#0"}
			}
		},
		{
			"name": "hexadecagon",
			"from": [-3.51317, 3.62078, 6.00544],
			"to": [-3.31317, 4.12078, 7.99456],
			"rotation": {"angle": -45, "axis": "z", "origin": [1.83683, -2.37922, 7]},
			"faces": {
				"north": {"uv": [4.274, 8.137, 5.227, 10.577], "texture": "#0"},
				"east": {"uv": [4.274, 8.137, 5.227, 10.577], "texture": "#0"},
				"south": {"uv": [4.274, 8.137, 5.227, 10.577], "texture": "#0"},
				"west": {"uv": [4.274, 8.137, 5.227, 10.577], "texture": "#0"},
				"up": {"uv": [4.274, 8.137, 5.227, 10.577], "texture": "#0"},
				"down": {"uv": [4.274, 8.137, 5.227, 10.577], "texture": "#0"}
			}
		},
		{
			"name": "hexadecagon",
			"from": [7.48683, 7.87922, 6.00544],
			"to": [7.68683, 8.37922, 7.99456],
			"rotation": {"angle": 45, "axis": "z", "origin": [12.83683, 14.37922, 7]},
			"faces": {
				"north": {"uv": [4.274, 10.577, 5.227, 8.137], "texture": "#0"},
				"east": {"uv": [4.274, 10.577, 5.227, 8.137], "texture": "#0"},
				"south": {"uv": [4.274, 10.577, 5.227, 8.137], "texture": "#0"},
				"west": {"uv": [4.274, 10.577, 5.227, 8.137], "texture": "#0"},
				"up": {"uv": [4.274, 10.577, 5.227, 8.137], "texture": "#0"},
				"down": {"uv": [4.274, 10.577, 5.227, 8.137], "texture": "#0"}
			}
		},
		{
			"name": "hexadecagon",
			"from": [-3.51317, 3.12078, 6.00544],
			"to": [-3.31317, 3.62078, 7.99456],
			"rotation": {"angle": -45, "axis": "z", "origin": [1.83683, -2.87922, 7]},
			"faces": {
				"north": {"uv": [4.274, 8.137, 5.227, 10.577], "texture": "#0"},
				"east": {"uv": [4.274, 8.137, 5.227, 10.577], "texture": "#0"},
				"south": {"uv": [4.274, 8.137, 5.227, 10.577], "texture": "#0"},
				"west": {"uv": [4.274, 8.137, 5.227, 10.577], "texture": "#0"},
				"up": {"uv": [4.274, 8.137, 5.227, 10.577], "texture": "#0"},
				"down": {"uv": [4.274, 8.137, 5.227, 10.577], "texture": "#0"}
			}
		},
		{
			"name": "hexadecagon",
			"from": [7.48683, 8.37922, 6.00544],
			"to": [7.68683, 8.87922, 7.99456],
			"rotation": {"angle": 45, "axis": "z", "origin": [12.83683, 14.87922, 7]},
			"faces": {
				"north": {"uv": [4.274, 10.577, 5.227, 8.137], "texture": "#0"},
				"east": {"uv": [4.274, 10.577, 5.227, 8.137], "texture": "#0"},
				"south": {"uv": [4.274, 10.577, 5.227, 8.137], "texture": "#0"},
				"west": {"uv": [4.274, 10.577, 5.227, 8.137], "texture": "#0"},
				"up": {"uv": [4.274, 10.577, 5.227, 8.137], "texture": "#0"},
				"down": {"uv": [4.274, 10.577, 5.227, 8.137], "texture": "#0"}
			}
		},
		{
			"name": "hexadecagon",
			"from": [-3.51317, 2.62078, 6.00544],
			"to": [-3.31317, 3.12078, 7.99456],
			"rotation": {"angle": -45, "axis": "z", "origin": [1.83683, -3.37922, 7]},
			"faces": {
				"north": {"uv": [4.274, 8.137, 5.227, 10.577], "texture": "#0"},
				"east": {"uv": [4.274, 8.137, 5.227, 10.577], "texture": "#0"},
				"south": {"uv": [4.274, 8.137, 5.227, 10.577], "texture": "#0"},
				"west": {"uv": [4.274, 8.137, 5.227, 10.577], "texture": "#0"},
				"up": {"uv": [4.274, 8.137, 5.227, 10.577], "texture": "#0"},
				"down": {"uv": [4.274, 8.137, 5.227, 10.577], "texture": "#0"}
			}
		},
		{
			"name": "hexadecagon",
			"from": [7.48683, 8.87922, 6.00544],
			"to": [7.68683, 9.37922, 7.99456],
			"rotation": {"angle": 45, "axis": "z", "origin": [12.83683, 15.37922, 7]},
			"faces": {
				"north": {"uv": [4.274, 10.577, 5.227, 8.137], "texture": "#0"},
				"east": {"uv": [4.274, 10.577, 5.227, 8.137], "texture": "#0"},
				"south": {"uv": [4.274, 10.577, 5.227, 8.137], "texture": "#0"},
				"west": {"uv": [4.274, 10.577, 5.227, 8.137], "texture": "#0"},
				"up": {"uv": [4.274, 10.577, 5.227, 8.137], "texture": "#0"},
				"down": {"uv": [4.274, 10.577, 5.227, 8.137], "texture": "#0"}
			}
		},
		{
			"name": "hexadecagon",
			"from": [2.9, 1.5, 6.00544],
			"to": [13.1, 2.5, 7.99456],
			"rotation": {"angle": -22.5, "axis": "y", "origin": [8, -2, 7]},
			"faces": {
				"north": {"uv": [5.234, 7.749, 6.14, 10.896], "texture": "#0"},
				"east": {"uv": [5.234, 7.749, 6.14, 10.896], "texture": "#0"},
				"south": {"uv": [5.234, 7.749, 6.14, 10.896], "texture": "#0"},
				"west": {"uv": [5.234, 7.749, 6.14, 10.896], "texture": "#0"},
				"up": {"uv": [5.234, 7.749, 6.14, 10.896], "texture": "#0"},
				"down": {"uv": [5.234, 7.749, 6.14, 10.896], "texture": "#0"}
			}
		},
		{
			"name": "hexadecagon",
			"from": [2.9, 1.5, 6.00544],
			"to": [13.1, 2.5, 7.99456],
			"rotation": {"angle": -45, "axis": "y", "origin": [8, -2, 7]},
			"faces": {
				"north": {"uv": [5.189, 10.628, 5.865, 12.61], "texture": "#0"},
				"east": {"uv": [5.189, 10.628, 5.865, 12.61], "texture": "#0"},
				"south": {"uv": [5.189, 10.628, 5.865, 12.61], "texture": "#0"},
				"west": {"uv": [5.189, 10.628, 5.865, 12.61], "texture": "#0"},
				"up": {"uv": [5.189, 10.628, 5.865, 12.61], "texture": "#0"},
				"down": {"uv": [5.189, 10.628, 5.865, 12.61], "texture": "#0"}
			}
		},
		{
			"name": "hexadecagon",
			"from": [3, 0.5, 6.00544],
			"to": [13, 15.5, 8.09456],
			"rotation": {"angle": 22.5, "axis": "y", "origin": [8, 1, 7]},
			"faces": {
				"north": {"uv": [0, 0, 1, 1], "texture": "#1"},
				"east": {"uv": [0, 0, 1, 1], "texture": "#1"},
				"south": {"uv": [0, 0, 1, 1], "texture": "#1"},
				"west": {"uv": [0, 0, 1, 1], "texture": "#1"},
				"up": {"uv": [0, 0, 1, 1], "texture": "#1"},
				"down": {"uv": [0, 0, 1, 1], "texture": "#1"}
			}
		}
	],
	"display": {
		"thirdperson_righthand": {
			"rotation": [35, -20, 0],
			"scale": [0.5, 0.5, 0.5]
		},
		"thirdperson_lefthand": {
			"rotation": [35, -20, 0],
			"scale": [0.5, 0.5, 0.5]
		},
		"firstperson_righthand": {
			"rotation": [15, -6, 0],
			"translation": [2.75, 2.25, 0],
			"scale": [0.5, 0.5, 0.5]
		},
		"firstperson_lefthand": {
			"rotation": [15, -6, 0],
			"translation": [2.75, 2.25, 0],
			"scale": [0.5, 0.5, 0.5]
		},
		"gui": {
			"rotation": [0, -90, 0],
			"translation": [-1, 0, 0],
			"scale": [0.7, 0.7, 0.7]
		},
		"head": {
			"rotation": [0, -90, 0],
			"translation": [-1.5, -31.75, 0],
			"scale": [1.66, 1.66, 1.66]
		},
		"fixed": {
			"rotation": [0, -90, 0],
			"translation": [-0.75, 0, 0]
		}
	},
	"groups": [
		{
			"name": "gebluedroid",
			"origin": [8, 8, 8],
			"children": [
				{
					"name": "hexadecagon",
					"origin": [8, 8, 8],
					"children": [0, 1, 2, 3, 4, 5, 6, 7, 8, 9, 10, 11, 12, 13, 14, 15, 16, 17, 18, 19, 20, 21, 22, 23, 24, 25, 26, 27, 28, 29, 30, 31, 32, 33, 34, 35, 36, 37]
				},
				{
					"name": "hexadecagon",
					"origin": [8, 8, 8],
					"children": []
				},
				{
					"name": "hexadecagon",
					"origin": [8, 8, 8],
					"children": []
				},
				{
					"name": "hexadecagon",
					"origin": [8, 8, 8],
					"children": []
				},
				{
					"name": "hexadecagon",
					"origin": [8, 8, 8],
					"children": []
				},
				{
					"name": "hexadecagon",
					"origin": [8, 8, 8],
					"children": []
				},
				{
					"name": "hexadecagon",
					"origin": [8, 8, 8],
					"children": []
				},
				{
					"name": "hexadecagon",
					"origin": [8, 8, 8],
					"children": []
				},
				{
					"name": "hexadecagon",
					"origin": [8, 8, 8],
					"children": []
				}
			]
		}
	]
}