{
	"credit": "Made by HootinglyOwl",
	"texture_size": [32, 32],
	"textures": {
		"0": "custom/palace_flowers",
		"particle": "custom/palace_flowers"
	},
	"elements": [
		{
			"from": [1, 12, -1],
			"to": [4, 15, -1],
			"rotation": {"angle": 0, "axis": "z", "origin": [3.5, 12.5, -1]},
			"faces": {
				"north": {"uv": [0, 0, 5.5, 5.5], "texture": "#0"},
				"east": {"uv": [0, 0, 5.5, 5.5], "texture": "#0"},
				"south": {"uv": [0, 0, 5.5, 5.5], "texture": "#0"},
				"west": {"uv": [0, 0, 5.5, 5.5], "texture": "#0"},
				"up": {"uv": [0, 0, 5.5, 5.5], "texture": "#0"},
				"down": {"uv": [0, 0, 5.5, 5.5], "texture": "#0"}
			}
		},
		{
			"from": [6, 3, -1],
			"to": [9, 6, -1],
			"rotation": {"angle": -45, "axis": "z", "origin": [7.5, 4.5, -1]},
			"faces": {
				"north": {"uv": [0, 0, 5.5, 5.5], "texture": "#0"},
				"east": {"uv": [0, 0, 5.5, 5.5], "texture": "#0"},
				"south": {"uv": [0, 0, 5.5, 5.5], "texture": "#0"},
				"west": {"uv": [0, 0, 5.5, 5.5], "texture": "#0"},
				"up": {"uv": [0, 0, 5.5, 5.5], "texture": "#0"},
				"down": {"uv": [0, 0, 5.5, 5.5], "texture": "#0"}
			}
		},
		{
			"from": [14, 4, -1],
			"to": [16, 6, -1],
			"rotation": {"angle": 0, "axis": "z", "origin": [15.5, 4.5, -1]},
			"faces": {
				"north": {"uv": [6, 0.5, 10.5, 5], "texture": "#0"},
				"east": {"uv": [6, 0.5, 10.5, 5], "texture": "#0"},
				"south": {"uv": [6, 0.5, 10.5, 5], "texture": "#0"},
				"west": {"uv": [6, 0.5, 10.5, 5], "texture": "#0"},
				"up": {"uv": [6, 0.5, 10.5, 5], "texture": "#0"},
				"down": {"uv": [6, 0.5, 10.5, 5], "texture": "#0"}
			}
		},
		{
			"from": [1, 1, -1],
			"to": [4, 4, -1],
			"rotation": {"angle": 22.5, "axis": "z", "origin": [2.5, 2.5, -1]},
			"faces": {
				"north": {"uv": [0, 6, 5.5, 11.5], "texture": "#0"},
				"east": {"uv": [0, 6, 5.5, 11.5], "texture": "#0"},
				"south": {"uv": [0, 6, 5.5, 11.5], "texture": "#0"},
				"west": {"uv": [0, 6, 5.5, 11.5], "texture": "#0"},
				"up": {"uv": [0, 6, 5.5, 11.5], "texture": "#0"},
				"down": {"uv": [0, 6, 5.5, 11.5], "texture": "#0"}
			}
		},
		{
			"from": [7, 9, -1],
			"to": [10, 12, -1],
			"rotation": {"angle": 0, "axis": "z", "origin": [8.5, 9.5, -1]},
			"faces": {
				"north": {"uv": [0, 6, 5.5, 11.5], "texture": "#0"},
				"east": {"uv": [0, 6, 5.5, 11.5], "texture": "#0"},
				"south": {"uv": [0, 6, 5.5, 11.5], "texture": "#0"},
				"west": {"uv": [0, 6, 5.5, 11.5], "texture": "#0"},
				"up": {"uv": [0, 6, 5.5, 11.5], "texture": "#0"},
				"down": {"uv": [0, 6, 5.5, 11.5], "texture": "#0"}
			}
		},
		{
			"from": [6, 14, -1],
			"to": [8, 16, -1],
			"rotation": {"angle": 0, "axis": "y", "origin": [7.5, 15.5, -1]},
			"faces": {
				"north": {"uv": [6, 6, 10.5, 10.5], "texture": "#0"},
				"east": {"uv": [6, 6, 10.5, 10.5], "texture": "#0"},
				"south": {"uv": [6, 6, 10.5, 10.5], "texture": "#0"},
				"west": {"uv": [6, 6, 10.5, 10.5], "texture": "#0"},
				"up": {"uv": [6, 6, 10.5, 10.5], "texture": "#0"},
				"down": {"uv": [6, 6, 10.5, 10.5], "texture": "#0"}
			}
		},
		{
			"from": [11, 7, -1],
			"to": [13, 9, -1],
			"rotation": {"angle": -22.5, "axis": "z", "origin": [12, 8, -1]},
			"faces": {
				"north": {"uv": [6, 6, 10.5, 10.5], "texture": "#0"},
				"east": {"uv": [6, 6, 10.5, 10.5], "texture": "#0"},
				"south": {"uv": [6, 6, 10.5, 10.5], "texture": "#0"},
				"west": {"uv": [6, 6, 10.5, 10.5], "texture": "#0"},
				"up": {"uv": [6, 6, 10.5, 10.5], "texture": "#0"},
				"down": {"uv": [6, 6, 10.5, 10.5], "texture": "#0"}
			}
		},
		{
			"from": [5, 13, -1],
			"to": [6, 14, -1],
			"rotation": {"angle": -22.5, "axis": "z", "origin": [5.5, 13.5, -1]},
			"faces": {
				"north": {"uv": [7.5, 11.5, 9, 13], "rotation": 90, "texture": "#0"},
				"east": {"uv": [7.5, 11.5, 9, 13], "rotation": 90, "texture": "#0"},
				"south": {"uv": [7.5, 13, 9, 11.5], "rotation": 90, "texture": "#0"},
				"west": {"uv": [7.5, 11.5, 9, 13], "rotation": 90, "texture": "#0"},
				"up": {"uv": [7.5, 11.5, 9, 13], "rotation": 90, "texture": "#0"},
				"down": {"uv": [7.5, 11.5, 9, 13], "rotation": 90, "texture": "#0"}
			}
		},
		{
			"from": [2, 5, -1],
			"to": [3, 6, -1],
			"rotation": {"angle": 0, "axis": "y", "origin": [3.5, 6.5, -1]},
			"faces": {
				"north": {"uv": [7.5, 11.5, 9, 13], "texture": "#0"},
				"east": {"uv": [7.5, 11.5, 9, 13], "texture": "#0"},
				"south": {"uv": [7.5, 13, 9, 11.5], "texture": "#0"},
				"west": {"uv": [7.5, 11.5, 9, 13], "texture": "#0"},
				"up": {"uv": [7.5, 11.5, 9, 13], "texture": "#0"},
				"down": {"uv": [7.5, 11.5, 9, 13], "texture": "#0"}
			}
		},
		{
			"from": [14, 10, -1],
			"to": [15, 11, -1],
			"rotation": {"angle": -45, "axis": "z", "origin": [14.5, 10.5, -1]},
			"faces": {
				"north": {"uv": [7.5, 11.5, 9, 13], "texture": "#0"},
				"east": {"uv": [7.5, 11.5, 9, 13], "texture": "#0"},
				"south": {"uv": [7.5, 13, 9, 11.5], "texture": "#0"},
				"west": {"uv": [7.5, 11.5, 9, 13], "texture": "#0"},
				"up": {"uv": [7.5, 11.5, 9, 13], "texture": "#0"},
				"down": {"uv": [7.5, 11.5, 9, 13], "texture": "#0"}
			}
		},
		{
			"from": [10, 4, -1],
			"to": [11, 5, -1],
			"rotation": {"angle": 0, "axis": "y", "origin": [11.5, 5.5, -1]},
			"faces": {
				"north": {"uv": [6.5, 13, 8, 14.5], "texture": "#0"},
				"east": {"uv": [6.5, 13, 8, 14.5], "texture": "#0"},
				"south": {"uv": [6.5, 14.5, 8, 13], "texture": "#0"},
				"west": {"uv": [6.5, 13, 8, 14.5], "texture": "#0"},
				"up": {"uv": [6.5, 13, 8, 14.5], "texture": "#0"},
				"down": {"uv": [6.5, 13, 8, 14.5], "texture": "#0"}
			}
		},
		{
			"from": [5, 1, -1],
			"to": [6, 2, -1],
			"rotation": {"angle": -22.5, "axis": "z", "origin": [5.5, 1.5, -1]},
			"faces": {
				"north": {"uv": [6.5, 13, 8, 14.5], "rotation": 90, "texture": "#0"},
				"east": {"uv": [6.5, 13, 8, 14.5], "rotation": 90, "texture": "#0"},
				"south": {"uv": [6.5, 14.5, 8, 13], "rotation": 90, "texture": "#0"},
				"west": {"uv": [6.5, 13, 8, 14.5], "rotation": 90, "texture": "#0"},
				"up": {"uv": [6.5, 13, 8, 14.5], "rotation": 90, "texture": "#0"},
				"down": {"uv": [6.5, 13, 8, 14.5], "rotation": 90, "texture": "#0"}
			}
		},
		{
			"from": [10, 13, -1],
			"to": [11, 14, -1],
			"rotation": {"angle": 0, "axis": "z", "origin": [11.5, 14.5, -1]},
			"faces": {
				"north": {"uv": [6.5, 13, 8, 14.5], "texture": "#0"},
				"east": {"uv": [6.5, 13, 8, 14.5], "texture": "#0"},
				"south": {"uv": [6.5, 14.5, 8, 13], "texture": "#0"},
				"west": {"uv": [6.5, 13, 8, 14.5], "texture": "#0"},
				"up": {"uv": [6.5, 13, 8, 14.5], "texture": "#0"},
				"down": {"uv": [6.5, 13, 8, 14.5], "texture": "#0"}
			}
		},
		{
			"from": [9, 1, -1],
			"to": [11, 3, -1],
			"rotation": {"angle": 0, "axis": "z", "origin": [10.5, 2.5, -1]},
			"faces": {
				"north": {"uv": [11, 0.5, 15.5, 5], "texture": "#0"},
				"east": {"uv": [11, 0.5, 15.5, 5], "texture": "#0"},
				"south": {"uv": [11, 0.5, 15.5, 5], "texture": "#0"},
				"west": {"uv": [11, 0.5, 15.5, 5], "texture": "#0"},
				"up": {"uv": [11, 0.5, 15.5, 5], "texture": "#0"},
				"down": {"uv": [11, 0.5, 15.5, 5], "texture": "#0"}
			}
		},
		{
			"from": [2, 7, -1],
			"to": [4, 9, -1],
			"rotation": {"angle": -22.5, "axis": "z", "origin": [3, 8, -1]},
			"faces": {
				"north": {"uv": [11, 0.5, 15.5, 5], "texture": "#0"},
				"east": {"uv": [11, 0.5, 15.5, 5], "texture": "#0"},
				"south": {"uv": [11, 0.5, 15.5, 5], "texture": "#0"},
				"west": {"uv": [11, 0.5, 15.5, 5], "texture": "#0"},
				"up": {"uv": [11, 0.5, 15.5, 5], "texture": "#0"},
				"down": {"uv": [11, 0.5, 15.5, 5], "texture": "#0"}
			}
		},
		{
			"from": [12, 12, -1],
			"to": [15, 15, -1],
			"rotation": {"angle": 45, "axis": "z", "origin": [13.5, 13.5, -1]},
			"faces": {
				"north": {"uv": [10, 10.5, 15.5, 16], "texture": "#0"},
				"east": {"uv": [10, 10.5, 15.5, 16], "texture": "#0"},
				"south": {"uv": [10, 10.5, 15.5, 16], "texture": "#0"},
				"west": {"uv": [10, 10.5, 15.5, 16], "texture": "#0"},
				"up": {"uv": [10, 10.5, 15.5, 16], "texture": "#0"},
				"down": {"uv": [10, 10.5, 15.5, 16], "texture": "#0"}
			}
		},
		{
			"from": [1.3125, 1, 17],
			"to": [4.3125, 4, 17],
			"rotation": {"angle": 0, "axis": "z", "origin": [8.15625, 8.15625, 17]},
			"faces": {
				"north": {"uv": [0, 0, 5.5, 5.5], "rotation": 90, "texture": "#0"},
				"east": {"uv": [0, 0, 5.5, 5.5], "rotation": 270, "texture": "#0"},
				"south": {"uv": [0, 0, 5.5, 5.5], "rotation": 270, "texture": "#0"},
				"west": {"uv": [0, 0, 5.5, 5.5], "rotation": 270, "texture": "#0"},
				"up": {"uv": [0, 0, 5.5, 5.5], "rotation": 270, "texture": "#0"},
				"down": {"uv": [0, 0, 5.5, 5.5], "rotation": 270, "texture": "#0"}
			}
		},
		{
			"from": [10.3125, 6, 17],
			"to": [13.3125, 9, 17],
			"rotation": {"angle": 22.5, "axis": "z", "origin": [11.8125, 7.5, 17]},
			"faces": {
				"north": {"uv": [0, 0, 5.5, 5.5], "rotation": 90, "texture": "#0"},
				"east": {"uv": [0, 0, 5.5, 5.5], "rotation": 270, "texture": "#0"},
				"south": {"uv": [0, 0, 5.5, 5.5], "rotation": 270, "texture": "#0"},
				"west": {"uv": [0, 0, 5.5, 5.5], "rotation": 270, "texture": "#0"},
				"up": {"uv": [0, 0, 5.5, 5.5], "rotation": 270, "texture": "#0"},
				"down": {"uv": [0, 0, 5.5, 5.5], "rotation": 270, "texture": "#0"}
			}
		},
		{
			"from": [10.3125, 13, 17],
			"to": [12.3125, 15, 17],
			"rotation": {"angle": 45, "axis": "z", "origin": [11.3125, 14, 17]},
			"faces": {
				"north": {"uv": [6, 0.5, 10.5, 5], "rotation": 90, "texture": "#0"},
				"east": {"uv": [6, 0.5, 10.5, 5], "rotation": 270, "texture": "#0"},
				"south": {"uv": [6, 0.5, 10.5, 5], "rotation": 270, "texture": "#0"},
				"west": {"uv": [6, 0.5, 10.5, 5], "rotation": 270, "texture": "#0"},
				"up": {"uv": [6, 0.5, 10.5, 5], "rotation": 270, "texture": "#0"},
				"down": {"uv": [6, 0.5, 10.5, 5], "rotation": 270, "texture": "#0"}
			}
		},
		{
			"from": [12.3125, 1, 17],
			"to": [15.3125, 4, 17],
			"rotation": {"angle": 45, "axis": "z", "origin": [13.8125, 2.5, 17]},
			"faces": {
				"north": {"uv": [0, 6, 5.5, 11.5], "rotation": 90, "texture": "#0"},
				"east": {"uv": [0, 6, 5.5, 11.5], "rotation": 270, "texture": "#0"},
				"south": {"uv": [0, 6, 5.5, 11.5], "rotation": 270, "texture": "#0"},
				"west": {"uv": [0, 6, 5.5, 11.5], "rotation": 270, "texture": "#0"},
				"up": {"uv": [0, 6, 5.5, 11.5], "rotation": 270, "texture": "#0"},
				"down": {"uv": [0, 6, 5.5, 11.5], "rotation": 270, "texture": "#0"}
			}
		},
		{
			"from": [0.3125, 6, 17],
			"to": [2.3125, 8, 17],
			"rotation": {"angle": 22.5, "axis": "z", "origin": [1.3125, 7, 17]},
			"faces": {
				"north": {"uv": [6, 6, 10.5, 10.5], "rotation": 90, "texture": "#0"},
				"east": {"uv": [6, 6, 10.5, 10.5], "rotation": 270, "texture": "#0"},
				"south": {"uv": [6, 6, 10.5, 10.5], "rotation": 270, "texture": "#0"},
				"west": {"uv": [6, 6, 10.5, 10.5], "rotation": 270, "texture": "#0"},
				"up": {"uv": [6, 6, 10.5, 10.5], "rotation": 270, "texture": "#0"},
				"down": {"uv": [6, 6, 10.5, 10.5], "rotation": 270, "texture": "#0"}
			}
		},
		{
			"from": [7.3125, 11, 17],
			"to": [9.3125, 13, 17],
			"rotation": {"angle": 0, "axis": "z", "origin": [8.15625, 8.15625, 17]},
			"faces": {
				"north": {"uv": [6, 6, 10.5, 10.5], "rotation": 90, "texture": "#0"},
				"east": {"uv": [6, 6, 10.5, 10.5], "rotation": 270, "texture": "#0"},
				"south": {"uv": [6, 6, 10.5, 10.5], "rotation": 270, "texture": "#0"},
				"west": {"uv": [6, 6, 10.5, 10.5], "rotation": 270, "texture": "#0"},
				"up": {"uv": [6, 6, 10.5, 10.5], "rotation": 270, "texture": "#0"},
				"down": {"uv": [6, 6, 10.5, 10.5], "rotation": 270, "texture": "#0"}
			}
		},
		{
			"from": [2.3125, 5, 17],
			"to": [3.3125, 6, 17],
			"rotation": {"angle": 22.5, "axis": "z", "origin": [2.8125, 5.5, 17]},
			"faces": {
				"north": {"uv": [7.5, 13, 9, 11.5], "rotation": 180, "texture": "#0"},
				"east": {"uv": [7.5, 11.5, 9, 13], "rotation": 180, "texture": "#0"},
				"south": {"uv": [7.5, 11.5, 9, 13], "rotation": 180, "texture": "#0"},
				"west": {"uv": [7.5, 11.5, 9, 13], "rotation": 180, "texture": "#0"},
				"up": {"uv": [7.5, 11.5, 9, 13], "rotation": 180, "texture": "#0"},
				"down": {"uv": [7.5, 11.5, 9, 13], "rotation": 180, "texture": "#0"}
			}
		},
		{
			"from": [10.3125, 2, 17],
			"to": [11.3125, 3, 17],
			"rotation": {"angle": 0, "axis": "z", "origin": [8.15625, 8.15625, 17]},
			"faces": {
				"north": {"uv": [7.5, 13, 9, 11.5], "rotation": 90, "texture": "#0"},
				"east": {"uv": [7.5, 11.5, 9, 13], "rotation": 90, "texture": "#0"},
				"south": {"uv": [7.5, 11.5, 9, 13], "rotation": 90, "texture": "#0"},
				"west": {"uv": [7.5, 11.5, 9, 13], "rotation": 90, "texture": "#0"},
				"up": {"uv": [7.5, 11.5, 9, 13], "rotation": 90, "texture": "#0"},
				"down": {"uv": [7.5, 11.5, 9, 13], "rotation": 90, "texture": "#0"}
			}
		},
		{
			"from": [5.3125, 14, 17],
			"to": [6.3125, 15, 17],
			"rotation": {"angle": 0, "axis": "z", "origin": [8.15625, 8.15625, 17]},
			"faces": {
				"north": {"uv": [7.5, 13, 9, 11.5], "rotation": 90, "texture": "#0"},
				"east": {"uv": [7.5, 11.5, 9, 13], "rotation": 90, "texture": "#0"},
				"south": {"uv": [7.5, 11.5, 9, 13], "rotation": 90, "texture": "#0"},
				"west": {"uv": [7.5, 11.5, 9, 13], "rotation": 90, "texture": "#0"},
				"up": {"uv": [7.5, 11.5, 9, 13], "rotation": 90, "texture": "#0"},
				"down": {"uv": [7.5, 11.5, 9, 13], "rotation": 90, "texture": "#0"}
			}
		},
		{
			"from": [11.3125, 10, 17],
			"to": [12.3125, 11, 17],
			"rotation": {"angle": 45, "axis": "z", "origin": [11.8125, 10.5, 17]},
			"faces": {
				"north": {"uv": [6.5, 14.5, 8, 13], "rotation": 90, "texture": "#0"},
				"east": {"uv": [6.5, 13, 8, 14.5], "rotation": 90, "texture": "#0"},
				"south": {"uv": [6.5, 13, 8, 14.5], "rotation": 90, "texture": "#0"},
				"west": {"uv": [6.5, 13, 8, 14.5], "rotation": 90, "texture": "#0"},
				"up": {"uv": [6.5, 13, 8, 14.5], "rotation": 90, "texture": "#0"},
				"down": {"uv": [6.5, 13, 8, 14.5], "rotation": 90, "texture": "#0"}
			}
		},
		{
			"from": [14.3125, 5, 17],
			"to": [15.3125, 6, 17],
			"rotation": {"angle": 0, "axis": "z", "origin": [8.15625, 8.15625, 17]},
			"faces": {
				"north": {"uv": [6.5, 14.5, 8, 13], "rotation": 90, "texture": "#0"},
				"east": {"uv": [6.5, 13, 8, 14.5], "rotation": 90, "texture": "#0"},
				"south": {"uv": [6.5, 13, 8, 14.5], "rotation": 90, "texture": "#0"},
				"west": {"uv": [6.5, 13, 8, 14.5], "rotation": 90, "texture": "#0"},
				"up": {"uv": [6.5, 13, 8, 14.5], "rotation": 90, "texture": "#0"},
				"down": {"uv": [6.5, 13, 8, 14.5], "rotation": 90, "texture": "#0"}
			}
		},
		{
			"from": [2.3125, 10, 17],
			"to": [3.3125, 11, 17],
			"rotation": {"angle": 0, "axis": "z", "origin": [8.15625, 8.15625, 17]},
			"faces": {
				"north": {"uv": [6.5, 14.5, 8, 13], "rotation": 90, "texture": "#0"},
				"east": {"uv": [6.5, 13, 8, 14.5], "rotation": 90, "texture": "#0"},
				"south": {"uv": [6.5, 13, 8, 14.5], "rotation": 90, "texture": "#0"},
				"west": {"uv": [6.5, 13, 8, 14.5], "rotation": 90, "texture": "#0"},
				"up": {"uv": [6.5, 13, 8, 14.5], "rotation": 90, "texture": "#0"},
				"down": {"uv": [6.5, 13, 8, 14.5], "rotation": 90, "texture": "#0"}
			}
		},
		{
			"from": [13.3125, 12, 17],
			"to": [15.3125, 14, 17],
			"rotation": {"angle": 0, "axis": "z", "origin": [8.15625, 8.15625, 17]},
			"faces": {
				"north": {"uv": [11, 0.5, 15.5, 5], "rotation": 90, "texture": "#0"},
				"east": {"uv": [11, 0.5, 15.5, 5], "rotation": 270, "texture": "#0"},
				"south": {"uv": [11, 0.5, 15.5, 5], "rotation": 270, "texture": "#0"},
				"west": {"uv": [11, 0.5, 15.5, 5], "rotation": 270, "texture": "#0"},
				"up": {"uv": [11, 0.5, 15.5, 5], "rotation": 270, "texture": "#0"},
				"down": {"uv": [11, 0.5, 15.5, 5], "rotation": 270, "texture": "#0"}
			}
		},
		{
			"from": [7.3125, 2, 17],
			"to": [9.3125, 4, 17],
			"rotation": {"angle": 45, "axis": "z", "origin": [8.3125, 3, 17]},
			"faces": {
				"north": {"uv": [11, 0.5, 15.5, 5], "rotation": 90, "texture": "#0"},
				"east": {"uv": [11, 0.5, 15.5, 5], "rotation": 270, "texture": "#0"},
				"south": {"uv": [11, 0.5, 15.5, 5], "rotation": 270, "texture": "#0"},
				"west": {"uv": [11, 0.5, 15.5, 5], "rotation": 270, "texture": "#0"},
				"up": {"uv": [11, 0.5, 15.5, 5], "rotation": 270, "texture": "#0"},
				"down": {"uv": [11, 0.5, 15.5, 5], "rotation": 270, "texture": "#0"}
			}
		},
		{
			"from": [1.3125, 12, 17],
			"to": [4.3125, 15, 17],
			"rotation": {"angle": -45, "axis": "z", "origin": [2.8125, 13.5, 17]},
			"faces": {
				"north": {"uv": [10, 10.5, 15.5, 16], "rotation": 90, "texture": "#0"},
				"east": {"uv": [10, 10.5, 15.5, 16], "rotation": 270, "texture": "#0"},
				"south": {"uv": [10, 10.5, 15.5, 16], "rotation": 270, "texture": "#0"},
				"west": {"uv": [10, 10.5, 15.5, 16], "rotation": 270, "texture": "#0"},
				"up": {"uv": [10, 10.5, 15.5, 16], "rotation": 270, "texture": "#0"},
				"down": {"uv": [10, 10.5, 15.5, 16], "rotation": 270, "texture": "#0"}
			}
		},
		{
			"from": [5.3125, 5, 17],
			"to": [8.3125, 8, 17],
			"rotation": {"angle": 0, "axis": "z", "origin": [8.15625, 8.15625, 17]},
			"faces": {
				"north": {"uv": [10, 10.5, 15.5, 16], "rotation": 90, "texture": "#0"},
				"east": {"uv": [10, 10.5, 15.5, 16], "rotation": 270, "texture": "#0"},
				"south": {"uv": [10, 10.5, 15.5, 16], "rotation": 270, "texture": "#0"},
				"west": {"uv": [10, 10.5, 15.5, 16], "rotation": 270, "texture": "#0"},
				"up": {"uv": [10, 10.5, 15.5, 16], "rotation": 270, "texture": "#0"},
				"down": {"uv": [10, 10.5, 15.5, 16], "rotation": 270, "texture": "#0"}
			}
		},
		{
			"from": [1, 17.15625, 1.15625],
			"to": [4, 17.15625, 4.15625],
			"rotation": {"angle": 0, "axis": "y", "origin": [8.15625, 17.15625, 8]},
			"faces": {
				"north": {"uv": [0, 0, 5.5, 5.5], "rotation": 180, "texture": "#0"},
				"east": {"uv": [0, 0, 5.5, 5.5], "rotation": 90, "texture": "#0"},
				"south": {"uv": [0, 0, 5.5, 5.5], "texture": "#0"},
				"west": {"uv": [0, 0, 5.5, 5.5], "rotation": 270, "texture": "#0"},
				"up": {"uv": [0, 0, 5.5, 5.5], "texture": "#0"},
				"down": {"uv": [0, 0, 5.5, 5.5], "rotation": 180, "texture": "#0"}
			}
		},
		{
			"from": [6, 17.15625, 10.15625],
			"to": [9, 17.15625, 13.15625],
			"rotation": {"angle": 22.5, "axis": "y", "origin": [7.5, 17.15625, 11.65625]},
			"faces": {
				"north": {"uv": [0, 0, 5.5, 5.5], "rotation": 180, "texture": "#0"},
				"east": {"uv": [0, 0, 5.5, 5.5], "rotation": 90, "texture": "#0"},
				"south": {"uv": [0, 0, 5.5, 5.5], "texture": "#0"},
				"west": {"uv": [0, 0, 5.5, 5.5], "rotation": 270, "texture": "#0"},
				"up": {"uv": [0, 0, 5.5, 5.5], "texture": "#0"},
				"down": {"uv": [0, 0, 5.5, 5.5], "rotation": 180, "texture": "#0"}
			}
		},
		{
			"from": [13, 17.15625, 10.15625],
			"to": [15, 17.15625, 12.15625],
			"rotation": {"angle": 22.5, "axis": "y", "origin": [14, 17.15625, 11.15625]},
			"faces": {
				"north": {"uv": [6, 0.5, 10.5, 5], "rotation": 180, "texture": "#0"},
				"east": {"uv": [6, 0.5, 10.5, 5], "rotation": 90, "texture": "#0"},
				"south": {"uv": [6, 0.5, 10.5, 5], "texture": "#0"},
				"west": {"uv": [6, 0.5, 10.5, 5], "rotation": 270, "texture": "#0"},
				"up": {"uv": [6, 0.5, 10.5, 5], "texture": "#0"},
				"down": {"uv": [6, 0.5, 10.5, 5], "rotation": 180, "texture": "#0"}
			}
		},
		{
			"from": [1, 17.15625, 12.15625],
			"to": [4, 17.15625, 15.15625],
			"rotation": {"angle": 0, "axis": "y", "origin": [8.15625, 17.15625, 8]},
			"faces": {
				"north": {"uv": [0, 6, 5.5, 11.5], "rotation": 180, "texture": "#0"},
				"east": {"uv": [0, 6, 5.5, 11.5], "rotation": 90, "texture": "#0"},
				"south": {"uv": [0, 6, 5.5, 11.5], "texture": "#0"},
				"west": {"uv": [0, 6, 5.5, 11.5], "rotation": 270, "texture": "#0"},
				"up": {"uv": [0, 6, 5.5, 11.5], "texture": "#0"},
				"down": {"uv": [0, 6, 5.5, 11.5], "rotation": 180, "texture": "#0"}
			}
		},
		{
			"from": [6, 17.15625, 0.15625],
			"to": [8, 17.15625, 2.15625],
			"rotation": {"angle": 0, "axis": "y", "origin": [8.15625, 17.15625, 8]},
			"faces": {
				"north": {"uv": [6, 6, 10.5, 10.5], "rotation": 180, "texture": "#0"},
				"east": {"uv": [6, 6, 10.5, 10.5], "rotation": 90, "texture": "#0"},
				"south": {"uv": [6, 6, 10.5, 10.5], "texture": "#0"},
				"west": {"uv": [6, 6, 10.5, 10.5], "rotation": 270, "texture": "#0"},
				"up": {"uv": [6, 6, 10.5, 10.5], "texture": "#0"},
				"down": {"uv": [6, 6, 10.5, 10.5], "rotation": 180, "texture": "#0"}
			}
		},
		{
			"from": [11, 17.15625, 7.15625],
			"to": [13, 17.15625, 9.15625],
			"rotation": {"angle": 0, "axis": "y", "origin": [8.15625, 17.15625, 8]},
			"faces": {
				"north": {"uv": [6, 6, 10.5, 10.5], "rotation": 180, "texture": "#0"},
				"east": {"uv": [6, 6, 10.5, 10.5], "rotation": 90, "texture": "#0"},
				"south": {"uv": [6, 6, 10.5, 10.5], "texture": "#0"},
				"west": {"uv": [6, 6, 10.5, 10.5], "rotation": 270, "texture": "#0"},
				"up": {"uv": [6, 6, 10.5, 10.5], "texture": "#0"},
				"down": {"uv": [6, 6, 10.5, 10.5], "rotation": 180, "texture": "#0"}
			}
		},
		{
			"from": [5, 17.15625, 2.15625],
			"to": [6, 17.15625, 3.15625],
			"rotation": {"angle": 22.5, "axis": "y", "origin": [5.5, 17.15625, 2.65625]},
			"faces": {
				"north": {"uv": [7.5, 11.5, 9, 13], "rotation": 180, "texture": "#0"},
				"east": {"uv": [7.5, 11.5, 9, 13], "rotation": 180, "texture": "#0"},
				"south": {"uv": [7.5, 11.5, 9, 13], "rotation": 180, "texture": "#0"},
				"west": {"uv": [7.5, 11.5, 9, 13], "rotation": 180, "texture": "#0"},
				"up": {"uv": [7.5, 11.5, 9, 13], "rotation": 180, "texture": "#0"},
				"down": {"uv": [9, 11.5, 7.5, 13], "rotation": 180, "texture": "#0"}
			}
		},
		{
			"from": [2, 17.15625, 10.15625],
			"to": [3, 17.15625, 11.15625],
			"rotation": {"angle": 0, "axis": "y", "origin": [8.15625, 17.15625, 8]},
			"faces": {
				"north": {"uv": [7.5, 11.5, 9, 13], "rotation": 180, "texture": "#0"},
				"east": {"uv": [7.5, 11.5, 9, 13], "rotation": 180, "texture": "#0"},
				"south": {"uv": [7.5, 11.5, 9, 13], "rotation": 180, "texture": "#0"},
				"west": {"uv": [7.5, 11.5, 9, 13], "rotation": 180, "texture": "#0"},
				"up": {"uv": [7.5, 11.5, 9, 13], "rotation": 180, "texture": "#0"},
				"down": {"uv": [9, 11.5, 7.5, 13], "rotation": 180, "texture": "#0"}
			}
		},
		{
			"from": [14, 17.15625, 5.15625],
			"to": [15, 17.15625, 6.15625],
			"rotation": {"angle": 0, "axis": "y", "origin": [8.15625, 17.15625, 8]},
			"faces": {
				"north": {"uv": [7.5, 11.5, 9, 13], "rotation": 180, "texture": "#0"},
				"east": {"uv": [7.5, 11.5, 9, 13], "rotation": 180, "texture": "#0"},
				"south": {"uv": [7.5, 11.5, 9, 13], "rotation": 180, "texture": "#0"},
				"west": {"uv": [7.5, 11.5, 9, 13], "rotation": 180, "texture": "#0"},
				"up": {"uv": [7.5, 11.5, 9, 13], "rotation": 180, "texture": "#0"},
				"down": {"uv": [9, 11.5, 7.5, 13], "rotation": 180, "texture": "#0"}
			}
		},
		{
			"from": [10, 17.15625, 11.15625],
			"to": [11, 17.15625, 12.15625],
			"rotation": {"angle": 0, "axis": "y", "origin": [8.15625, 17.15625, 8]},
			"faces": {
				"north": {"uv": [6.5, 13, 8, 14.5], "rotation": 180, "texture": "#0"},
				"east": {"uv": [6.5, 13, 8, 14.5], "rotation": 180, "texture": "#0"},
				"south": {"uv": [6.5, 13, 8, 14.5], "rotation": 180, "texture": "#0"},
				"west": {"uv": [6.5, 13, 8, 14.5], "rotation": 180, "texture": "#0"},
				"up": {"uv": [6.5, 13, 8, 14.5], "rotation": 180, "texture": "#0"},
				"down": {"uv": [8, 13, 6.5, 14.5], "rotation": 180, "texture": "#0"}
			}
		},
		{
			"from": [5, 17.15625, 14.15625],
			"to": [6, 17.15625, 15.15625],
			"rotation": {"angle": 0, "axis": "y", "origin": [8.15625, 17.15625, 8]},
			"faces": {
				"north": {"uv": [6.5, 13, 8, 14.5], "rotation": 180, "texture": "#0"},
				"east": {"uv": [6.5, 13, 8, 14.5], "rotation": 180, "texture": "#0"},
				"south": {"uv": [6.5, 13, 8, 14.5], "rotation": 180, "texture": "#0"},
				"west": {"uv": [6.5, 13, 8, 14.5], "rotation": 180, "texture": "#0"},
				"up": {"uv": [6.5, 13, 8, 14.5], "rotation": 180, "texture": "#0"},
				"down": {"uv": [8, 13, 6.5, 14.5], "rotation": 180, "texture": "#0"}
			}
		},
		{
			"from": [10, 17.15625, 2.15625],
			"to": [11, 17.15625, 3.15625],
			"rotation": {"angle": 0, "axis": "y", "origin": [8.15625, 17.15625, 8]},
			"faces": {
				"north": {"uv": [6.5, 13, 8, 14.5], "rotation": 180, "texture": "#0"},
				"east": {"uv": [6.5, 13, 8, 14.5], "rotation": 180, "texture": "#0"},
				"south": {"uv": [6.5, 13, 8, 14.5], "rotation": 180, "texture": "#0"},
				"west": {"uv": [6.5, 13, 8, 14.5], "rotation": 180, "texture": "#0"},
				"up": {"uv": [6.5, 13, 8, 14.5], "rotation": 180, "texture": "#0"},
				"down": {"uv": [8, 13, 6.5, 14.5], "rotation": 180, "texture": "#0"}
			}
		},
		{
			"from": [12, 17.15625, 13.15625],
			"to": [14, 17.15625, 15.15625],
			"rotation": {"angle": 0, "axis": "y", "origin": [8.15625, 17.15625, 8]},
			"faces": {
				"north": {"uv": [11, 0.5, 15.5, 5], "rotation": 180, "texture": "#0"},
				"east": {"uv": [11, 0.5, 15.5, 5], "rotation": 90, "texture": "#0"},
				"south": {"uv": [11, 0.5, 15.5, 5], "texture": "#0"},
				"west": {"uv": [11, 0.5, 15.5, 5], "rotation": 270, "texture": "#0"},
				"up": {"uv": [11, 0.5, 15.5, 5], "texture": "#0"},
				"down": {"uv": [11, 0.5, 15.5, 5], "rotation": 180, "texture": "#0"}
			}
		},
		{
			"from": [2, 17.15625, 7.15625],
			"to": [4, 17.15625, 9.15625],
			"rotation": {"angle": 0, "axis": "y", "origin": [8.15625, 17.15625, 8]},
			"faces": {
				"north": {"uv": [11, 0.5, 15.5, 5], "rotation": 180, "texture": "#0"},
				"east": {"uv": [11, 0.5, 15.5, 5], "rotation": 90, "texture": "#0"},
				"south": {"uv": [11, 0.5, 15.5, 5], "texture": "#0"},
				"west": {"uv": [11, 0.5, 15.5, 5], "rotation": 270, "texture": "#0"},
				"up": {"uv": [11, 0.5, 15.5, 5], "texture": "#0"},
				"down": {"uv": [11, 0.5, 15.5, 5], "rotation": 180, "texture": "#0"}
			}
		},
		{
			"from": [12, 17.15625, 1.15625],
			"to": [15, 17.15625, 4.15625],
			"rotation": {"angle": -45, "axis": "y", "origin": [13.5, 17.15625, 2.65625]},
			"faces": {
				"north": {"uv": [10, 10.5, 15.5, 16], "rotation": 180, "texture": "#0"},
				"east": {"uv": [10, 10.5, 15.5, 16], "rotation": 90, "texture": "#0"},
				"south": {"uv": [10, 10.5, 15.5, 16], "texture": "#0"},
				"west": {"uv": [10, 10.5, 15.5, 16], "rotation": 270, "texture": "#0"},
				"up": {"uv": [10, 10.5, 15.5, 16], "texture": "#0"},
				"down": {"uv": [10, 10.5, 15.5, 16], "rotation": 180, "texture": "#0"}
			}
		},
		{
			"from": [5, 17.15625, 5.15625],
			"to": [8, 17.15625, 8.15625],
			"rotation": {"angle": 22.5, "axis": "y", "origin": [6.5, 17.15625, 6.65625]},
			"faces": {
				"north": {"uv": [10, 10.5, 15.5, 16], "rotation": 180, "texture": "#0"},
				"east": {"uv": [10, 10.5, 15.5, 16], "rotation": 90, "texture": "#0"},
				"south": {"uv": [10, 10.5, 15.5, 16], "texture": "#0"},
				"west": {"uv": [10, 10.5, 15.5, 16], "rotation": 270, "texture": "#0"},
				"up": {"uv": [10, 10.5, 15.5, 16], "texture": "#0"},
				"down": {"uv": [10, 10.5, 15.5, 16], "rotation": 180, "texture": "#0"}
			}
		},
		{
			"from": [17.15625, 1.0625, 1.21875],
			"to": [17.15625, 4.0625, 4.21875],
			"rotation": {"angle": -22.5, "axis": "x", "origin": [17.15625, 2.5625, 2.71875]},
			"faces": {
				"north": {"uv": [0, 0, 5.5, 5.5], "rotation": 270, "texture": "#0"},
				"east": {"uv": [0, 0, 5.5, 5.5], "rotation": 90, "texture": "#0"},
				"south": {"uv": [0, 0, 5.5, 5.5], "rotation": 270, "texture": "#0"},
				"west": {"uv": [0, 0, 5.5, 5.5], "rotation": 270, "texture": "#0"},
				"up": {"uv": [0, 0, 5.5, 5.5], "texture": "#0"},
				"down": {"uv": [0, 0, 5.5, 5.5], "rotation": 180, "texture": "#0"}
			}
		},
		{
			"from": [17.15625, 6.0625, 10.21875],
			"to": [17.15625, 9.0625, 13.21875],
			"rotation": {"angle": 0, "axis": "x", "origin": [17.15625, 8.21875, 8]},
			"faces": {
				"north": {"uv": [0, 0, 5.5, 5.5], "rotation": 270, "texture": "#0"},
				"east": {"uv": [0, 0, 5.5, 5.5], "rotation": 90, "texture": "#0"},
				"south": {"uv": [0, 0, 5.5, 5.5], "rotation": 270, "texture": "#0"},
				"west": {"uv": [0, 0, 5.5, 5.5], "rotation": 270, "texture": "#0"},
				"up": {"uv": [0, 0, 5.5, 5.5], "texture": "#0"},
				"down": {"uv": [0, 0, 5.5, 5.5], "rotation": 180, "texture": "#0"}
			}
		},
		{
			"from": [17.15625, 14.0625, 10.21875],
			"to": [17.15625, 16.0625, 12.21875],
			"rotation": {"angle": 0, "axis": "x", "origin": [17.15625, 8.21875, 8]},
			"faces": {
				"north": {"uv": [6, 0.5, 10.5, 5], "rotation": 270, "texture": "#0"},
				"east": {"uv": [6, 0.5, 10.5, 5], "rotation": 90, "texture": "#0"},
				"south": {"uv": [6, 0.5, 10.5, 5], "rotation": 270, "texture": "#0"},
				"west": {"uv": [6, 0.5, 10.5, 5], "rotation": 270, "texture": "#0"},
				"up": {"uv": [6, 0.5, 10.5, 5], "texture": "#0"},
				"down": {"uv": [6, 0.5, 10.5, 5], "rotation": 180, "texture": "#0"}
			}
		},
		{
			"from": [17.15625, 1.0625, 12.21875],
			"to": [17.15625, 4.0625, 15.21875],
			"rotation": {"angle": -22.5, "axis": "x", "origin": [17.15625, 2.5625, 13.71875]},
			"faces": {
				"north": {"uv": [0, 6, 5.5, 11.5], "texture": "#0"},
				"east": {"uv": [0, 6, 5.5, 11.5], "texture": "#0"},
				"south": {"uv": [0, 6, 5.5, 11.5], "texture": "#0"},
				"west": {"uv": [0, 6, 5.5, 11.5], "texture": "#0"},
				"up": {"uv": [0, 6, 5.5, 11.5], "rotation": 90, "texture": "#0"},
				"down": {"uv": [0, 6, 5.5, 11.5], "rotation": 270, "texture": "#0"}
			}
		},
		{
			"from": [17.15625, 7.0625, 4.21875],
			"to": [17.15625, 10.0625, 7.21875],
			"rotation": {"angle": 22.5, "axis": "x", "origin": [17.15625, 8.5625, 5.71875]},
			"faces": {
				"north": {"uv": [0, 6, 5.5, 11.5], "rotation": 270, "texture": "#0"},
				"east": {"uv": [0, 6, 5.5, 11.5], "rotation": 90, "texture": "#0"},
				"south": {"uv": [0, 6, 5.5, 11.5], "rotation": 270, "texture": "#0"},
				"west": {"uv": [0, 6, 5.5, 11.5], "rotation": 270, "texture": "#0"},
				"up": {"uv": [0, 6, 5.5, 11.5], "texture": "#0"},
				"down": {"uv": [0, 6, 5.5, 11.5], "rotation": 180, "texture": "#0"}
			}
		},
		{
			"from": [17.15625, 6.0625, 0.21875],
			"to": [17.15625, 8.0625, 2.21875],
			"rotation": {"angle": 0, "axis": "x", "origin": [17.15625, 8.21875, 8]},
			"faces": {
				"north": {"uv": [6, 6, 10.5, 10.5], "rotation": 270, "texture": "#0"},
				"east": {"uv": [6, 6, 10.5, 10.5], "rotation": 90, "texture": "#0"},
				"south": {"uv": [6, 6, 10.5, 10.5], "rotation": 270, "texture": "#0"},
				"west": {"uv": [6, 6, 10.5, 10.5], "rotation": 270, "texture": "#0"},
				"up": {"uv": [6, 6, 10.5, 10.5], "texture": "#0"},
				"down": {"uv": [6, 6, 10.5, 10.5], "rotation": 180, "texture": "#0"}
			}
		},
		{
			"from": [17.15625, 11.0625, 7.21875],
			"to": [17.15625, 13.0625, 9.21875],
			"rotation": {"angle": 0, "axis": "x", "origin": [17.15625, 8.21875, 8]},
			"faces": {
				"north": {"uv": [6, 6, 10.5, 10.5], "rotation": 270, "texture": "#0"},
				"east": {"uv": [6, 6, 10.5, 10.5], "rotation": 90, "texture": "#0"},
				"south": {"uv": [6, 6, 10.5, 10.5], "rotation": 270, "texture": "#0"},
				"west": {"uv": [6, 6, 10.5, 10.5], "rotation": 270, "texture": "#0"},
				"up": {"uv": [6, 6, 10.5, 10.5], "texture": "#0"},
				"down": {"uv": [6, 6, 10.5, 10.5], "rotation": 180, "texture": "#0"}
			}
		},
		{
			"from": [17.15625, 5.0625, 2.21875],
			"to": [17.15625, 6.0625, 3.21875],
			"rotation": {"angle": 0, "axis": "x", "origin": [17.15625, 8.21875, 8]},
			"faces": {
				"north": {"uv": [7.5, 11.5, 9, 13], "rotation": 90, "texture": "#0"},
				"east": {"uv": [7.5, 11.5, 9, 13], "rotation": 90, "texture": "#0"},
				"south": {"uv": [7.5, 11.5, 9, 13], "rotation": 90, "texture": "#0"},
				"west": {"uv": [7.5, 13, 9, 11.5], "rotation": 90, "texture": "#0"},
				"up": {"uv": [7.5, 11.5, 9, 13], "rotation": 90, "texture": "#0"},
				"down": {"uv": [7.5, 11.5, 9, 13], "rotation": 90, "texture": "#0"}
			}
		},
		{
			"from": [17.15625, 2.0625, 10.21875],
			"to": [17.15625, 3.0625, 11.21875],
			"rotation": {"angle": 0, "axis": "x", "origin": [17.15625, 2.5625, 10.71875]},
			"faces": {
				"north": {"uv": [7.5, 11.5, 9, 13], "rotation": 180, "texture": "#0"},
				"east": {"uv": [7.5, 11.5, 9, 13], "rotation": 180, "texture": "#0"},
				"south": {"uv": [7.5, 11.5, 9, 13], "rotation": 180, "texture": "#0"},
				"west": {"uv": [7.5, 13, 9, 11.5], "rotation": 180, "texture": "#0"},
				"up": {"uv": [7.5, 11.5, 9, 13], "rotation": 180, "texture": "#0"},
				"down": {"uv": [7.5, 11.5, 9, 13], "rotation": 180, "texture": "#0"}
			}
		},
		{
			"from": [17.15625, 14.0625, 5.21875],
			"to": [17.15625, 15.0625, 6.21875],
			"rotation": {"angle": -22.5, "axis": "x", "origin": [17.15625, 14.5625, 5.71875]},
			"faces": {
				"north": {"uv": [7.5, 11.5, 9, 13], "texture": "#0"},
				"east": {"uv": [7.5, 11.5, 9, 13], "texture": "#0"},
				"south": {"uv": [7.5, 11.5, 9, 13], "texture": "#0"},
				"west": {"uv": [7.5, 13, 9, 11.5], "texture": "#0"},
				"up": {"uv": [7.5, 11.5, 9, 13], "texture": "#0"},
				"down": {"uv": [7.5, 11.5, 9, 13], "texture": "#0"}
			}
		},
		{
			"from": [17.15625, 10.0625, 11.21875],
			"to": [17.15625, 11.0625, 12.21875],
			"rotation": {"angle": 22.5, "axis": "x", "origin": [17.15625, 10.5625, 11.71875]},
			"faces": {
				"north": {"uv": [6.5, 13, 8, 14.5], "rotation": 180, "texture": "#0"},
				"east": {"uv": [6.5, 13, 8, 14.5], "rotation": 180, "texture": "#0"},
				"south": {"uv": [6.5, 13, 8, 14.5], "rotation": 180, "texture": "#0"},
				"west": {"uv": [6.5, 14.5, 8, 13], "rotation": 180, "texture": "#0"},
				"up": {"uv": [6.5, 13, 8, 14.5], "rotation": 180, "texture": "#0"},
				"down": {"uv": [6.5, 13, 8, 14.5], "rotation": 180, "texture": "#0"}
			}
		},
		{
			"from": [17.15625, 5.0625, 14.21875],
			"to": [17.15625, 6.0625, 15.21875],
			"rotation": {"angle": 0, "axis": "x", "origin": [17.15625, 8.21875, 8]},
			"faces": {
				"north": {"uv": [6.5, 13, 8, 14.5], "rotation": 90, "texture": "#0"},
				"east": {"uv": [6.5, 13, 8, 14.5], "rotation": 90, "texture": "#0"},
				"south": {"uv": [6.5, 13, 8, 14.5], "rotation": 90, "texture": "#0"},
				"west": {"uv": [6.5, 14.5, 8, 13], "rotation": 90, "texture": "#0"},
				"up": {"uv": [6.5, 13, 8, 14.5], "rotation": 90, "texture": "#0"},
				"down": {"uv": [6.5, 13, 8, 14.5], "rotation": 90, "texture": "#0"}
			}
		},
		{
			"from": [17.15625, 10.0625, 2.21875],
			"to": [17.15625, 11.0625, 3.21875],
			"rotation": {"angle": 45, "axis": "x", "origin": [17.15625, 10.5625, 2.71875]},
			"faces": {
				"north": {"uv": [6.5, 13, 8, 14.5], "rotation": 90, "texture": "#0"},
				"east": {"uv": [6.5, 13, 8, 14.5], "rotation": 90, "texture": "#0"},
				"south": {"uv": [6.5, 13, 8, 14.5], "rotation": 90, "texture": "#0"},
				"west": {"uv": [6.5, 14.5, 8, 13], "rotation": 90, "texture": "#0"},
				"up": {"uv": [6.5, 13, 8, 14.5], "rotation": 90, "texture": "#0"},
				"down": {"uv": [6.5, 13, 8, 14.5], "rotation": 90, "texture": "#0"}
			}
		},
		{
			"from": [17.15625, 9.0625, 13.21875],
			"to": [17.15625, 11.0625, 15.21875],
			"rotation": {"angle": -45, "axis": "x", "origin": [17.15625, 10.0625, 14.21875]},
			"faces": {
				"north": {"uv": [11, 0.5, 15.5, 5], "rotation": 270, "texture": "#0"},
				"east": {"uv": [11, 0.5, 15.5, 5], "rotation": 90, "texture": "#0"},
				"south": {"uv": [11, 0.5, 15.5, 5], "rotation": 270, "texture": "#0"},
				"west": {"uv": [11, 0.5, 15.5, 5], "rotation": 270, "texture": "#0"},
				"up": {"uv": [11, 0.5, 15.5, 5], "texture": "#0"},
				"down": {"uv": [11, 0.5, 15.5, 5], "rotation": 180, "texture": "#0"}
			}
		},
		{
			"from": [17.15625, 2.0625, 7.21875],
			"to": [17.15625, 4.0625, 9.21875],
			"rotation": {"angle": 22.5, "axis": "x", "origin": [17.15625, 3.0625, 8.21875]},
			"faces": {
				"north": {"uv": [11, 0.5, 15.5, 5], "rotation": 270, "texture": "#0"},
				"east": {"uv": [11, 0.5, 15.5, 5], "rotation": 90, "texture": "#0"},
				"south": {"uv": [11, 0.5, 15.5, 5], "rotation": 270, "texture": "#0"},
				"west": {"uv": [11, 0.5, 15.5, 5], "rotation": 270, "texture": "#0"},
				"up": {"uv": [11, 0.5, 15.5, 5], "texture": "#0"},
				"down": {"uv": [11, 0.5, 15.5, 5], "rotation": 180, "texture": "#0"}
			}
		},
		{
			"from": [17.15625, 12.0625, 1.21875],
			"to": [17.15625, 15.0625, 4.21875],
			"rotation": {"angle": 0, "axis": "x", "origin": [17.15625, 8.21875, 8]},
			"faces": {
				"north": {"uv": [10, 10.5, 15.5, 16], "rotation": 270, "texture": "#0"},
				"east": {"uv": [10, 10.5, 15.5, 16], "rotation": 90, "texture": "#0"},
				"south": {"uv": [10, 10.5, 15.5, 16], "rotation": 270, "texture": "#0"},
				"west": {"uv": [10, 10.5, 15.5, 16], "rotation": 270, "texture": "#0"},
				"up": {"uv": [10, 10.5, 15.5, 16], "texture": "#0"},
				"down": {"uv": [10, 10.5, 15.5, 16], "rotation": 180, "texture": "#0"}
			}
		},
		{
			"from": [-0.84375, 12.375, 11.78125],
			"to": [-0.84375, 15.375, 14.78125],
			"rotation": {"angle": -22.5, "axis": "x", "origin": [-0.84375, 13.875, 13.28125]},
			"faces": {
				"north": {"uv": [0, 0, 5.5, 5.5], "rotation": 90, "texture": "#0"},
				"east": {"uv": [0, 0, 5.5, 5.5], "rotation": 270, "texture": "#0"},
				"south": {"uv": [0, 0, 5.5, 5.5], "rotation": 90, "texture": "#0"},
				"west": {"uv": [0, 0, 5.5, 5.5], "rotation": 90, "texture": "#0"},
				"up": {"uv": [0, 0, 5.5, 5.5], "rotation": 180, "texture": "#0"},
				"down": {"uv": [0, 0, 5.5, 5.5], "texture": "#0"}
			}
		},
		{
			"from": [-0.84375, 7.375, 2.78125],
			"to": [-0.84375, 10.375, 5.78125],
			"rotation": {"angle": 22.5, "axis": "x", "origin": [-0.84375, 8.875, 4.28125]},
			"faces": {
				"north": {"uv": [0, 0, 5.5, 5.5], "rotation": 90, "texture": "#0"},
				"east": {"uv": [0, 0, 5.5, 5.5], "rotation": 270, "texture": "#0"},
				"south": {"uv": [0, 0, 5.5, 5.5], "rotation": 90, "texture": "#0"},
				"west": {"uv": [0, 0, 5.5, 5.5], "rotation": 90, "texture": "#0"},
				"up": {"uv": [0, 0, 5.5, 5.5], "rotation": 180, "texture": "#0"},
				"down": {"uv": [0, 0, 5.5, 5.5], "texture": "#0"}
			}
		},
		{
			"from": [-0.84375, 0.375, 3.78125],
			"to": [-0.84375, 2.375, 5.78125],
			"rotation": {"angle": 22.5, "axis": "x", "origin": [-0.84375, 1.375, 4.78125]},
			"faces": {
				"north": {"uv": [6, 0.5, 10.5, 5], "rotation": 90, "texture": "#0"},
				"east": {"uv": [6, 0.5, 10.5, 5], "rotation": 270, "texture": "#0"},
				"south": {"uv": [6, 0.5, 10.5, 5], "rotation": 90, "texture": "#0"},
				"west": {"uv": [6, 0.5, 10.5, 5], "rotation": 90, "texture": "#0"},
				"up": {"uv": [6, 0.5, 10.5, 5], "rotation": 180, "texture": "#0"},
				"down": {"uv": [6, 0.5, 10.5, 5], "texture": "#0"}
			}
		},
		{
			"from": [-0.84375, 12.375, 0.78125],
			"to": [-0.84375, 15.375, 3.78125],
			"rotation": {"angle": 22.5, "axis": "x", "origin": [-0.84375, 13.875, 2.28125]},
			"faces": {
				"north": {"uv": [0, 6, 5.5, 11.5], "rotation": 90, "texture": "#0"},
				"east": {"uv": [0, 6, 5.5, 11.5], "rotation": 270, "texture": "#0"},
				"south": {"uv": [0, 6, 5.5, 11.5], "rotation": 90, "texture": "#0"},
				"west": {"uv": [0, 6, 5.5, 11.5], "rotation": 90, "texture": "#0"},
				"up": {"uv": [0, 6, 5.5, 11.5], "rotation": 180, "texture": "#0"},
				"down": {"uv": [0, 6, 5.5, 11.5], "texture": "#0"}
			}
		},
		{
			"from": [-0.84375, 6.375, 8.78125],
			"to": [-0.84375, 9.375, 11.78125],
			"rotation": {"angle": 0, "axis": "x", "origin": [-0.84375, 8.21875, 8]},
			"faces": {
				"north": {"uv": [0, 6, 5.5, 11.5], "rotation": 90, "texture": "#0"},
				"east": {"uv": [0, 6, 5.5, 11.5], "rotation": 270, "texture": "#0"},
				"south": {"uv": [0, 6, 5.5, 11.5], "rotation": 90, "texture": "#0"},
				"west": {"uv": [0, 6, 5.5, 11.5], "rotation": 90, "texture": "#0"},
				"up": {"uv": [0, 6, 5.5, 11.5], "rotation": 180, "texture": "#0"},
				"down": {"uv": [0, 6, 5.5, 11.5], "texture": "#0"}
			}
		},
		{
			"from": [-0.84375, 7.375, 13.78125],
			"to": [-0.84375, 9.375, 15.78125],
			"rotation": {"angle": 0, "axis": "x", "origin": [-0.84375, 7.21875, 8]},
			"faces": {
				"north": {"uv": [6, 6, 10.5, 10.5], "rotation": 90, "texture": "#0"},
				"east": {"uv": [6, 6, 10.5, 10.5], "rotation": 270, "texture": "#0"},
				"south": {"uv": [6, 6, 10.5, 10.5], "rotation": 90, "texture": "#0"},
				"west": {"uv": [6, 6, 10.5, 10.5], "rotation": 90, "texture": "#0"},
				"up": {"uv": [6, 6, 10.5, 10.5], "rotation": 180, "texture": "#0"},
				"down": {"uv": [6, 6, 10.5, 10.5], "texture": "#0"}
			}
		},
		{
			"from": [-0.84375, 3.375, 6.78125],
			"to": [-0.84375, 5.375, 8.78125],
			"rotation": {"angle": -22.5, "axis": "x", "origin": [-0.84375, 4.375, 7.78125]},
			"faces": {
				"north": {"uv": [6, 6, 10.5, 10.5], "rotation": 90, "texture": "#0"},
				"east": {"uv": [6, 6, 10.5, 10.5], "rotation": 270, "texture": "#0"},
				"south": {"uv": [6, 6, 10.5, 10.5], "rotation": 90, "texture": "#0"},
				"west": {"uv": [6, 6, 10.5, 10.5], "rotation": 90, "texture": "#0"},
				"up": {"uv": [6, 6, 10.5, 10.5], "rotation": 180, "texture": "#0"},
				"down": {"uv": [6, 6, 10.5, 10.5], "texture": "#0"}
			}
		},
		{
			"from": [-0.84375, 10.375, 12.78125],
			"to": [-0.84375, 11.375, 13.78125],
			"rotation": {"angle": 0, "axis": "x", "origin": [-0.84375, 8.21875, 8]},
			"faces": {
				"north": {"uv": [7.5, 11.5, 9, 13], "rotation": 90, "texture": "#0"},
				"east": {"uv": [7.5, 13, 9, 11.5], "rotation": 90, "texture": "#0"},
				"south": {"uv": [7.5, 11.5, 9, 13], "rotation": 90, "texture": "#0"},
				"west": {"uv": [7.5, 11.5, 9, 13], "rotation": 90, "texture": "#0"},
				"up": {"uv": [7.5, 11.5, 9, 13], "rotation": 90, "texture": "#0"},
				"down": {"uv": [7.5, 11.5, 9, 13], "rotation": 90, "texture": "#0"}
			}
		},
		{
			"from": [-0.84375, 13.375, 4.78125],
			"to": [-0.84375, 14.375, 5.78125],
			"rotation": {"angle": 0, "axis": "x", "origin": [-0.84375, 8.21875, 8]},
			"faces": {
				"north": {"uv": [7.5, 11.5, 9, 13], "rotation": 270, "texture": "#0"},
				"east": {"uv": [7.5, 13, 9, 11.5], "rotation": 270, "texture": "#0"},
				"south": {"uv": [7.5, 11.5, 9, 13], "rotation": 270, "texture": "#0"},
				"west": {"uv": [7.5, 11.5, 9, 13], "rotation": 270, "texture": "#0"},
				"up": {"uv": [7.5, 11.5, 9, 13], "rotation": 270, "texture": "#0"},
				"down": {"uv": [7.5, 11.5, 9, 13], "rotation": 270, "texture": "#0"}
			}
		},
		{
			"from": [-0.84375, 1.375, 9.78125],
			"to": [-0.84375, 2.375, 10.78125],
			"rotation": {"angle": 0, "axis": "x", "origin": [-0.84375, 8.21875, 8]},
			"faces": {
				"north": {"uv": [7.5, 11.5, 9, 13], "rotation": 90, "texture": "#0"},
				"east": {"uv": [7.5, 13, 9, 11.5], "rotation": 90, "texture": "#0"},
				"south": {"uv": [7.5, 11.5, 9, 13], "rotation": 90, "texture": "#0"},
				"west": {"uv": [7.5, 11.5, 9, 13], "rotation": 90, "texture": "#0"},
				"up": {"uv": [7.5, 11.5, 9, 13], "rotation": 90, "texture": "#0"},
				"down": {"uv": [7.5, 11.5, 9, 13], "rotation": 90, "texture": "#0"}
			}
		},
		{
			"from": [-0.84375, 5.375, 3.78125],
			"to": [-0.84375, 6.375, 4.78125],
			"rotation": {"angle": 0, "axis": "x", "origin": [-0.84375, 8.21875, 8]},
			"faces": {
				"north": {"uv": [3.5, 13.5, 5, 15], "rotation": 90, "texture": "#0"},
				"east": {"uv": [3.5, 15, 5, 13.5], "rotation": 90, "texture": "#0"},
				"south": {"uv": [3.5, 13.5, 5, 15], "rotation": 90, "texture": "#0"},
				"west": {"uv": [3.5, 13.5, 5, 15], "rotation": 90, "texture": "#0"},
				"up": {"uv": [3.5, 13.5, 5, 15], "rotation": 90, "texture": "#0"},
				"down": {"uv": [3.5, 13.5, 5, 15], "rotation": 90, "texture": "#0"}
			}
		},
		{
			"from": [-0.84375, 10.375, 0.78125],
			"to": [-0.84375, 11.375, 1.78125],
			"rotation": {"angle": 0, "axis": "x", "origin": [-0.84375, 8.21875, 8]},
			"faces": {
				"north": {"uv": [0.5, 12.5, 2, 14], "rotation": 90, "texture": "#0"},
				"east": {"uv": [0.5, 14, 2, 12.5], "rotation": 90, "texture": "#0"},
				"south": {"uv": [0.5, 12.5, 2, 14], "rotation": 90, "texture": "#0"},
				"west": {"uv": [0.5, 12.5, 2, 14], "rotation": 90, "texture": "#0"},
				"up": {"uv": [0.5, 12.5, 2, 14], "rotation": 90, "texture": "#0"},
				"down": {"uv": [0.5, 12.5, 2, 14], "rotation": 90, "texture": "#0"}
			}
		},
		{
			"from": [-0.84375, 5.375, 12.78125],
			"to": [-0.84375, 6.375, 13.78125],
			"rotation": {"angle": 0, "axis": "x", "origin": [-0.84375, 8.21875, 8]},
			"faces": {
				"north": {"uv": [6.5, 13, 8, 14.5], "rotation": 270, "texture": "#0"},
				"east": {"uv": [6.5, 14.5, 8, 13], "rotation": 270, "texture": "#0"},
				"south": {"uv": [6.5, 13, 8, 14.5], "rotation": 270, "texture": "#0"},
				"west": {"uv": [6.5, 13, 8, 14.5], "rotation": 270, "texture": "#0"},
				"up": {"uv": [6.5, 13, 8, 14.5], "rotation": 270, "texture": "#0"},
				"down": {"uv": [6.5, 13, 8, 14.5], "rotation": 270, "texture": "#0"}
			}
		},
		{
			"from": [-0.84375, 5.375, 0.78125],
			"to": [-0.84375, 7.375, 2.78125],
			"rotation": {"angle": 0, "axis": "x", "origin": [-0.84375, 8.21875, 8]},
			"faces": {
				"north": {"uv": [11, 0.5, 15.5, 5], "rotation": 90, "texture": "#0"},
				"east": {"uv": [11, 0.5, 15.5, 5], "rotation": 270, "texture": "#0"},
				"south": {"uv": [11, 0.5, 15.5, 5], "rotation": 90, "texture": "#0"},
				"west": {"uv": [11, 0.5, 15.5, 5], "rotation": 90, "texture": "#0"},
				"up": {"uv": [11, 0.5, 15.5, 5], "rotation": 180, "texture": "#0"},
				"down": {"uv": [11, 0.5, 15.5, 5], "texture": "#0"}
			}
		},
		{
			"from": [-0.84375, 12.375, 6.78125],
			"to": [-0.84375, 14.375, 8.78125],
			"rotation": {"angle": 22.5, "axis": "x", "origin": [-0.84375, 13.375, 7.78125]},
			"faces": {
				"north": {"uv": [11, 0.5, 15.5, 5], "rotation": 90, "texture": "#0"},
				"east": {"uv": [11, 0.5, 15.5, 5], "rotation": 270, "texture": "#0"},
				"south": {"uv": [11, 0.5, 15.5, 5], "rotation": 90, "texture": "#0"},
				"west": {"uv": [11, 0.5, 15.5, 5], "rotation": 90, "texture": "#0"},
				"up": {"uv": [11, 0.5, 15.5, 5], "rotation": 180, "texture": "#0"},
				"down": {"uv": [11, 0.5, 15.5, 5], "texture": "#0"}
			}
		},
		{
			"from": [-0.84375, 1.375, 11.78125],
			"to": [-0.84375, 4.375, 14.78125],
			"rotation": {"angle": -22.5, "axis": "x", "origin": [-0.84375, 2.875, 13.28125]},
			"faces": {
				"north": {"uv": [10, 10.5, 15.5, 16], "rotation": 90, "texture": "#0"},
				"east": {"uv": [10, 10.5, 15.5, 16], "rotation": 270, "texture": "#0"},
				"south": {"uv": [10, 10.5, 15.5, 16], "rotation": 90, "texture": "#0"},
				"west": {"uv": [10, 10.5, 15.5, 16], "rotation": 90, "texture": "#0"},
				"up": {"uv": [10, 10.5, 15.5, 16], "rotation": 180, "texture": "#0"},
				"down": {"uv": [10, 10.5, 15.5, 16], "texture": "#0"}
			}
		},
		{
			"from": [12, -0.84375, 0.84375],
			"to": [15, -0.84375, 3.84375],
			"rotation": {"angle": -22.5, "axis": "y", "origin": [13.5, -0.84375, 2.34375]},
			"faces": {
				"north": {"uv": [0, 0, 5.5, 5.5], "rotation": 270, "texture": "#0"},
				"east": {"uv": [0, 0, 5.5, 5.5], "rotation": 180, "texture": "#0"},
				"south": {"uv": [0, 0, 5.5, 5.5], "rotation": 90, "texture": "#0"},
				"west": {"uv": [0, 0, 5.5, 5.5], "texture": "#0"},
				"up": {"uv": [0, 0, 5.5, 5.5], "rotation": 90, "texture": "#0"},
				"down": {"uv": [0, 0, 5.5, 5.5], "rotation": 90, "texture": "#0"}
			}
		},
		{
			"from": [3, -0.84375, 5.84375],
			"to": [6, -0.84375, 8.84375],
			"rotation": {"angle": -22.5, "axis": "y", "origin": [4.5, -0.84375, 7.34375]},
			"faces": {
				"north": {"uv": [0, 0, 5.5, 5.5], "rotation": 180, "texture": "#0"},
				"east": {"uv": [0, 0, 5.5, 5.5], "rotation": 90, "texture": "#0"},
				"south": {"uv": [0, 0, 5.5, 5.5], "texture": "#0"},
				"west": {"uv": [0, 0, 5.5, 5.5], "rotation": 270, "texture": "#0"},
				"up": {"uv": [0, 0, 5.5, 5.5], "texture": "#0"},
				"down": {"uv": [0, 0, 5.5, 5.5], "rotation": 180, "texture": "#0"}
			}
		},
		{
			"from": [4, -0.84375, 12.84375],
			"to": [6, -0.84375, 14.84375],
			"rotation": {"angle": 0, "axis": "y", "origin": [8.15625, -0.84375, 8]},
			"faces": {
				"north": {"uv": [6, 0.5, 10.5, 5], "rotation": 270, "texture": "#0"},
				"east": {"uv": [6, 0.5, 10.5, 5], "rotation": 180, "texture": "#0"},
				"south": {"uv": [6, 0.5, 10.5, 5], "rotation": 90, "texture": "#0"},
				"west": {"uv": [6, 0.5, 10.5, 5], "texture": "#0"},
				"up": {"uv": [6, 0.5, 10.5, 5], "rotation": 90, "texture": "#0"},
				"down": {"uv": [6, 0.5, 10.5, 5], "rotation": 90, "texture": "#0"}
			}
		},
		{
			"from": [1, -0.84375, 0.84375],
			"to": [4, -0.84375, 3.84375],
			"rotation": {"angle": 0, "axis": "y", "origin": [2.5, -0.84375, 2.34375]},
			"faces": {
				"north": {"uv": [0, 6, 5.5, 11.5], "rotation": 270, "texture": "#0"},
				"east": {"uv": [0, 6, 5.5, 11.5], "rotation": 180, "texture": "#0"},
				"south": {"uv": [0, 6, 5.5, 11.5], "rotation": 90, "texture": "#0"},
				"west": {"uv": [0, 6, 5.5, 11.5], "texture": "#0"},
				"up": {"uv": [0, 6, 5.5, 11.5], "rotation": 90, "texture": "#0"},
				"down": {"uv": [0, 6, 5.5, 11.5], "rotation": 90, "texture": "#0"}
			}
		},
		{
			"from": [14, -0.84375, 5.84375],
			"to": [16, -0.84375, 7.84375],
			"rotation": {"angle": 0, "axis": "y", "origin": [8.15625, -0.84375, 8]},
			"faces": {
				"north": {"uv": [6, 6, 10.5, 10.5], "rotation": 270, "texture": "#0"},
				"east": {"uv": [6, 6, 10.5, 10.5], "rotation": 180, "texture": "#0"},
				"south": {"uv": [6, 6, 10.5, 10.5], "rotation": 90, "texture": "#0"},
				"west": {"uv": [6, 6, 10.5, 10.5], "texture": "#0"},
				"up": {"uv": [6, 6, 10.5, 10.5], "rotation": 90, "texture": "#0"},
				"down": {"uv": [6, 6, 10.5, 10.5], "rotation": 90, "texture": "#0"}
			}
		},
		{
			"from": [7, -0.84375, 10.84375],
			"to": [9, -0.84375, 12.84375],
			"rotation": {"angle": -22.5, "axis": "y", "origin": [8, -0.84375, 11.84375]},
			"faces": {
				"north": {"uv": [6, 6, 10.5, 10.5], "rotation": 270, "texture": "#0"},
				"east": {"uv": [6, 6, 10.5, 10.5], "rotation": 180, "texture": "#0"},
				"south": {"uv": [6, 6, 10.5, 10.5], "rotation": 90, "texture": "#0"},
				"west": {"uv": [6, 6, 10.5, 10.5], "texture": "#0"},
				"up": {"uv": [6, 6, 10.5, 10.5], "rotation": 90, "texture": "#0"},
				"down": {"uv": [6, 6, 10.5, 10.5], "rotation": 90, "texture": "#0"}
			}
		},
		{
			"from": [13, -0.84375, 4.84375],
			"to": [14, -0.84375, 5.84375],
			"rotation": {"angle": -45, "axis": "y", "origin": [13.5, -0.84375, 5.34375]},
			"faces": {
				"north": {"uv": [7.5, 11.5, 9, 13], "rotation": 90, "texture": "#0"},
				"east": {"uv": [7.5, 11.5, 9, 13], "rotation": 90, "texture": "#0"},
				"south": {"uv": [7.5, 11.5, 9, 13], "rotation": 90, "texture": "#0"},
				"west": {"uv": [7.5, 11.5, 9, 13], "rotation": 90, "texture": "#0"},
				"up": {"uv": [9, 11.5, 7.5, 13], "rotation": 90, "texture": "#0"},
				"down": {"uv": [7.5, 11.5, 9, 13], "rotation": 90, "texture": "#0"}
			}
		},
		{
			"from": [5, -0.84375, 1.84375],
			"to": [6, -0.84375, 2.84375],
			"rotation": {"angle": 0, "axis": "y", "origin": [8.15625, -0.84375, 8]},
			"faces": {
				"north": {"uv": [7.5, 11.5, 9, 13], "rotation": 90, "texture": "#0"},
				"east": {"uv": [7.5, 11.5, 9, 13], "rotation": 90, "texture": "#0"},
				"south": {"uv": [7.5, 11.5, 9, 13], "rotation": 90, "texture": "#0"},
				"west": {"uv": [7.5, 11.5, 9, 13], "rotation": 90, "texture": "#0"},
				"up": {"uv": [9, 11.5, 7.5, 13], "rotation": 90, "texture": "#0"},
				"down": {"uv": [7.5, 11.5, 9, 13], "rotation": 90, "texture": "#0"}
			}
		},
		{
			"from": [10, -0.84375, 13.84375],
			"to": [11, -0.84375, 14.84375],
			"rotation": {"angle": 0, "axis": "y", "origin": [8.15625, -0.84375, 8]},
			"faces": {
				"north": {"uv": [7.5, 11.5, 9, 13], "rotation": 90, "texture": "#0"},
				"east": {"uv": [7.5, 11.5, 9, 13], "rotation": 90, "texture": "#0"},
				"south": {"uv": [7.5, 11.5, 9, 13], "rotation": 90, "texture": "#0"},
				"west": {"uv": [7.5, 11.5, 9, 13], "rotation": 90, "texture": "#0"},
				"up": {"uv": [9, 11.5, 7.5, 13], "rotation": 90, "texture": "#0"},
				"down": {"uv": [7.5, 11.5, 9, 13], "rotation": 90, "texture": "#0"}
			}
		},
		{
			"from": [4, -0.84375, 9.84375],
			"to": [5, -0.84375, 10.84375],
			"rotation": {"angle": 0, "axis": "y", "origin": [8.15625, -0.84375, 8]},
			"faces": {
				"north": {"uv": [6.5, 13, 8, 14.5], "rotation": 90, "texture": "#0"},
				"east": {"uv": [6.5, 13, 8, 14.5], "rotation": 90, "texture": "#0"},
				"south": {"uv": [6.5, 13, 8, 14.5], "rotation": 90, "texture": "#0"},
				"west": {"uv": [6.5, 13, 8, 14.5], "rotation": 90, "texture": "#0"},
				"up": {"uv": [8, 13, 6.5, 14.5], "rotation": 90, "texture": "#0"},
				"down": {"uv": [6.5, 13, 8, 14.5], "rotation": 90, "texture": "#0"}
			}
		},
		{
			"from": [1, -0.84375, 4.84375],
			"to": [2, -0.84375, 5.84375],
			"rotation": {"angle": 0, "axis": "y", "origin": [1.5, -0.84375, 5.34375]},
			"faces": {
				"north": {"uv": [6.5, 13, 8, 14.5], "texture": "#0"},
				"east": {"uv": [6.5, 13, 8, 14.5], "texture": "#0"},
				"south": {"uv": [6.5, 13, 8, 14.5], "texture": "#0"},
				"west": {"uv": [6.5, 13, 8, 14.5], "texture": "#0"},
				"up": {"uv": [8, 13, 6.5, 14.5], "texture": "#0"},
				"down": {"uv": [6.5, 13, 8, 14.5], "texture": "#0"}
			}
		},
		{
			"from": [13, -0.84375, 9.84375],
			"to": [14, -0.84375, 10.84375],
			"rotation": {"angle": 0, "axis": "y", "origin": [8.15625, -0.84375, 8]},
			"faces": {
				"north": {"uv": [6.5, 13, 8, 14.5], "rotation": 90, "texture": "#0"},
				"east": {"uv": [6.5, 13, 8, 14.5], "rotation": 90, "texture": "#0"},
				"south": {"uv": [6.5, 13, 8, 14.5], "rotation": 90, "texture": "#0"},
				"west": {"uv": [6.5, 13, 8, 14.5], "rotation": 90, "texture": "#0"},
				"up": {"uv": [8, 13, 6.5, 14.5], "rotation": 90, "texture": "#0"},
				"down": {"uv": [6.5, 13, 8, 14.5], "rotation": 90, "texture": "#0"}
			}
		},
		{
			"from": [1, -0.84375, 11.84375],
			"to": [3, -0.84375, 13.84375],
			"rotation": {"angle": 45, "axis": "y", "origin": [2, -0.84375, 12.84375]},
			"faces": {
				"north": {"uv": [11, 0.5, 15.5, 5], "rotation": 270, "texture": "#0"},
				"east": {"uv": [11, 0.5, 15.5, 5], "rotation": 180, "texture": "#0"},
				"south": {"uv": [11, 0.5, 15.5, 5], "rotation": 90, "texture": "#0"},
				"west": {"uv": [11, 0.5, 15.5, 5], "texture": "#0"},
				"up": {"uv": [11, 0.5, 15.5, 5], "rotation": 90, "texture": "#0"},
				"down": {"uv": [11, 0.5, 15.5, 5], "rotation": 90, "texture": "#0"}
			}
		},
		{
			"from": [7, -0.84375, 1.84375],
			"to": [9, -0.84375, 3.84375],
			"rotation": {"angle": 0, "axis": "y", "origin": [8.15625, -0.84375, 8]},
			"faces": {
				"north": {"uv": [11, 0.5, 15.5, 5], "rotation": 270, "texture": "#0"},
				"east": {"uv": [11, 0.5, 15.5, 5], "rotation": 180, "texture": "#0"},
				"south": {"uv": [11, 0.5, 15.5, 5], "rotation": 90, "texture": "#0"},
				"west": {"uv": [11, 0.5, 15.5, 5], "texture": "#0"},
				"up": {"uv": [11, 0.5, 15.5, 5], "rotation": 90, "texture": "#0"},
				"down": {"uv": [11, 0.5, 15.5, 5], "rotation": 90, "texture": "#0"}
			}
		},
		{
			"from": [12, -0.84375, 11.84375],
			"to": [15, -0.84375, 14.84375],
			"rotation": {"angle": 0, "axis": "y", "origin": [8.15625, -0.84375, 8]},
			"faces": {
				"north": {"uv": [10, 10.5, 15.5, 16], "rotation": 270, "texture": "#0"},
				"east": {"uv": [10, 10.5, 15.5, 16], "rotation": 180, "texture": "#0"},
				"south": {"uv": [10, 10.5, 15.5, 16], "rotation": 90, "texture": "#0"},
				"west": {"uv": [10, 10.5, 15.5, 16], "texture": "#0"},
				"up": {"uv": [10, 10.5, 15.5, 16], "rotation": 90, "texture": "#0"},
				"down": {"uv": [10, 10.5, 15.5, 16], "rotation": 90, "texture": "#0"}
			}
		},
		{
			"from": [8, -0.84375, 4.84375],
			"to": [11, -0.84375, 7.84375],
			"rotation": {"angle": 0, "axis": "y", "origin": [8.15625, -0.84375, 8]},
			"faces": {
				"north": {"uv": [10, 10.5, 15.5, 16], "rotation": 270, "texture": "#0"},
				"east": {"uv": [10, 10.5, 15.5, 16], "rotation": 180, "texture": "#0"},
				"south": {"uv": [10, 10.5, 15.5, 16], "rotation": 90, "texture": "#0"},
				"west": {"uv": [10, 10.5, 15.5, 16], "texture": "#0"},
				"up": {"uv": [10, 10.5, 15.5, 16], "rotation": 90, "texture": "#0"},
				"down": {"uv": [10, 10.5, 15.5, 16], "rotation": 90, "texture": "#0"}
			}
		}
	],
	"display": {
		"thirdperson_righthand": {
			"scale": [0.5, 0.5, 0.5]
		},
		"firstperson_righthand": {
			"scale": [0.5, 0.5, 0.5]
		},
		"ground": {
			"scale": [0.5, 0.5, 0.5]
		},
		"gui": {
			"rotation": [13, 37, 0],
			"scale": [0.57, 0.57, 0.57]
		},
		"fixed": {
			"translation": [0, -0.5, 17.5],
			"scale": [1.98, 1.98, 1.98]
		}
	},
	"groups": [
		{
			"name": "Side A",
			"origin": [14.5, 12.5, -1],
			"children": [0, 1, 2, 3, 4, 5, 6, 7, 8, 9, 10, 11, 12, 13, 14, 15]
		},
		{
			"name": "Side B",
			"origin": [14.5, 12.5, -1],
			"children": [16, 17, 18, 19, 20, 21, 22, 23, 24, 25, 26, 27, 28, 29, 30, 31]
		},
		{
			"name": "Side C",
			"origin": [14.5, 12.5, -1],
			"children": [32, 33, 34, 35, 36, 37, 38, 39, 40, 41, 42, 43, 44, 45, 46, 47]
		},
		{
			"name": "Side D",
			"origin": [14.5, 12.5, -1],
			"children": [48, 49, 50, 51, 52, 53, 54, 55, 56, 57, 58, 59, 60, 61, 62, 63]
		},
		{
			"name": "Side E",
			"origin": [14.5, 12.5, -1],
			"children": [64, 65, 66, 67, 68, 69, 70, 71, 72, 73, 74, 75, 76, 77, 78, 79]
		},
		{
			"name": "Side F",
			"origin": [14.5, 12.5, -1],
			"children": [80, 81, 82, 83, 84, 85, 86, 87, 88, 89, 90, 91, 92, 93, 94, 95]
		}
	]
}
