{
	"credit": "anivator",
	"textures": {
		"0": "block/piston_top",
		"1": "block/red_wool",
		"2": "block/spruce_planks",
		"3": "block/sand",
		"4": "block/spruce_planks",
		"5": "block/red_wool",
		"7": "block/black_terracotta",
		"9": "block/black_wool",
		"10": "block/gray_wool",
		"12": "block/sand",
		"13": "block/oak_trapdoor",
		"14": "block/dark_oak_planks",
		"15": "block/dark_oak_planks",
		"16": "block/gray_terracotta",
		"17": "block/anvil",
		"18": "block/yellow_terracotta",
		"19": "block/yellow_wool",
		"20": "block/red_wool",
		"21": "block/red_wool",
		"23": "block/red_sandstone_bottom",
		"24": "block/white_terracotta",
		"25": "block/white_wool",
		"27": "block/glass",
		"particle": "block/piston_top"
	},
	"elements": [
		{
			"from": [-14, -6, 15],
			"to": [-13, 0, 16],
			"faces": {
				"north": {"uv": [0, 0, 1, 6], "texture": "#2"},
				"east": {"uv": [0, 0, 1, 6], "texture": "#2"},
				"south": {"uv": [0, 0, 1, 6], "texture": "#2"},
				"west": {"uv": [0, 0, 1, 6], "texture": "#2"},
				"up": {"uv": [0, 0, 1, 6], "texture": "#2"},
				"down": {"uv": [0, 0, 1, 6], "texture": "#2"}
			}
		},
		{
			"from": [29, -6, 15],
			"to": [30, 0, 16],
			"faces": {
				"north": {"uv": [0, 0, 1, 6], "texture": "#2"},
				"east": {"uv": [0, 0, 1, 6], "texture": "#2"},
				"south": {"uv": [0, 0, 1, 6], "texture": "#2"},
				"west": {"uv": [0, 0, 1, 6], "texture": "#2"},
				"up": {"uv": [0, 0, 1, 6], "texture": "#2"},
				"down": {"uv": [0, 0, 1, 6], "texture": "#2"}
			}
		},
		{
			"from": [29, -6, -2],
			"to": [30, 0, -1],
			"faces": {
				"north": {"uv": [0, 0, 1, 6], "texture": "#2"},
				"east": {"uv": [0, 0, 1, 6], "texture": "#2"},
				"south": {"uv": [0, 0, 1, 6], "texture": "#2"},
				"west": {"uv": [0, 0, 1, 6], "texture": "#2"},
				"up": {"uv": [0, 0, 1, 6], "texture": "#2"},
				"down": {"uv": [0, 0, 1, 6], "texture": "#2"}
			}
		},
		{
			"from": [-14, -6, -2],
			"to": [-13, 0, -1],
			"faces": {
				"north": {"uv": [0, 0, 1, 6], "texture": "#2"},
				"east": {"uv": [0, 0, 1, 6], "texture": "#2"},
				"south": {"uv": [0, 0, 1, 6], "texture": "#2"},
				"west": {"uv": [0, 0, 1, 6], "texture": "#2"},
				"up": {"uv": [0, 0, 1, 6], "texture": "#2"},
				"down": {"uv": [0, 0, 1, 6], "texture": "#2"}
			}
		},
		{
			"from": [-13, -6, -1],
			"to": [30, 0, 15],
			"faces": {
				"north": {"uv": [0, 0, 16, 15.999], "texture": "#0"},
				"east": {"uv": [0, 0, 16, 6], "texture": "#0"},
				"south": {"uv": [0, 0, 16, 6], "texture": "#0"},
				"west": {"uv": [0, 0, 16, 6], "texture": "#0"},
				"up": {"uv": [0, 0, 16, 6], "texture": "#0"},
				"down": {"uv": [0, 0, 16, 6], "texture": "#0"}
			}
		},
		{
			"from": [-15, 0, -4],
			"to": [31, 1, 18],
			"faces": {
				"north": {"uv": [0, 0, 16, 1], "texture": "#3"},
				"east": {"uv": [0, 0, 16, 1], "texture": "#0"},
				"south": {"uv": [0, 0, 16, 1], "texture": "#3"},
				"west": {"uv": [0, 0, 16, 1], "texture": "#3"},
				"up": {"uv": [0, 0, 16, 15.999], "texture": "#3"},
				"down": {"uv": [0, 0, 16, 1], "texture": "#3"}
			}
		},
		{
			"from": [-14, -7, -2],
			"to": [30, -6, 16],
			"faces": {
				"north": {"uv": [0, 0, 16, 1], "texture": "#2"},
				"east": {"uv": [0, 0, 16, 1], "texture": "#2"},
				"south": {"uv": [0, 0, 16, 1], "texture": "#2"},
				"west": {"uv": [0, 0, 16, 1], "texture": "#2"},
				"up": {"uv": [0, 0, 16, 1], "texture": "#2"},
				"down": {"uv": [0, 0.124, 15.999, 15.998], "texture": "#2"}
			}
		},
		{
			"from": [1, 3, -1],
			"to": [16, 15, -0.9],
			"faces": {
				"north": {"uv": [0, 0, 15.999, 15.999], "texture": "#27"},
				"east": {"uv": [0, 0, 15, 13], "texture": "#27"},
				"south": {"uv": [0, 0, 15, 13], "texture": "#27"},
				"west": {"uv": [0, 0, 15, 13], "texture": "#27"},
				"up": {"uv": [0, 0, 15, 13], "texture": "#27"},
				"down": {"uv": [0, 0, 15, 13], "texture": "#27"}
			}
		},
		{
			"from": [5, 16, -2],
			"to": [12, 21, -1],
			"faces": {
				"north": {"uv": [0, 0, 15.999, 8.999], "texture": "#4"},
				"east": {"uv": [0, 0, 15.999, 8.999], "texture": "#4"},
				"south": {"uv": [0, 0, 15.999, 8.999], "texture": "#4"},
				"west": {"uv": [0, 0, 15.999, 8.999], "texture": "#4"},
				"up": {"uv": [0, 0, 15.999, 8.999], "texture": "#4"},
				"down": {"uv": [0, 0, 15.999, 8.999], "texture": "#4"}
			}
		},
		{
			"from": [17, 9, 10],
			"to": [31, 22, 11],
			"faces": {
				"north": {"uv": [0, 0, 15.999, 15.999], "texture": "#4"},
				"east": {"uv": [0, 0, 14, 13], "texture": "#4"},
				"south": {"uv": [0, 0, 14, 13], "texture": "#4"},
				"west": {"uv": [0, 0, 14, 13], "texture": "#4"},
				"up": {"uv": [0, 0, 14, 13], "texture": "#4"},
				"down": {"uv": [0, 0, 14, 13], "texture": "#4"}
			}
		},
		{
			"from": [17, 1, 9],
			"to": [18, 8, 10],
			"faces": {
				"north": {"uv": [0, 0, 1, 7], "texture": "#0"},
				"east": {"uv": [0, 0, 1, 7], "texture": "#missing"},
				"south": {"uv": [0, 0, 1, 7], "texture": "#0"},
				"west": {"uv": [0, 0, 1, 7], "texture": "#missing"},
				"up": {"uv": [0, 0, 1, 1], "texture": "#missing"},
				"down": {"uv": [0, 0, 1, 1], "texture": "#missing"}
			}
		},
		{
			"from": [29, 1, 9],
			"to": [30, 8, 10],
			"faces": {
				"north": {"uv": [0, 0, 1, 7], "texture": "#0"},
				"east": {"uv": [0, 0, 1, 7], "texture": "#0"},
				"south": {"uv": [0, 0, 1, 7], "texture": "#0"},
				"west": {"uv": [0, 0, 1, 7], "texture": "#0"},
				"up": {"uv": [0, 0, 1, 7], "texture": "#0"},
				"down": {"uv": [0, 0, 1, 7], "texture": "#0"}
			}
		},
		{
			"from": [29, 1, 0],
			"to": [30, 10, 2],
			"rotation": {"angle": 22.5, "axis": "x", "origin": [23.5, 4.5, -1.5]},
			"faces": {
				"north": {"uv": [0, 0, 2, 9], "rotation": 180, "texture": "#0"},
				"east": {"uv": [0, 0, 2, 9], "rotation": 180, "texture": "#0"},
				"south": {"uv": [0, 0, 2, 9], "rotation": 180, "texture": "#0"},
				"west": {"uv": [0, 0, 2, 9], "rotation": 180, "texture": "#0"},
				"up": {"uv": [0, 0, 2, 9], "rotation": 180, "texture": "#0"},
				"down": {"uv": [0, 0, 2, 9], "rotation": 180, "texture": "#0"}
			}
		},
		{
			"from": [17, 1, 0],
			"to": [18, 10, 2],
			"rotation": {"angle": 22.5, "axis": "x", "origin": [23.5, 4.5, -1.5]},
			"faces": {
				"north": {"uv": [0, 0, 1, 9], "rotation": 180, "texture": "#0"},
				"east": {"uv": [0, 0, 2, 9], "rotation": 180, "texture": "#0"},
				"south": {"uv": [0, 0, 1, 9], "rotation": 180, "texture": "#0"},
				"west": {"uv": [0, 0, 2, 9], "rotation": 180, "texture": "#missing"},
				"up": {"uv": [0, 0, 1, 2], "texture": "#missing"},
				"down": {"uv": [0, 0, 1, 2], "texture": "#missing"}
			}
		},
		{
			"from": [18, 1, 0],
			"to": [29, 9, 1],
			"rotation": {"angle": 22.5, "axis": "x", "origin": [23.5, 4.5, -1.5]},
			"faces": {
				"north": {"uv": [1, 0, 9.994, 5.995], "texture": "#5"},
				"east": {"uv": [0, 0, 1, 9], "texture": "#missing"},
				"south": {"uv": [0, 0, 11, 9], "texture": "#0"},
				"west": {"uv": [0, 0, 1, 9], "texture": "#missing"},
				"up": {"uv": [0, 0, 11, 1], "rotation": 180, "texture": "#missing"},
				"down": {"uv": [0, 0, 11, 1], "rotation": 180, "texture": "#missing"}
			}
		},
		{
			"from": [18, 1, 9],
			"to": [29, 8, 10],
			"faces": {
				"north": {"uv": [0, 0, 11, 7], "texture": "#0"},
				"east": {"uv": [0, 0, 11, 7], "texture": "#0"},
				"south": {"uv": [0, 0, 11, 7], "texture": "#0"},
				"west": {"uv": [0, 0, 11, 7], "texture": "#0"},
				"up": {"uv": [0, 0, 11, 7], "texture": "#0"},
				"down": {"uv": [0, 0, 11, 7], "texture": "#0"}
			}
		},
		{
			"from": [17, 8, 1],
			"to": [31, 9, 11],
			"faces": {
				"north": {"uv": [0, 0, 14, 10], "texture": "#0"},
				"east": {"uv": [0, 0, 14, 10], "texture": "#0"},
				"south": {"uv": [0, 0, 14, 10], "texture": "#0"},
				"west": {"uv": [0, 0, 14, 10], "texture": "#0"},
				"up": {"uv": [0, 0, 14, 10], "texture": "#0"},
				"down": {"uv": [0, 0, 14, 10], "texture": "#0"}
			}
		},
		{
			"from": [29, 1, 2],
			"to": [29, 8, 9],
			"faces": {
				"north": {"uv": [0, 0, 7, 7], "texture": "#0"},
				"east": {"uv": [0, 0, 7, 7], "texture": "#0"},
				"south": {"uv": [0, 0, 7, 7], "texture": "#0"},
				"west": {"uv": [0, 0, 7, 7], "texture": "#0"},
				"up": {"uv": [0, 0, 7, 7], "texture": "#0"},
				"down": {"uv": [0, 0, 7, 7], "texture": "#0"}
			}
		},
		{
			"from": [28, 1, 1],
			"to": [29, 4, 2],
			"faces": {
				"north": {"uv": [0, 0, 1, 3], "texture": "#missing"},
				"east": {"uv": [0, 0, 1, 3], "texture": "#0"},
				"south": {"uv": [0, 0, 1, 3], "texture": "#0"},
				"west": {"uv": [0, 0, 1, 3], "texture": "#missing"},
				"up": {"uv": [0, 0, 1, 1], "texture": "#missing"},
				"down": {"uv": [0, 0, 1, 1], "texture": "#missing"}
			}
		},
		{
			"from": [-1, 1, 0],
			"to": [0, 14, 1],
			"rotation": {"angle": 22.5, "axis": "x", "origin": [-6.5, 4.5, -1.5]},
			"faces": {
				"north": {"uv": [0, 0, 15.999, 15.999], "rotation": 180, "texture": "#4"},
				"east": {"uv": [0, 0, 1, 13], "rotation": 180, "texture": "#0"},
				"south": {"uv": [0, 0, 1, 13], "rotation": 180, "texture": "#0"},
				"west": {"uv": [0, 0, 1, 13], "rotation": 180, "texture": "#0"},
				"up": {"uv": [0, 0, 1, 13], "rotation": 180, "texture": "#0"},
				"down": {"uv": [0, 0, 1, 13], "rotation": 180, "texture": "#0"}
			}
		},
		{
			"from": [-13, 1, 0],
			"to": [-12, 14, 1],
			"rotation": {"angle": 22.5, "axis": "x", "origin": [-6.5, 4.5, -1.5]},
			"faces": {
				"north": {"uv": [0, 0, 15.999, 15.999], "rotation": 180, "texture": "#4"},
				"east": {"uv": [0, 0, 1, 13], "rotation": 180, "texture": "#0"},
				"south": {"uv": [0, 0, 1, 13], "rotation": 180, "texture": "#0"},
				"west": {"uv": [0, 0, 1, 13], "rotation": 180, "texture": "#4"},
				"up": {"uv": [0, 0, 1, 13], "rotation": 180, "texture": "#0"},
				"down": {"uv": [0, 0, 1, 13], "rotation": 180, "texture": "#0"}
			}
		},
		{
			"from": [-12, 1, 0],
			"to": [-1, 13, 2],
			"rotation": {"angle": 22.5, "axis": "x", "origin": [-6.5, 4.5, -1.5]},
			"faces": {
				"north": {"uv": [0, 0, 11, 12], "texture": "#1"},
				"east": {"uv": [0, 0, 2, 12], "texture": "#missing"},
				"south": {"uv": [0, 0, 11, 12], "texture": "#0"},
				"west": {"uv": [0, 0, 0.997, 0.997], "texture": "#0"},
				"up": {"uv": [0, 0, 11, 2], "rotation": 180, "texture": "#0"},
				"down": {"uv": [0, 0, 11, 2], "rotation": 180, "texture": "#missing"}
			}
		},
		{
			"from": [-13, 1, 10],
			"to": [0, 12, 11],
			"faces": {
				"north": {"uv": [0, 0, 15.999, 15.999], "texture": "#0"},
				"east": {"uv": [0, 0, 15.999, 15.999], "texture": "#0"},
				"south": {"uv": [0, 0, 15.999, 15.999], "texture": "#0"},
				"west": {"uv": [0, 0, 15.999, 15.999], "texture": "#0"},
				"up": {"uv": [0, 0, 15.999, 15.999], "texture": "#0"},
				"down": {"uv": [0, 0, 15.999, 15.999], "texture": "#0"}
			}
		},
		{
			"from": [-14, 12, 1],
			"to": [0, 13, 11],
			"faces": {
				"north": {"uv": [0, 0, 14.998, 2.999], "texture": "#0"},
				"east": {"uv": [0, 0, 14, 10], "texture": "#0"},
				"south": {"uv": [0, 0, 11.998, 1.749], "texture": "#0"},
				"west": {"uv": [0, 0, 11.249, 0.998], "texture": "#0"},
				"up": {"uv": [0, 0, 14, 10], "texture": "#0"},
				"down": {"uv": [0, 0, 14, 10], "texture": "#0"}
			}
		},
		{
			"from": [-12, 1, 3],
			"to": [-11.9, 12, 10],
			"faces": {
				"north": {"uv": [0, 0, 7, 11], "texture": "#0"},
				"east": {"uv": [0, 0, 7, 11], "texture": "#0"},
				"south": {"uv": [0, 0, 7, 11], "texture": "#0"},
				"west": {"uv": [0, 0, 0.997, 0.998], "texture": "#0"},
				"up": {"uv": [0, 0, 7, 11], "texture": "#0"},
				"down": {"uv": [0, 0, 7, 11], "texture": "#0"}
			}
		},
		{
			"from": [-12, 1, 2],
			"to": [-11, 9, 3],
			"faces": {
				"north": {"uv": [0, 0, 1, 8], "texture": "#missing"},
				"east": {"uv": [0, 0, 1, 8], "texture": "#missing"},
				"south": {"uv": [0, 0, 1, 8], "texture": "#0"},
				"west": {"uv": [0, 0, 4.748, 2.748], "texture": "#0"},
				"up": {"uv": [0, 0, 1, 1], "texture": "#missing"},
				"down": {"uv": [0, 0, 1, 1], "texture": "#missing"}
			}
		},
		{
			"from": [-12, 1, 0],
			"to": [-11, 4, 2],
			"faces": {
				"north": {"uv": [0, 0, 1, 3], "texture": "#missing"},
				"east": {"uv": [0, 0, 2, 3], "texture": "#missing"},
				"south": {"uv": [0, 0, 1, 3], "texture": "#missing"},
				"west": {"uv": [0.249, 13, 2.249, 15.999], "texture": "#0"},
				"up": {"uv": [0, 0, 1, 2], "texture": "#missing"},
				"down": {"uv": [0, 0, 1, 2], "texture": "#missing"}
			}
		},
		{
			"from": [-12, 4, 1],
			"to": [-12, 6, 2],
			"faces": {
				"north": {"uv": [0, 0, 0, 2], "texture": "#missing"},
				"east": {"uv": [0, 0, 1, 2], "texture": "#missing"},
				"south": {"uv": [0, 0, 0, 2], "texture": "#missing"},
				"west": {"uv": [0, 0, 1, 2], "texture": "#0"},
				"up": {"uv": [0, 0, 0, 1], "texture": "#missing"},
				"down": {"uv": [0, 0, 0, 1], "texture": "#missing"}
			}
		},
		{
			"from": [0, 1, -1],
			"to": [17, 3, 0],
			"faces": {
				"north": {"uv": [0, 0, 16, 1], "texture": "#0"},
				"east": {"uv": [0, 0, 16, 1], "texture": "#0"},
				"south": {"uv": [0, 0, 16, 1], "texture": "#0"},
				"west": {"uv": [0, 0, 16, 1], "texture": "#0"},
				"up": {"uv": [0, 0, 16, 1], "texture": "#0"},
				"down": {"uv": [0, 0, 16, 1], "texture": "#0"}
			}
		},
		{
			"from": [0, 1, 11],
			"to": [17, 2, 12],
			"faces": {
				"north": {"uv": [0, 0, 16, 1], "texture": "#9"},
				"east": {"uv": [0, 0, 16, 1], "texture": "#9"},
				"south": {"uv": [0, 0, 16, 1], "texture": "#9"},
				"west": {"uv": [0, 0, 16, 1], "texture": "#9"},
				"up": {"uv": [0, 0, 16, 1], "texture": "#9"},
				"down": {"uv": [0, 0, 16, 1], "texture": "#9"}
			}
		},
		{
			"from": [0, 3, -1],
			"to": [1, 15, 0],
			"faces": {
				"north": {"uv": [0, 0, 1, 13], "texture": "#4"},
				"east": {"uv": [0, 0, 1, 13], "texture": "#0"},
				"south": {"uv": [0, 0, 1, 13], "texture": "#0"},
				"west": {"uv": [0, 0, 1, 13], "texture": "#0"},
				"up": {"uv": [0, 0, 1, 13], "texture": "#0"},
				"down": {"uv": [0, 0, 1, 13], "texture": "#0"}
			}
		},
		{
			"from": [0, 0, 0],
			"to": [1, 15, 11],
			"faces": {
				"north": {"uv": [0, 0, 1, 15], "texture": "#missing"},
				"east": {"uv": [0, 0, 11, 15], "texture": "#17"},
				"south": {"uv": [0, 0, 1, 15], "texture": "#missing"},
				"west": {"uv": [0, 0, 11, 15], "texture": "#0"},
				"up": {"uv": [0, 0, 1, 11], "texture": "#missing"},
				"down": {"uv": [0, 0, 1, 11], "texture": "#missing"}
			}
		},
		{
			"from": [16, 1, 0],
			"to": [17, 15, 11],
			"faces": {
				"north": {"uv": [0, 0, 11, 14], "texture": "#0"},
				"east": {"uv": [0, 0, 11, 14], "texture": "#0"},
				"south": {"uv": [0, 0, 11, 14], "texture": "#0"},
				"west": {"uv": [0, 0, 11, 14], "texture": "#17"},
				"up": {"uv": [0, 0, 11, 14], "texture": "#0"},
				"down": {"uv": [0, 0, 11, 14], "texture": "#0"}
			}
		},
		{
			"from": [16, 3, -1],
			"to": [17, 15, 0],
			"faces": {
				"north": {"uv": [0, 0, 1, 13], "texture": "#4"},
				"east": {"uv": [0, 0, 1, 13], "texture": "#0"},
				"south": {"uv": [0, 0, 1, 13], "texture": "#0"},
				"west": {"uv": [0, 0, 1, 13], "texture": "#0"},
				"up": {"uv": [0, 0, 1, 13], "texture": "#0"},
				"down": {"uv": [0, 0, 1, 13], "texture": "#0"}
			}
		},
		{
			"from": [0, 15, -1],
			"to": [17, 22, 0],
			"faces": {
				"north": {"uv": [0, 0, 16, 15.999], "texture": "#0"},
				"east": {"uv": [0, 0, 16, 15.999], "texture": "#0"},
				"south": {"uv": [0, 0, 16, 15.999], "texture": "#10"},
				"west": {"uv": [0, 0, 16, 15.999], "texture": "#0"},
				"up": {"uv": [0, 0, 16, 15.999], "texture": "#0"},
				"down": {"uv": [0, 0, 16, 15.999], "texture": "#0"}
			}
		},
		{
			"from": [16, 2, 11],
			"to": [17, 15, 12],
			"faces": {
				"north": {"uv": [0, 0, 1, 13], "texture": "#9"},
				"east": {"uv": [0, 0, 1, 13], "texture": "#9"},
				"south": {"uv": [0, 0, 1, 13], "texture": "#9"},
				"west": {"uv": [0, 0, 1, 13], "texture": "#9"},
				"up": {"uv": [0, 0, 1, 13], "texture": "#9"},
				"down": {"uv": [0, 0, 1, 13], "texture": "#9"}
			}
		},
		{
			"from": [0, 2, 11],
			"to": [1, 15, 12],
			"faces": {
				"north": {"uv": [0, 0, 1, 13], "texture": "#9"},
				"east": {"uv": [0, 0, 1, 13], "texture": "#9"},
				"south": {"uv": [0, 0, 1, 13], "texture": "#9"},
				"west": {"uv": [0, 0, 1, 13], "texture": "#9"},
				"up": {"uv": [0, 0, 1, 13], "texture": "#9"},
				"down": {"uv": [0, 0, 1, 13], "texture": "#9"}
			}
		},
		{
			"from": [16.5, 18.5, 2],
			"to": [16.6, 19.5, 9],
			"rotation": {"angle": 45, "axis": "z", "origin": [16.5, 19, 5.5]},
			"faces": {
				"north": {"uv": [0, 0, 1, 7], "rotation": 270, "texture": "#10"},
				"east": {"uv": [5.249, 9, 6.249, 9.998], "rotation": 270, "texture": "#10"},
				"south": {"uv": [0, 0, 1, 7], "rotation": 270, "texture": "#10"},
				"west": {"uv": [0, 0, 1, 7], "rotation": 270, "texture": "#10"},
				"up": {"uv": [0, 0, 1, 7], "rotation": 270, "texture": "#10"},
				"down": {"uv": [0, 0, 1, 7], "rotation": 270, "texture": "#10"}
			}
		},
		{
			"from": [16.5, 16.5, 1],
			"to": [16.6, 17.5, 9],
			"rotation": {"angle": 45, "axis": "z", "origin": [16.5, 17, 5.5]},
			"faces": {
				"north": {"uv": [0, 0, 1, 7], "rotation": 270, "texture": "#10"},
				"east": {"uv": [0, 0, 1, 7], "rotation": 270, "texture": "#10"},
				"south": {"uv": [0, 0, 1, 7], "rotation": 270, "texture": "#10"},
				"west": {"uv": [0, 0, 1, 7], "rotation": 270, "texture": "#10"},
				"up": {"uv": [0, 0, 1, 7], "rotation": 270, "texture": "#10"},
				"down": {"uv": [0, 0, 1, 7], "rotation": 270, "texture": "#10"}
			}
		},
		{
			"from": [16.5, 17.5, 2],
			"to": [16.6, 18.5, 9],
			"rotation": {"angle": 45, "axis": "z", "origin": [16.5, 18, 5.5]},
			"faces": {
				"north": {"uv": [0, 0, 1, 7], "rotation": 90, "texture": "#10"},
				"east": {"uv": [0, 0, 1, 7], "rotation": 90, "texture": "#10"},
				"south": {"uv": [0, 0, 1, 7], "rotation": 90, "texture": "#10"},
				"west": {"uv": [0, 0, 1, 7], "rotation": 90, "texture": "#10"},
				"up": {"uv": [0, 0, 1, 7], "rotation": 90, "texture": "#10"},
				"down": {"uv": [0, 0, 1, 7], "rotation": 90, "texture": "#10"}
			}
		},
		{
			"from": [16, 20, 2],
			"to": [17, 20.1, 9],
			"rotation": {"angle": -45, "axis": "z", "origin": [16.5, 20, 5.5]},
			"faces": {
				"north": {"uv": [0, 0, 1, 7], "rotation": 180, "texture": "#10"},
				"east": {"uv": [0, 0, 1, 7], "rotation": 180, "texture": "#10"},
				"south": {"uv": [0, 0, 1, 7], "rotation": 180, "texture": "#10"},
				"west": {"uv": [0, 0, 1, 7], "rotation": 180, "texture": "#10"},
				"up": {"uv": [0, 0, 1, 7], "rotation": 180, "texture": "#10"},
				"down": {"uv": [0, 0, 1, 7], "rotation": 180, "texture": "#10"}
			}
		},
		{
			"from": [16, 21, 2],
			"to": [17, 22, 9],
			"faces": {
				"north": {"uv": [0, 0, 7, 1], "texture": "#4"},
				"east": {"uv": [0, 0, 7, 1], "texture": "#4"},
				"south": {"uv": [0, 0, 7, 1], "texture": "#4"},
				"west": {"uv": [0, 0, 7, 1], "texture": "#17"},
				"up": {"uv": [0, 0, 7, 1], "texture": "#4"},
				"down": {"uv": [0, 0, 7, 1], "texture": "#17"}
			}
		},
		{
			"from": [16, 15, 2],
			"to": [17, 16, 9],
			"faces": {
				"north": {"uv": [0, 0, 7, 1], "texture": "#4"},
				"east": {"uv": [0, 0, 7, 1], "texture": "#4"},
				"south": {"uv": [0, 0, 7, 1], "texture": "#4"},
				"west": {"uv": [0, 0, 7, 1], "texture": "#17"},
				"up": {"uv": [0, 0, 7, 1], "texture": "#17"},
				"down": {"uv": [0, 0, 7, 1], "texture": "#4"}
			}
		},
		{
			"from": [16, 15, 0],
			"to": [17, 22, 2],
			"faces": {
				"north": {"uv": [0, 0, 2, 7], "texture": "#4"},
				"east": {"uv": [0, 0, 2, 7], "texture": "#4"},
				"south": {"uv": [0, 0, 2, 7], "texture": "#17"},
				"west": {"uv": [0, 0, 2, 7], "texture": "#4"},
				"up": {"uv": [0, 0, 2, 7], "texture": "#4"},
				"down": {"uv": [0, 0, 2, 7], "texture": "#4"}
			}
		},
		{
			"from": [16, 15, 9],
			"to": [17, 22, 11],
			"faces": {
				"north": {"uv": [0, 0, 1, 7], "texture": "#17"},
				"east": {"uv": [0, 0, 2, 7], "texture": "#4"},
				"south": {"uv": [0, 0, 1, 7], "texture": "#missing"},
				"west": {"uv": [0, 0, 2, 7], "texture": "#17"},
				"up": {"uv": [0, 0, 1, 2], "texture": "#missing"},
				"down": {"uv": [0, 0, 1, 2], "texture": "#missing"}
			}
		},
		{
			"from": [0, 19, 2],
			"to": [1, 19.1, 9],
			"rotation": {"angle": 45, "axis": "z", "origin": [0.5, 19, 5.5]},
			"faces": {
				"north": {"uv": [0, 0, 1, 7], "rotation": 180, "texture": "#10"},
				"east": {"uv": [0, 0, 1, 7], "rotation": 180, "texture": "#10"},
				"south": {"uv": [0, 0, 1, 7], "rotation": 180, "texture": "#10"},
				"west": {"uv": [0, 0, 1, 7], "rotation": 180, "texture": "#10"},
				"up": {"uv": [0, 0, 1, 7], "rotation": 180, "texture": "#10"},
				"down": {"uv": [0, 0, 1, 7], "rotation": 180, "texture": "#10"}
			}
		},
		{
			"from": [0.5, 16.5, 2],
			"to": [0.6, 17.5, 9],
			"rotation": {"angle": -45, "axis": "z", "origin": [0.5, 17, 5.5]},
			"faces": {
				"north": {"uv": [0, 0, 1, 7], "rotation": 90, "texture": "#10"},
				"east": {"uv": [0, 0, 1, 7], "rotation": 90, "texture": "#10"},
				"south": {"uv": [0, 0, 1, 7], "rotation": 90, "texture": "#10"},
				"west": {"uv": [0, 0, 1, 7], "rotation": 90, "texture": "#10"},
				"up": {"uv": [0, 0, 1, 7], "rotation": 90, "texture": "#10"},
				"down": {"uv": [0, 0, 1, 7], "rotation": 90, "texture": "#10"}
			}
		},
		{
			"from": [0, 18, 2],
			"to": [1, 18.1, 9],
			"rotation": {"angle": 45, "axis": "z", "origin": [0.5, 18, 5.5]},
			"faces": {
				"north": {"uv": [0, 0, 1, 7], "texture": "#10"},
				"east": {"uv": [0, 0, 1, 7], "texture": "#10"},
				"south": {"uv": [0, 0, 1, 7], "texture": "#10"},
				"west": {"uv": [0, 0, 1, 7], "texture": "#10"},
				"up": {"uv": [0, 0, 1, 7], "texture": "#10"},
				"down": {"uv": [0, 0, 1, 7], "texture": "#10"}
			}
		},
		{
			"from": [0, 20, 2],
			"to": [1, 20.1, 9],
			"rotation": {"angle": 45, "axis": "z", "origin": [0.5, 20, 5.5]},
			"faces": {
				"north": {"uv": [0, 0, 1, 7], "rotation": 180, "texture": "#10"},
				"east": {"uv": [0, 0, 1, 7], "rotation": 180, "texture": "#10"},
				"south": {"uv": [0, 0, 1, 7], "rotation": 180, "texture": "#10"},
				"west": {"uv": [0, 0, 1, 7], "rotation": 180, "texture": "#10"},
				"up": {"uv": [0, 0, 1, 7], "rotation": 180, "texture": "#10"},
				"down": {"uv": [0, 0, 1, 7], "rotation": 180, "texture": "#10"}
			}
		},
		{
			"from": [0, 21, 2],
			"to": [1, 22, 9],
			"faces": {
				"north": {"uv": [0, 0, 7, 1], "texture": "#4"},
				"east": {"uv": [0, 0, 7, 1], "texture": "#17"},
				"south": {"uv": [0, 0, 7, 1], "texture": "#4"},
				"west": {"uv": [0, 0, 7, 1], "texture": "#4"},
				"up": {"uv": [0, 0, 7, 1], "texture": "#4"},
				"down": {"uv": [0, 0, 7, 1], "texture": "#17"}
			}
		},
		{
			"from": [0, 15, 2],
			"to": [1, 16, 9],
			"faces": {
				"north": {"uv": [0, 0, 7, 1], "texture": "#4"},
				"east": {"uv": [0, 0, 7, 1], "texture": "#17"},
				"south": {"uv": [0, 0, 7, 1], "texture": "#4"},
				"west": {"uv": [0, 0, 7, 1], "texture": "#4"},
				"up": {"uv": [0, 0, 7, 1], "texture": "#17"},
				"down": {"uv": [0, 0, 7, 1], "texture": "#4"}
			}
		},
		{
			"from": [0, 15, 0],
			"to": [1, 22, 2],
			"faces": {
				"north": {"uv": [0, 0, 2, 7], "texture": "#4"},
				"east": {"uv": [0, 0, 2, 7], "texture": "#17"},
				"south": {"uv": [0, 0, 2, 7], "texture": "#17"},
				"west": {"uv": [0, 0, 2, 7], "texture": "#4"},
				"up": {"uv": [0, 0, 2, 7], "texture": "#4"},
				"down": {"uv": [0, 0, 2, 7], "texture": "#4"}
			}
		},
		{
			"from": [0, 15, 9],
			"to": [1, 22, 11],
			"faces": {
				"north": {"uv": [0, 0, 2, 7], "texture": "#17"},
				"east": {"uv": [0, 0, 2, 7], "texture": "#17"},
				"south": {"uv": [0, 0, 2, 7], "texture": "#4"},
				"west": {"uv": [0, 0, 2, 7], "texture": "#4"},
				"up": {"uv": [0, 0, 2, 7], "texture": "#4"},
				"down": {"uv": [0, 0, 2, 7], "texture": "#4"}
			}
		},
		{
			"from": [0, 22, -1],
			"to": [17, 23, 12],
			"faces": {
				"north": {"uv": [0, 0, 13, 1], "texture": "#0"},
				"east": {"uv": [0, 0, 13, 1], "texture": "#0"},
				"south": {"uv": [0, 0, 13, 1], "texture": "#0"},
				"west": {"uv": [0, 0, 13, 1], "texture": "#0"},
				"up": {"uv": [0, 0, 13, 1], "texture": "#0"},
				"down": {"uv": [0, 0, 13, 1], "texture": "#17"}
			}
		},
		{
			"from": [8, 2, 11],
			"to": [9, 15, 12],
			"faces": {
				"north": {"uv": [0, 0, 1, 13], "texture": "#9"},
				"east": {"uv": [0, 0, 1, 13], "texture": "#9"},
				"south": {"uv": [0, 0, 1, 13], "texture": "#9"},
				"west": {"uv": [0, 0, 1, 13], "texture": "#9"},
				"up": {"uv": [0, 0, 1, 13], "texture": "#9"},
				"down": {"uv": [0, 0, 1, 13], "texture": "#9"}
			}
		},
		{
			"from": [0, 15, 11],
			"to": [17, 22, 12],
			"faces": {
				"north": {"uv": [0, 0, 16, 7], "texture": "#10"},
				"east": {"uv": [0, 0, 1, 7], "texture": "#0"},
				"south": {"uv": [0, 0, 16, 7], "texture": "#0"},
				"west": {"uv": [0, 0, 1, 7], "texture": "#0"},
				"up": {"uv": [0, 0, 16, 1], "texture": "#missing"},
				"down": {"uv": [0, 0, 16, 1], "texture": "#missing"}
			}
		},
		{
			"from": [-13, 8, -11],
			"to": [-12, 22, -10],
			"faces": {
				"north": {"uv": [0, 0, 1, 13], "texture": "#7"},
				"east": {"uv": [0, 0, 1, 13], "texture": "#7"},
				"south": {"uv": [0, 0, 1, 13], "texture": "#7"},
				"west": {"uv": [0, 0, 1, 13], "texture": "#7"},
				"up": {"uv": [0, 0, 1, 13], "texture": "#7"},
				"down": {"uv": [0, 0, 1, 13], "texture": "#7"}
			}
		},
		{
			"from": [28, 8, -11],
			"to": [29, 22, -10],
			"faces": {
				"north": {"uv": [0, 0, 1, 13], "texture": "#7"},
				"east": {"uv": [0, 0, 1, 13], "texture": "#7"},
				"south": {"uv": [0, 0, 1, 13], "texture": "#7"},
				"west": {"uv": [0, 0, 1, 13], "texture": "#7"},
				"up": {"uv": [0, 0, 1, 13], "texture": "#7"},
				"down": {"uv": [0, 0, 1, 13], "texture": "#7"}
			}
		},
		{
			"from": [28, -7, -4],
			"to": [29, 4, -3],
			"rotation": {"angle": -45, "axis": "x", "origin": [0.5, -2.5, -12.5]},
			"faces": {
				"north": {"uv": [0, 0, 1, 11], "rotation": 180, "texture": "#7"},
				"east": {"uv": [0, 0, 1, 11], "rotation": 180, "texture": "#7"},
				"south": {"uv": [0, 0, 1, 11], "rotation": 180, "texture": "#7"},
				"west": {"uv": [0, 0, 1, 11], "rotation": 180, "texture": "#7"},
				"up": {"uv": [0, 0, 1, 11], "rotation": 180, "texture": "#7"},
				"down": {"uv": [0, 0, 1, 11], "rotation": 180, "texture": "#7"}
			}
		},
		{
			"from": [1, 8, -11],
			"to": [2, 22, -10],
			"faces": {
				"north": {"uv": [0, 0, 1, 13], "texture": "#7"},
				"east": {"uv": [0, 0, 1, 13], "texture": "#7"},
				"south": {"uv": [0, 0, 1, 13], "texture": "#7"},
				"west": {"uv": [0, 0, 1, 13], "texture": "#7"},
				"up": {"uv": [0, 0, 1, 13], "texture": "#7"},
				"down": {"uv": [0, 0, 1, 13], "texture": "#7"}
			}
		},
		{
			"from": [1, -7, -4],
			"to": [2, 4, -3],
			"rotation": {"angle": -45, "axis": "x", "origin": [0.5, -2.5, -12.5]},
			"faces": {
				"north": {"uv": [0, 0, 1, 11], "rotation": 180, "texture": "#7"},
				"east": {"uv": [0, 0, 1, 11], "rotation": 180, "texture": "#7"},
				"south": {"uv": [0, 0, 1, 11], "rotation": 180, "texture": "#7"},
				"west": {"uv": [0, 0, 1, 11], "rotation": 180, "texture": "#7"},
				"up": {"uv": [0, 0, 1, 11], "rotation": 180, "texture": "#7"},
				"down": {"uv": [0, 0, 1, 11], "rotation": 180, "texture": "#7"}
			}
		},
		{
			"from": [-13, -7, -4],
			"to": [-12, 4, -3],
			"rotation": {"angle": -45, "axis": "x", "origin": [0.5, -2.5, -12.5]},
			"faces": {
				"north": {"uv": [0, 0, 1, 11], "rotation": 180, "texture": "#7"},
				"east": {"uv": [0, 0, 1, 11], "rotation": 180, "texture": "#7"},
				"south": {"uv": [0, 0, 1, 11], "rotation": 180, "texture": "#7"},
				"west": {"uv": [0, 0, 1, 11], "rotation": 180, "texture": "#7"},
				"up": {"uv": [0, 0, 1, 11], "rotation": 180, "texture": "#7"},
				"down": {"uv": [0, 0, 1, 11], "rotation": 180, "texture": "#7"}
			}
		},
		{
			"from": [-13, 8, 23],
			"to": [-12, 22, 24],
			"faces": {
				"north": {"uv": [0, 0, 1, 13], "texture": "#7"},
				"east": {"uv": [0, 0, 1, 13], "texture": "#7"},
				"south": {"uv": [0, 0, 1, 13], "texture": "#7"},
				"west": {"uv": [0, 0, 1, 13], "texture": "#7"},
				"up": {"uv": [0, 0, 1, 13], "texture": "#7"},
				"down": {"uv": [0, 0, 1, 13], "texture": "#7"}
			}
		},
		{
			"from": [1, 8, 23],
			"to": [2, 22, 24],
			"faces": {
				"north": {"uv": [0, 0, 1, 13], "texture": "#7"},
				"east": {"uv": [0, 0, 1, 13], "texture": "#7"},
				"south": {"uv": [0, 0, 1, 13], "texture": "#7"},
				"west": {"uv": [0, 0, 1, 13], "texture": "#7"},
				"up": {"uv": [0, 0, 1, 13], "texture": "#7"},
				"down": {"uv": [0, 0, 1, 13], "texture": "#7"}
			}
		},
		{
			"from": [28, 8, 23],
			"to": [29, 21, 24],
			"faces": {
				"north": {"uv": [0, 0, 1, 13], "texture": "#7"},
				"east": {"uv": [0, 0, 1, 13], "texture": "#7"},
				"south": {"uv": [0, 0, 1, 13], "texture": "#7"},
				"west": {"uv": [0, 0, 1, 13], "texture": "#7"},
				"up": {"uv": [0, 0, 1, 13], "texture": "#7"},
				"down": {"uv": [0, 0, 1, 13], "texture": "#7"}
			}
		},
		{
			"from": [1, 2.5, 11.5],
			"to": [2, 3.5, 22.5],
			"rotation": {"angle": -45, "axis": "x", "origin": [-11.5, 7, 16.5]},
			"faces": {
				"north": {"uv": [0, 0, 1, 11], "rotation": 270, "texture": "#7"},
				"east": {"uv": [0, 0, 1, 11], "rotation": 270, "texture": "#7"},
				"south": {"uv": [0, 0, 1, 11], "rotation": 270, "texture": "#7"},
				"west": {"uv": [0, 0, 1, 11], "rotation": 270, "texture": "#7"},
				"up": {"uv": [0, 0, 1, 11], "rotation": 270, "texture": "#7"},
				"down": {"uv": [0, 0, 1, 11], "rotation": 270, "texture": "#7"}
			}
		},
		{
			"from": [-13, 2.5, 11.5],
			"to": [-12, 3.5, 22.5],
			"rotation": {"angle": -45, "axis": "x", "origin": [-11.5, 7, 16.5]},
			"faces": {
				"north": {"uv": [0, 0, 1, 11], "rotation": 270, "texture": "#7"},
				"east": {"uv": [0, 0, 1, 11], "rotation": 270, "texture": "#7"},
				"south": {"uv": [0, 0, 1, 11], "rotation": 270, "texture": "#7"},
				"west": {"uv": [0, 0, 1, 11], "rotation": 270, "texture": "#7"},
				"up": {"uv": [0, 0, 1, 11], "rotation": 270, "texture": "#7"},
				"down": {"uv": [0, 0, 1, 11], "rotation": 270, "texture": "#7"}
			}
		},
		{
			"from": [28, 2.5, 11.5],
			"to": [29, 3.5, 22.5],
			"rotation": {"angle": -45, "axis": "x", "origin": [-11.5, 7, 16.5]},
			"faces": {
				"north": {"uv": [0, 0, 1, 11], "rotation": 270, "texture": "#7"},
				"east": {"uv": [0, 0, 1, 11], "rotation": 270, "texture": "#7"},
				"south": {"uv": [0, 0, 1, 11], "rotation": 270, "texture": "#7"},
				"west": {"uv": [0, 0, 1, 11], "rotation": 270, "texture": "#7"},
				"up": {"uv": [0, 0, 1, 11], "rotation": 270, "texture": "#7"},
				"down": {"uv": [0, 0, 1, 11], "rotation": 270, "texture": "#7"}
			}
		},
		{
			"from": [29, 30, 4],
			"to": [30, 31, 23],
			"rotation": {"angle": 22.5, "axis": "x", "origin": [28.5, 24.5, 5.5]},
			"faces": {
				"north": {"uv": [0, 0, 2.498, 0.998], "rotation": 180, "texture": "#0"},
				"east": {"uv": [0, 0, 2.498, 0.998], "rotation": 180, "texture": "#0"},
				"south": {"uv": [0, 0, 2.498, 0.998], "rotation": 180, "texture": "#0"},
				"west": {"uv": [0, 0, 2.498, 0.998], "rotation": 180, "texture": "#0"},
				"up": {"uv": [0, 0, 2.498, 0.998], "rotation": 180, "texture": "#0"},
				"down": {"uv": [0, 0, 2.498, 0.998], "rotation": 180, "texture": "#0"}
			}
		},
		{
			"from": [29, 29, -10],
			"to": [30, 30, 9],
			"rotation": {"angle": -22.5, "axis": "x", "origin": [28.5, 24.5, 5.5]},
			"faces": {
				"north": {"uv": [0, 0, 1, 16], "rotation": 180, "texture": "#0"},
				"east": {"uv": [1.499, 1.249, 2.998, 2.247], "rotation": 180, "texture": "#0"},
				"south": {"uv": [0, 0, 1, 16], "rotation": 180, "texture": "#0"},
				"west": {"uv": [0, 0, 1, 16], "rotation": 180, "texture": "#0"},
				"up": {"uv": [0.25, 0, 1.249, 1.499], "rotation": 180, "texture": "#0"},
				"down": {"uv": [0, 0, 1, 16], "rotation": 180, "texture": "#0"}
			}
		},
		{
			"from": [-13, 29, -10],
			"to": [-12, 30, 9],
			"rotation": {"angle": -22.5, "axis": "x", "origin": [28.5, 24.5, 5.5]},
			"faces": {
				"north": {"uv": [0, 0, 1, 16], "rotation": 180, "texture": "#13"},
				"east": {"uv": [0, 0, 1, 16], "rotation": 180, "texture": "#13"},
				"south": {"uv": [0, 0, 1, 16], "rotation": 180, "texture": "#13"},
				"west": {"uv": [0, 0, 1, 16], "rotation": 180, "texture": "#13"},
				"up": {"uv": [0, 0, 1, 16], "rotation": 180, "texture": "#13"},
				"down": {"uv": [0, 0, 1, 16], "rotation": 180, "texture": "#13"}
			}
		},
		{
			"from": [-13, 30, 4],
			"to": [-12, 31, 23],
			"rotation": {"angle": 22.5, "axis": "x", "origin": [28.5, 24.5, 5.5]},
			"faces": {
				"north": {"uv": [0.25, 0, 1.249, 0.998], "rotation": 180, "texture": "#0"},
				"east": {"uv": [0.25, 0, 1.249, 0.998], "rotation": 180, "texture": "#0"},
				"south": {"uv": [0.25, 0, 1.249, 0.998], "rotation": 180, "texture": "#0"},
				"west": {"uv": [0.25, 0, 1.249, 0.998], "rotation": 180, "texture": "#0"},
				"up": {"uv": [0.25, 0, 1.249, 0.998], "rotation": 180, "texture": "#0"},
				"down": {"uv": [0.25, 0, 1.249, 0.998], "rotation": 180, "texture": "#0"}
			}
		},
		{
			"from": [-12, 29, -10],
			"to": [29, 29.5, 9],
			"rotation": {"angle": -22.5, "axis": "x", "origin": [28.5, 24.5, 5.5]},
			"faces": {
				"north": {"uv": [0, 0, 9.749, 1], "rotation": 180, "texture": "#12"},
				"east": {"uv": [0, 0, 9.749, 1], "rotation": 180, "texture": "#12"},
				"south": {"uv": [0, 0, 9.749, 1], "rotation": 180, "texture": "#12"},
				"west": {"uv": [0, 0, 9.749, 1], "rotation": 180, "texture": "#12"},
				"up": {"uv": [0, 0, 9.749, 1], "rotation": 180, "texture": "#12"},
				"down": {"uv": [0, 0, 9.749, 1], "rotation": 180, "texture": "#12"}
			}
		},
		{
			"from": [-12, 30, 4],
			"to": [29, 30.5, 23],
			"rotation": {"angle": 22.5, "axis": "x", "origin": [28.5, 24.5, 5.5]},
			"faces": {
				"north": {"uv": [0, 0, 9, 1], "rotation": 180, "texture": "#12"},
				"east": {"uv": [0, 0, 9, 1], "rotation": 180, "texture": "#12"},
				"south": {"uv": [0, 0, 9, 1], "rotation": 180, "texture": "#12"},
				"west": {"uv": [0, 0, 9, 1], "rotation": 180, "texture": "#12"},
				"up": {"uv": [0, 0, 9, 1], "rotation": 180, "texture": "#12"},
				"down": {"uv": [0, 0, 9, 1], "rotation": 180, "texture": "#12"}
			}
		},
		{
			"from": [-12, 30, 6],
			"to": [29, 31, 7],
			"faces": {
				"north": {"uv": [0, 0, 16, 1], "texture": "#13"},
				"east": {"uv": [0, 0, 16, 1], "texture": "#13"},
				"south": {"uv": [0, 0, 16, 1], "texture": "#13"},
				"west": {"uv": [0, 0, 16, 1], "texture": "#13"},
				"up": {"uv": [0, 0, 16, 1], "texture": "#13"},
				"down": {"uv": [0, 0, 16, 1], "texture": "#13"}
			}
		},
		{
			"from": [1, 3, 0],
			"to": [16, 3.1, 11],
			"faces": {
				"north": {"uv": [0, 0, 15, 11], "texture": "#10"},
				"east": {"uv": [0, 0, 15, 11], "texture": "#10"},
				"south": {"uv": [0, 0, 15, 11], "texture": "#10"},
				"west": {"uv": [0, 0, 15, 11], "texture": "#10"},
				"up": {"uv": [0, 0, 15, 11], "texture": "#10"},
				"down": {"uv": [0, 0, 15, 11], "texture": "#10"}
			}
		},
		{
			"from": [1, 6, 0],
			"to": [16, 7, 11],
			"faces": {
				"north": {"uv": [0, 0, 15, 11], "texture": "#10"},
				"east": {"uv": [0, 0, 15, 11], "texture": "#10"},
				"south": {"uv": [0, 0, 15, 11], "texture": "#10"},
				"west": {"uv": [0, 0, 15, 11], "texture": "#10"},
				"up": {"uv": [0, 0, 15, 11], "texture": "#10"},
				"down": {"uv": [0, 0, 15, 11], "texture": "#10"}
			}
		},
		{
			"from": [1, 10, 0],
			"to": [16, 11, 11],
			"faces": {
				"north": {"uv": [0, 0, 15, 11], "texture": "#10"},
				"east": {"uv": [0, 0, 15, 11], "texture": "#10"},
				"south": {"uv": [0, 0, 15, 11], "texture": "#10"},
				"west": {"uv": [0, 0, 15, 11], "texture": "#10"},
				"up": {"uv": [0, 0, 15, 11], "texture": "#10"},
				"down": {"uv": [0, 0, 15, 11], "texture": "#10"}
			}
		},
		{
			"from": [0, -11, -4],
			"to": [1, -8, -3],
			"faces": {
				"north": {"uv": [0, 0, 1, 3], "texture": "#14"},
				"east": {"uv": [0, 0, 1, 3], "texture": "#15"},
				"south": {"uv": [0, 0, 1, 3], "texture": "#14"},
				"west": {"uv": [0, 0, 1, 3], "texture": "#15"},
				"up": {"uv": [0, 0, 1, 1], "texture": "#15"},
				"down": {"uv": [0, 0, 1, 1], "texture": "#15"}
			}
		},
		{
			"from": [-1, -13, -4],
			"to": [0, -11, -3],
			"faces": {
				"north": {"uv": [0, 0, 1, 2], "texture": "#14"},
				"east": {"uv": [0, 0, 1, 2], "texture": "#15"},
				"south": {"uv": [0, 0, 1, 2], "texture": "#14"},
				"west": {"uv": [0, 0, 1, 2], "texture": "#15"},
				"up": {"uv": [0, 0, 1, 1], "texture": "#15"},
				"down": {"uv": [0, 0, 1, 1], "texture": "#15"}
			}
		},
		{
			"from": [-2, -14, -4],
			"to": [-1, -13, -3],
			"faces": {
				"north": {"uv": [0, 0, 1, 1], "texture": "#14"},
				"east": {"uv": [0, 0, 1, 1], "texture": "#15"},
				"south": {"uv": [0, 0, 1, 1], "texture": "#14"},
				"west": {"uv": [0, 0, 1, 1], "texture": "#15"},
				"up": {"uv": [0, 0, 1, 1], "texture": "#15"},
				"down": {"uv": [0, 0, 1, 1], "texture": "#15"}
			}
		},
		{
			"from": [-4, -15, -4],
			"to": [-2, -14, -3],
			"faces": {
				"north": {"uv": [0, 0, 2, 1], "texture": "#14"},
				"east": {"uv": [0, 0, 1, 1], "texture": "#15"},
				"south": {"uv": [0, 0, 2, 1], "texture": "#14"},
				"west": {"uv": [0, 0, 1, 1], "texture": "#15"},
				"up": {"uv": [0, 0, 2, 1], "texture": "#15"},
				"down": {"uv": [0, 0, 2, 1], "texture": "#15"}
			}
		},
		{
			"from": [-9, -15, -4],
			"to": [-7, -14, -3],
			"faces": {
				"north": {"uv": [0, 0, 2, 1], "texture": "#14"},
				"east": {"uv": [0, 0, 1, 1], "texture": "#15"},
				"south": {"uv": [0, 0, 2, 1], "texture": "#14"},
				"west": {"uv": [0, 0, 1, 1], "texture": "#15"},
				"up": {"uv": [0, 0, 2, 1], "texture": "#15"},
				"down": {"uv": [0, 0, 2, 1], "texture": "#15"}
			}
		},
		{
			"from": [-10, -14, -4],
			"to": [-9, -13, -3],
			"faces": {
				"north": {"uv": [0, 0, 1, 1], "texture": "#14"},
				"east": {"uv": [0, 0, 1, 1], "texture": "#15"},
				"south": {"uv": [0, 0, 1, 1], "texture": "#14"},
				"west": {"uv": [0, 0, 1, 1], "texture": "#15"},
				"up": {"uv": [0, 0, 1, 1], "texture": "#15"},
				"down": {"uv": [0, 0, 1, 1], "texture": "#15"}
			}
		},
		{
			"from": [-11, -13, -4],
			"to": [-10, -11, -3],
			"faces": {
				"north": {"uv": [0, 0, 1, 2], "texture": "#14"},
				"east": {"uv": [0, 0, 1, 2], "texture": "#15"},
				"south": {"uv": [0, 0, 1, 2], "texture": "#14"},
				"west": {"uv": [0, 0, 1, 2], "texture": "#15"},
				"up": {"uv": [0, 0, 1, 1], "texture": "#15"},
				"down": {"uv": [0, 0, 1, 1], "texture": "#15"}
			}
		},
		{
			"from": [-12, -11, -4],
			"to": [-11, -8, -3],
			"faces": {
				"north": {"uv": [0, 0, 1, 3], "texture": "#14"},
				"east": {"uv": [0, 0, 1, 3], "texture": "#15"},
				"south": {"uv": [0, 0, 1, 3], "texture": "#14"},
				"west": {"uv": [0, 0, 1, 3], "texture": "#15"},
				"up": {"uv": [0, 0, 1, 1], "texture": "#15"},
				"down": {"uv": [0, 0, 1, 1], "texture": "#15"}
			}
		},
		{
			"from": [-11, -8, -4],
			"to": [-10, -6, -3],
			"faces": {
				"north": {"uv": [0, 0, 1, 2], "texture": "#14"},
				"east": {"uv": [0, 0, 1, 2], "texture": "#15"},
				"south": {"uv": [0, 0, 1, 2], "texture": "#14"},
				"west": {"uv": [0, 0, 1, 2], "texture": "#15"},
				"up": {"uv": [0, 0, 1, 1], "texture": "#15"},
				"down": {"uv": [0, 0, 1, 1], "texture": "#15"}
			}
		},
		{
			"from": [-10, -6, -4],
			"to": [-9, -5, -3],
			"faces": {
				"north": {"uv": [0, 0, 1, 1], "texture": "#14"},
				"east": {"uv": [0, 0, 1, 1], "texture": "#15"},
				"south": {"uv": [0, 0, 1, 1], "texture": "#14"},
				"west": {"uv": [0, 0, 1, 1], "texture": "#15"},
				"up": {"uv": [0, 0, 1, 1], "texture": "#15"},
				"down": {"uv": [0, 0, 1, 1], "texture": "#15"}
			}
		},
		{
			"from": [-2, -6, -4],
			"to": [-1, -5, -3],
			"faces": {
				"north": {"uv": [0, 0, 1, 1], "texture": "#14"},
				"east": {"uv": [0, 0, 1, 1], "texture": "#15"},
				"south": {"uv": [0, 0, 1, 1], "texture": "#14"},
				"west": {"uv": [0, 0, 1, 1], "texture": "#15"},
				"up": {"uv": [0, 0, 1, 1], "texture": "#15"},
				"down": {"uv": [0, 0, 1, 1], "texture": "#15"}
			}
		},
		{
			"from": [-4, -5, -4],
			"to": [-2, -4, -3],
			"faces": {
				"north": {"uv": [0, 0, 2, 1], "texture": "#14"},
				"east": {"uv": [0, 0, 1, 1], "texture": "#15"},
				"south": {"uv": [0, 0, 2, 1], "texture": "#14"},
				"west": {"uv": [0, 0, 1, 1], "texture": "#15"},
				"up": {"uv": [0, 0, 2, 1], "texture": "#15"},
				"down": {"uv": [0, 0, 2, 1], "texture": "#15"}
			}
		},
		{
			"from": [-9, -5, -4],
			"to": [-7, -4, -3],
			"faces": {
				"north": {"uv": [0, 0, 2, 1], "texture": "#14"},
				"east": {"uv": [0, 0, 1, 1], "texture": "#15"},
				"south": {"uv": [0, 0, 2, 1], "texture": "#14"},
				"west": {"uv": [0, 0, 1, 1], "texture": "#15"},
				"up": {"uv": [0, 0, 2, 1], "texture": "#15"},
				"down": {"uv": [0, 0, 2, 1], "texture": "#15"}
			}
		},
		{
			"from": [-7, -16, -4],
			"to": [-4, -15, -3],
			"faces": {
				"north": {"uv": [0, 0, 3, 1], "texture": "#14"},
				"east": {"uv": [0, 0, 1, 1], "texture": "#15"},
				"south": {"uv": [0, 0, 3, 1], "texture": "#14"},
				"west": {"uv": [0, 0, 1, 1], "texture": "#15"},
				"up": {"uv": [0, 0, 3, 1], "texture": "#15"},
				"down": {"uv": [0, 0, 3, 1], "texture": "#15"}
			}
		},
		{
			"from": [-7, -4, -4],
			"to": [-4, -3, -3],
			"faces": {
				"north": {"uv": [0, 0, 3, 1], "texture": "#14"},
				"east": {"uv": [0, 0, 1, 1], "texture": "#15"},
				"south": {"uv": [0, 0, 3, 1], "texture": "#14"},
				"west": {"uv": [0, 0, 1, 1], "texture": "#15"},
				"up": {"uv": [0, 0, 3, 1], "texture": "#15"},
				"down": {"uv": [0, 0, 3, 1], "texture": "#15"}
			}
		},
		{
			"from": [-1, -8, -4],
			"to": [0, -6, -3],
			"faces": {
				"north": {"uv": [0, 0, 1, 2], "texture": "#14"},
				"east": {"uv": [0, 0, 1, 2], "texture": "#15"},
				"south": {"uv": [0, 0, 1, 2], "texture": "#14"},
				"west": {"uv": [0, 0, 1, 2], "texture": "#15"},
				"up": {"uv": [0, 0, 1, 1], "texture": "#15"},
				"down": {"uv": [0, 0, 1, 1], "texture": "#15"}
			}
		},
		{
			"from": [-11, -10, -4],
			"to": [0, -9, -3],
			"faces": {
				"north": {"uv": [0, 0, 11, 1], "texture": "#14"},
				"east": {"uv": [0, 0, 1, 1], "texture": "#15"},
				"south": {"uv": [0, 0, 11, 1], "texture": "#14"},
				"west": {"uv": [0, 0, 1, 1], "texture": "#15"},
				"up": {"uv": [0, 0, 11, 1], "texture": "#15"},
				"down": {"uv": [0, 0, 11, 1], "texture": "#15"}
			}
		},
		{
			"from": [-6, -15, -4],
			"to": [-5, -4, -3],
			"rotation": {"angle": 22.5, "axis": "z", "origin": [-5.5, -9.5, -3.5]},
			"faces": {
				"north": {"uv": [0, 0, 11, 1], "rotation": 270, "texture": "#14"},
				"east": {"uv": [0, 0, 11, 1], "rotation": 90, "texture": "#15"},
				"south": {"uv": [0, 0, 11, 1], "rotation": 90, "texture": "#14"},
				"west": {"uv": [0, 0, 11, 1], "rotation": 90, "texture": "#15"},
				"up": {"uv": [0, 0, 1, 1], "rotation": 90, "texture": "#15"},
				"down": {"uv": [0, 0, 1, 1], "rotation": 90, "texture": "#15"}
			}
		},
		{
			"from": [-11, -10, -4],
			"to": [0, -9, -3],
			"rotation": {"angle": -22.5, "axis": "z", "origin": [-5.5, -9.5, -3.5]},
			"faces": {
				"north": {"uv": [0, 0, 11, 1], "texture": "#14"},
				"east": {"uv": [0, 0, 1, 1], "texture": "#15"},
				"south": {"uv": [0, 0, 11, 1], "texture": "#14"},
				"west": {"uv": [0, 0, 1, 1], "texture": "#15"},
				"up": {"uv": [0, 0, 11, 1], "texture": "#15"},
				"down": {"uv": [0, 0, 11, 1], "texture": "#15"}
			}
		},
		{
			"from": [-6, -15, -4],
			"to": [-5, -4, -3],
			"rotation": {"angle": -22.5, "axis": "z", "origin": [-5.5, -9.5, -3.5]},
			"faces": {
				"north": {"uv": [0, 0, 11, 1], "rotation": 90, "texture": "#14"},
				"east": {"uv": [0, 0, 11, 1], "rotation": 270, "texture": "#15"},
				"south": {"uv": [0, 0, 11, 1], "rotation": 270, "texture": "#14"},
				"west": {"uv": [0, 0, 11, 1], "rotation": 270, "texture": "#15"},
				"up": {"uv": [0, 0, 1, 1], "rotation": 270, "texture": "#15"},
				"down": {"uv": [0, 0, 1, 1], "rotation": 270, "texture": "#15"}
			}
		},
		{
			"from": [-11, -10, -4],
			"to": [0, -9, -3],
			"rotation": {"angle": 22.5, "axis": "z", "origin": [-5.5, -9.5, -3.5]},
			"faces": {
				"north": {"uv": [0, 0, 11, 1], "texture": "#14"},
				"east": {"uv": [0, 0, 1, 1], "texture": "#15"},
				"south": {"uv": [0, 0, 11, 1], "texture": "#14"},
				"west": {"uv": [0, 0, 1, 1], "texture": "#15"},
				"up": {"uv": [0, 0, 11, 1], "texture": "#15"},
				"down": {"uv": [0, 0, 11, 1], "texture": "#15"}
			}
		},
		{
			"from": [19, -4, -4],
			"to": [22, -3, -3],
			"faces": {
				"north": {"uv": [0, 0, 3, 1], "texture": "#14"},
				"east": {"uv": [0, 0, 1, 1], "texture": "#15"},
				"south": {"uv": [0, 0, 3, 1], "texture": "#14"},
				"west": {"uv": [0, 0, 1, 1], "texture": "#15"},
				"up": {"uv": [0, 0, 3, 1], "texture": "#15"},
				"down": {"uv": [0, 0, 3, 1], "texture": "#15"}
			}
		},
		{
			"from": [19, -16, -4],
			"to": [22, -15, -3],
			"faces": {
				"north": {"uv": [0, 0, 3, 1], "texture": "#14"},
				"east": {"uv": [0, 0, 1, 1], "texture": "#15"},
				"south": {"uv": [0, 0, 3, 1], "texture": "#14"},
				"west": {"uv": [0, 0, 1, 1], "texture": "#15"},
				"up": {"uv": [0, 0, 3, 1], "texture": "#15"},
				"down": {"uv": [0, 0, 3, 1], "texture": "#15"}
			}
		},
		{
			"from": [17, -5, -4],
			"to": [19, -4, -3],
			"faces": {
				"north": {"uv": [0, 0, 2, 1], "texture": "#14"},
				"east": {"uv": [0, 0, 1, 1], "texture": "#15"},
				"south": {"uv": [0, 0, 2, 1], "texture": "#14"},
				"west": {"uv": [0, 0, 1, 1], "texture": "#15"},
				"up": {"uv": [0, 0, 2, 1], "texture": "#15"},
				"down": {"uv": [0, 0, 2, 1], "texture": "#15"}
			}
		},
		{
			"from": [22, -5, -4],
			"to": [24, -4, -3],
			"faces": {
				"north": {"uv": [0, 0, 2, 1], "texture": "#14"},
				"east": {"uv": [0, 0, 1, 1], "texture": "#15"},
				"south": {"uv": [0, 0, 2, 1], "texture": "#14"},
				"west": {"uv": [0, 0, 1, 1], "texture": "#15"},
				"up": {"uv": [0, 0, 2, 1], "texture": "#15"},
				"down": {"uv": [0, 0, 2, 1], "texture": "#15"}
			}
		},
		{
			"from": [24, -6, -4],
			"to": [25, -5, -3],
			"faces": {
				"north": {"uv": [0, 0, 1, 1], "texture": "#14"},
				"east": {"uv": [0, 0, 1, 1], "texture": "#15"},
				"south": {"uv": [0, 0, 1, 1], "texture": "#14"},
				"west": {"uv": [0, 0, 1, 1], "texture": "#15"},
				"up": {"uv": [0, 0, 1, 1], "texture": "#15"},
				"down": {"uv": [0, 0, 1, 1], "texture": "#15"}
			}
		},
		{
			"from": [16, -6, -4],
			"to": [17, -5, -3],
			"faces": {
				"north": {"uv": [0, 0, 1, 1], "texture": "#14"},
				"east": {"uv": [0, 0, 1, 1], "texture": "#15"},
				"south": {"uv": [0, 0, 1, 1], "texture": "#14"},
				"west": {"uv": [0, 0, 1, 1], "texture": "#15"},
				"up": {"uv": [0, 0, 1, 1], "texture": "#15"},
				"down": {"uv": [0, 0, 1, 1], "texture": "#15"}
			}
		},
		{
			"from": [15, -8, -4],
			"to": [16, -6, -3],
			"faces": {
				"north": {"uv": [0, 0, 1, 2], "texture": "#14"},
				"east": {"uv": [0, 0, 1, 2], "texture": "#15"},
				"south": {"uv": [0, 0, 1, 2], "texture": "#14"},
				"west": {"uv": [0, 0, 1, 2], "texture": "#15"},
				"up": {"uv": [0, 0, 1, 1], "texture": "#15"},
				"down": {"uv": [0, 0, 1, 1], "texture": "#15"}
			}
		},
		{
			"from": [14, -11, -4],
			"to": [15, -8, -3],
			"faces": {
				"north": {"uv": [0, 0, 1, 3], "texture": "#14"},
				"east": {"uv": [0, 0, 1, 3], "texture": "#15"},
				"south": {"uv": [0, 0, 1, 3], "texture": "#14"},
				"west": {"uv": [0, 0, 1, 3], "texture": "#15"},
				"up": {"uv": [0, 0, 1, 1], "texture": "#15"},
				"down": {"uv": [0, 0, 1, 1], "texture": "#15"}
			}
		},
		{
			"from": [15, -13, -4],
			"to": [16, -11, -3],
			"faces": {
				"north": {"uv": [0, 0, 1, 2], "texture": "#14"},
				"east": {"uv": [0, 0, 1, 2], "texture": "#15"},
				"south": {"uv": [0, 0, 1, 2], "texture": "#14"},
				"west": {"uv": [0, 0, 1, 2], "texture": "#15"},
				"up": {"uv": [0, 0, 1, 1], "texture": "#15"},
				"down": {"uv": [0, 0, 1, 1], "texture": "#15"}
			}
		},
		{
			"from": [16, -14, -4],
			"to": [17, -13, -3],
			"faces": {
				"north": {"uv": [0, 0, 1, 1], "texture": "#14"},
				"east": {"uv": [0, 0, 1, 1], "texture": "#15"},
				"south": {"uv": [0, 0, 1, 1], "texture": "#14"},
				"west": {"uv": [0, 0, 1, 1], "texture": "#15"},
				"up": {"uv": [0, 0, 1, 1], "texture": "#15"},
				"down": {"uv": [0, 0, 1, 1], "texture": "#15"}
			}
		},
		{
			"from": [17, -15, -4],
			"to": [19, -14, -3],
			"faces": {
				"north": {"uv": [0, 0, 2, 1], "texture": "#14"},
				"east": {"uv": [0, 0, 1, 1], "texture": "#15"},
				"south": {"uv": [0, 0, 2, 1], "texture": "#14"},
				"west": {"uv": [0, 0, 1, 1], "texture": "#15"},
				"up": {"uv": [0, 0, 2, 1], "texture": "#15"},
				"down": {"uv": [0, 0, 2, 1], "texture": "#15"}
			}
		},
		{
			"from": [22, -15, -4],
			"to": [24, -14, -3],
			"faces": {
				"north": {"uv": [0, 0, 2, 1], "texture": "#14"},
				"east": {"uv": [0, 0, 1, 1], "texture": "#15"},
				"south": {"uv": [0, 0, 2, 1], "texture": "#14"},
				"west": {"uv": [0, 0, 1, 1], "texture": "#15"},
				"up": {"uv": [0, 0, 2, 1], "texture": "#15"},
				"down": {"uv": [0, 0, 2, 1], "texture": "#15"}
			}
		},
		{
			"from": [24, -14, -4],
			"to": [25, -13, -3],
			"faces": {
				"north": {"uv": [0, 0, 1, 1], "texture": "#14"},
				"east": {"uv": [0, 0, 1, 1], "texture": "#15"},
				"south": {"uv": [0, 0, 1, 1], "texture": "#14"},
				"west": {"uv": [0, 0, 1, 1], "texture": "#15"},
				"up": {"uv": [0, 0, 1, 1], "texture": "#15"},
				"down": {"uv": [0, 0, 1, 1], "texture": "#15"}
			}
		},
		{
			"from": [25, -13, -4],
			"to": [26, -11, -3],
			"faces": {
				"north": {"uv": [0, 0, 1, 2], "texture": "#14"},
				"east": {"uv": [0, 0, 1, 2], "texture": "#15"},
				"south": {"uv": [0, 0, 1, 2], "texture": "#14"},
				"west": {"uv": [0, 0, 1, 2], "texture": "#15"},
				"up": {"uv": [0, 0, 1, 1], "texture": "#15"},
				"down": {"uv": [0, 0, 1, 1], "texture": "#15"}
			}
		},
		{
			"from": [26, -11, -4],
			"to": [27, -8, -3],
			"faces": {
				"north": {"uv": [0, 0, 1, 3], "texture": "#14"},
				"east": {"uv": [0, 0, 1, 3], "texture": "#15"},
				"south": {"uv": [0, 0, 1, 3], "texture": "#14"},
				"west": {"uv": [0, 0, 1, 3], "texture": "#15"},
				"up": {"uv": [0, 0, 1, 1], "texture": "#15"},
				"down": {"uv": [0, 0, 1, 1], "texture": "#15"}
			}
		},
		{
			"from": [25, -8, -4],
			"to": [26, -6, -3],
			"faces": {
				"north": {"uv": [0, 0, 1, 2], "texture": "#14"},
				"east": {"uv": [0, 0, 1, 2], "texture": "#15"},
				"south": {"uv": [0, 0, 1, 2], "texture": "#14"},
				"west": {"uv": [0, 0, 1, 2], "texture": "#15"},
				"up": {"uv": [0, 0, 1, 1], "texture": "#15"},
				"down": {"uv": [0, 0, 1, 1], "texture": "#15"}
			}
		},
		{
			"from": [15, -10, -4],
			"to": [26, -9, -3],
			"faces": {
				"north": {"uv": [0, 0, 11, 1], "texture": "#14"},
				"east": {"uv": [0, 0, 1, 1], "texture": "#15"},
				"south": {"uv": [0, 0, 11, 1], "texture": "#14"},
				"west": {"uv": [0, 0, 1, 1], "texture": "#15"},
				"up": {"uv": [0, 0, 11, 1], "texture": "#15"},
				"down": {"uv": [0, 0, 11, 1], "texture": "#15"}
			}
		},
		{
			"from": [20, -15, -4],
			"to": [21, -4, -3],
			"rotation": {"angle": 22.5, "axis": "z", "origin": [20.5, -9.5, -3.5]},
			"faces": {
				"north": {"uv": [0, 0, 11, 1], "rotation": 270, "texture": "#14"},
				"east": {"uv": [0, 0, 11, 1], "rotation": 90, "texture": "#15"},
				"south": {"uv": [0, 0, 11, 1], "rotation": 90, "texture": "#14"},
				"west": {"uv": [0, 0, 11, 1], "rotation": 90, "texture": "#15"},
				"up": {"uv": [0, 0, 1, 1], "rotation": 90, "texture": "#15"},
				"down": {"uv": [0, 0, 1, 1], "rotation": 90, "texture": "#15"}
			}
		},
		{
			"from": [15, -10, -4],
			"to": [26, -9, -3],
			"rotation": {"angle": -22.5, "axis": "z", "origin": [20.5, -9.5, -3.5]},
			"faces": {
				"north": {"uv": [0, 0, 11, 1], "texture": "#14"},
				"east": {"uv": [0, 0, 1, 1], "texture": "#15"},
				"south": {"uv": [0, 0, 11, 1], "texture": "#14"},
				"west": {"uv": [0, 0, 1, 1], "texture": "#15"},
				"up": {"uv": [0, 0, 11, 1], "texture": "#15"},
				"down": {"uv": [0, 0, 11, 1], "texture": "#15"}
			}
		},
		{
			"from": [20, -15, -4],
			"to": [21, -4, -3],
			"rotation": {"angle": -22.5, "axis": "z", "origin": [20.5, -9.5, -3.5]},
			"faces": {
				"north": {"uv": [0, 0, 11, 1], "rotation": 90, "texture": "#14"},
				"east": {"uv": [0, 0, 11, 1], "rotation": 270, "texture": "#15"},
				"south": {"uv": [0, 0, 11, 1], "rotation": 270, "texture": "#14"},
				"west": {"uv": [0, 0, 11, 1], "rotation": 270, "texture": "#15"},
				"up": {"uv": [0, 0, 1, 1], "rotation": 270, "texture": "#15"},
				"down": {"uv": [0, 0, 1, 1], "rotation": 270, "texture": "#15"}
			}
		},
		{
			"from": [15, -10, -4],
			"to": [26, -9, -3],
			"rotation": {"angle": 22.5, "axis": "z", "origin": [20.5, -9.5, -3.5]},
			"faces": {
				"north": {"uv": [0, 0, 11, 1], "texture": "#14"},
				"east": {"uv": [0, 0, 1, 1], "texture": "#15"},
				"south": {"uv": [0, 0, 11, 1], "texture": "#14"},
				"west": {"uv": [0, 0, 1, 1], "texture": "#15"},
				"up": {"uv": [0, 0, 11, 1], "texture": "#15"},
				"down": {"uv": [0, 0, 11, 1], "texture": "#15"}
			}
		},
		{
			"from": [19, -4, 17],
			"to": [22, -3, 18],
			"faces": {
				"north": {"uv": [0, 0, 3, 1], "texture": "#14"},
				"east": {"uv": [0, 0, 1, 1], "texture": "#15"},
				"south": {"uv": [0, 0, 3, 1], "texture": "#14"},
				"west": {"uv": [0, 0, 1, 1], "texture": "#15"},
				"up": {"uv": [0, 0, 3, 1], "texture": "#15"},
				"down": {"uv": [0, 0, 3, 1], "texture": "#15"}
			}
		},
		{
			"from": [19, -16, 17],
			"to": [22, -15, 18],
			"faces": {
				"north": {"uv": [0, 0, 3, 1], "texture": "#14"},
				"east": {"uv": [0, 0, 1, 1], "texture": "#15"},
				"south": {"uv": [0, 0, 3, 1], "texture": "#14"},
				"west": {"uv": [0, 0, 1, 1], "texture": "#15"},
				"up": {"uv": [0, 0, 3, 1], "texture": "#15"},
				"down": {"uv": [0, 0, 3, 1], "texture": "#15"}
			}
		},
		{
			"from": [17, -5, 17],
			"to": [19, -4, 18],
			"faces": {
				"north": {"uv": [0, 0, 2, 1], "texture": "#14"},
				"east": {"uv": [0, 0, 1, 1], "texture": "#15"},
				"south": {"uv": [0, 0, 2, 1], "texture": "#14"},
				"west": {"uv": [0, 0, 1, 1], "texture": "#15"},
				"up": {"uv": [0, 0, 2, 1], "texture": "#15"},
				"down": {"uv": [0, 0, 2, 1], "texture": "#15"}
			}
		},
		{
			"from": [22, -5, 17],
			"to": [24, -4, 18],
			"faces": {
				"north": {"uv": [0, 0, 2, 1], "texture": "#14"},
				"east": {"uv": [0, 0, 1, 1], "texture": "#15"},
				"south": {"uv": [0, 0, 2, 1], "texture": "#14"},
				"west": {"uv": [0, 0, 1, 1], "texture": "#15"},
				"up": {"uv": [0, 0, 2, 1], "texture": "#15"},
				"down": {"uv": [0, 0, 2, 1], "texture": "#15"}
			}
		},
		{
			"from": [24, -6, 17],
			"to": [25, -5, 18],
			"faces": {
				"north": {"uv": [0, 0, 1, 1], "texture": "#14"},
				"east": {"uv": [0, 0, 1, 1], "texture": "#15"},
				"south": {"uv": [0, 0, 1, 1], "texture": "#14"},
				"west": {"uv": [0, 0, 1, 1], "texture": "#15"},
				"up": {"uv": [0, 0, 1, 1], "texture": "#15"},
				"down": {"uv": [0, 0, 1, 1], "texture": "#15"}
			}
		},
		{
			"from": [16, -6, 17],
			"to": [17, -5, 18],
			"faces": {
				"north": {"uv": [0, 0, 1, 1], "texture": "#14"},
				"east": {"uv": [0, 0, 1, 1], "texture": "#15"},
				"south": {"uv": [0, 0, 1, 1], "texture": "#14"},
				"west": {"uv": [0, 0, 1, 1], "texture": "#15"},
				"up": {"uv": [0, 0, 1, 1], "texture": "#15"},
				"down": {"uv": [0, 0, 1, 1], "texture": "#15"}
			}
		},
		{
			"from": [15, -8, 17],
			"to": [16, -6, 18],
			"faces": {
				"north": {"uv": [0, 0, 1, 2], "texture": "#14"},
				"east": {"uv": [0, 0, 1, 2], "texture": "#15"},
				"south": {"uv": [0, 0, 1, 2], "texture": "#14"},
				"west": {"uv": [0, 0, 1, 2], "texture": "#15"},
				"up": {"uv": [0, 0, 1, 1], "texture": "#15"},
				"down": {"uv": [0, 0, 1, 1], "texture": "#15"}
			}
		},
		{
			"from": [14, -11, 17],
			"to": [15, -8, 18],
			"faces": {
				"north": {"uv": [0, 0, 1, 3], "texture": "#14"},
				"east": {"uv": [0, 0, 1, 3], "texture": "#15"},
				"south": {"uv": [0, 0, 1, 3], "texture": "#14"},
				"west": {"uv": [0, 0, 1, 3], "texture": "#15"},
				"up": {"uv": [0, 0, 1, 1], "texture": "#15"},
				"down": {"uv": [0, 0, 1, 1], "texture": "#15"}
			}
		},
		{
			"from": [15, -13, 17],
			"to": [16, -11, 18],
			"faces": {
				"north": {"uv": [0, 0, 1, 2], "texture": "#14"},
				"east": {"uv": [0, 0, 1, 2], "texture": "#15"},
				"south": {"uv": [0, 0, 1, 2], "texture": "#14"},
				"west": {"uv": [0, 0, 1, 2], "texture": "#15"},
				"up": {"uv": [0, 0, 1, 1], "texture": "#15"},
				"down": {"uv": [0, 0, 1, 1], "texture": "#15"}
			}
		},
		{
			"from": [16, -14, 17],
			"to": [17, -13, 18],
			"faces": {
				"north": {"uv": [0, 0, 1, 1], "texture": "#14"},
				"east": {"uv": [0, 0, 1, 1], "texture": "#15"},
				"south": {"uv": [0, 0, 1, 1], "texture": "#14"},
				"west": {"uv": [0, 0, 1, 1], "texture": "#15"},
				"up": {"uv": [0, 0, 1, 1], "texture": "#15"},
				"down": {"uv": [0, 0, 1, 1], "texture": "#15"}
			}
		},
		{
			"from": [17, -15, 17],
			"to": [19, -14, 18],
			"faces": {
				"north": {"uv": [0, 0, 2, 1], "texture": "#14"},
				"east": {"uv": [0, 0, 1, 1], "texture": "#15"},
				"south": {"uv": [0, 0, 2, 1], "texture": "#14"},
				"west": {"uv": [0, 0, 1, 1], "texture": "#15"},
				"up": {"uv": [0, 0, 2, 1], "texture": "#15"},
				"down": {"uv": [0, 0, 2, 1], "texture": "#15"}
			}
		},
		{
			"from": [22, -15, 17],
			"to": [24, -14, 18],
			"faces": {
				"north": {"uv": [0, 0, 2, 1], "texture": "#14"},
				"east": {"uv": [0, 0, 1, 1], "texture": "#15"},
				"south": {"uv": [0, 0, 2, 1], "texture": "#14"},
				"west": {"uv": [0, 0, 1, 1], "texture": "#15"},
				"up": {"uv": [0, 0, 2, 1], "texture": "#15"},
				"down": {"uv": [0, 0, 2, 1], "texture": "#15"}
			}
		},
		{
			"from": [24, -14, 17],
			"to": [25, -13, 18],
			"faces": {
				"north": {"uv": [0, 0, 1, 1], "texture": "#14"},
				"east": {"uv": [0, 0, 1, 1], "texture": "#15"},
				"south": {"uv": [0, 0, 1, 1], "texture": "#14"},
				"west": {"uv": [0, 0, 1, 1], "texture": "#15"},
				"up": {"uv": [0, 0, 1, 1], "texture": "#15"},
				"down": {"uv": [0, 0, 1, 1], "texture": "#15"}
			}
		},
		{
			"from": [25, -13, 17],
			"to": [26, -11, 18],
			"faces": {
				"north": {"uv": [0, 0, 1, 2], "texture": "#14"},
				"east": {"uv": [0, 0, 1, 2], "texture": "#15"},
				"south": {"uv": [0, 0, 1, 2], "texture": "#14"},
				"west": {"uv": [0, 0, 1, 2], "texture": "#15"},
				"up": {"uv": [0, 0, 1, 1], "texture": "#15"},
				"down": {"uv": [0, 0, 1, 1], "texture": "#15"}
			}
		},
		{
			"from": [26, -11, 17],
			"to": [27, -8, 18],
			"faces": {
				"north": {"uv": [0, 0, 1, 3], "texture": "#14"},
				"east": {"uv": [0, 0, 1, 3], "texture": "#15"},
				"south": {"uv": [0, 0, 1, 3], "texture": "#14"},
				"west": {"uv": [0, 0, 1, 3], "texture": "#15"},
				"up": {"uv": [0, 0, 1, 1], "texture": "#15"},
				"down": {"uv": [0, 0, 1, 1], "texture": "#15"}
			}
		},
		{
			"from": [25, -8, 17],
			"to": [26, -6, 18],
			"faces": {
				"north": {"uv": [0, 0, 1, 2], "texture": "#14"},
				"east": {"uv": [0, 0, 1, 2], "texture": "#15"},
				"south": {"uv": [0, 0, 1, 2], "texture": "#14"},
				"west": {"uv": [0, 0, 1, 2], "texture": "#15"},
				"up": {"uv": [0, 0, 1, 1], "texture": "#15"},
				"down": {"uv": [0, 0, 1, 1], "texture": "#15"}
			}
		},
		{
			"from": [15, -10, 17],
			"to": [26, -9, 18],
			"faces": {
				"north": {"uv": [0, 0, 11, 1], "texture": "#14"},
				"east": {"uv": [0, 0, 1, 1], "texture": "#15"},
				"south": {"uv": [0, 0, 11, 1], "texture": "#14"},
				"west": {"uv": [0, 0, 1, 1], "texture": "#15"},
				"up": {"uv": [0, 0, 11, 1], "texture": "#15"},
				"down": {"uv": [0, 0, 11, 1], "texture": "#15"}
			}
		},
		{
			"from": [20, -15, 17],
			"to": [21, -4, 18],
			"rotation": {"angle": 22.5, "axis": "z", "origin": [20.5, -9.5, 17.5]},
			"faces": {
				"north": {"uv": [0, 0, 11, 1], "rotation": 270, "texture": "#14"},
				"east": {"uv": [0, 0, 11, 1], "rotation": 90, "texture": "#15"},
				"south": {"uv": [0, 0, 11, 1], "rotation": 90, "texture": "#14"},
				"west": {"uv": [0, 0, 11, 1], "rotation": 90, "texture": "#15"},
				"up": {"uv": [0, 0, 1, 1], "rotation": 90, "texture": "#15"},
				"down": {"uv": [0, 0, 1, 1], "rotation": 90, "texture": "#15"}
			}
		},
		{
			"from": [15, -10, 17],
			"to": [26, -9, 18],
			"rotation": {"angle": -22.5, "axis": "z", "origin": [20.5, -9.5, 17.5]},
			"faces": {
				"north": {"uv": [0, 0, 11, 1], "texture": "#14"},
				"east": {"uv": [0, 0, 1, 1], "texture": "#15"},
				"south": {"uv": [0, 0, 11, 1], "texture": "#14"},
				"west": {"uv": [0, 0, 1, 1], "texture": "#15"},
				"up": {"uv": [0, 0, 11, 1], "texture": "#15"},
				"down": {"uv": [0, 0, 11, 1], "texture": "#15"}
			}
		},
		{
			"from": [20, -15, 17],
			"to": [21, -4, 18],
			"rotation": {"angle": -22.5, "axis": "z", "origin": [20.5, -9.5, 17.5]},
			"faces": {
				"north": {"uv": [0, 0, 11, 1], "rotation": 90, "texture": "#14"},
				"east": {"uv": [0, 0, 11, 1], "rotation": 270, "texture": "#15"},
				"south": {"uv": [0, 0, 11, 1], "rotation": 270, "texture": "#14"},
				"west": {"uv": [0, 0, 11, 1], "rotation": 270, "texture": "#15"},
				"up": {"uv": [0, 0, 1, 1], "rotation": 270, "texture": "#15"},
				"down": {"uv": [0, 0, 1, 1], "rotation": 270, "texture": "#15"}
			}
		},
		{
			"from": [15, -10, 17],
			"to": [26, -9, 18],
			"rotation": {"angle": 22.5, "axis": "z", "origin": [20.5, -9.5, 17.5]},
			"faces": {
				"north": {"uv": [0, 0, 11, 1], "texture": "#14"},
				"east": {"uv": [0, 0, 1, 1], "texture": "#15"},
				"south": {"uv": [0, 0, 11, 1], "texture": "#14"},
				"west": {"uv": [0, 0, 1, 1], "texture": "#15"},
				"up": {"uv": [0, 0, 11, 1], "texture": "#15"},
				"down": {"uv": [0, 0, 11, 1], "texture": "#15"}
			}
		},
		{
			"from": [-7, -4, 17],
			"to": [-4, -3, 18],
			"faces": {
				"north": {"uv": [0, 0, 3, 1], "texture": "#14"},
				"east": {"uv": [0, 0, 1, 1], "texture": "#15"},
				"south": {"uv": [0, 0, 3, 1], "texture": "#14"},
				"west": {"uv": [0, 0, 1, 1], "texture": "#15"},
				"up": {"uv": [0, 0, 3, 1], "texture": "#15"},
				"down": {"uv": [0, 0, 3, 1], "texture": "#15"}
			}
		},
		{
			"from": [-7, -16, 17],
			"to": [-4, -15, 18],
			"faces": {
				"north": {"uv": [0, 0, 3, 1], "texture": "#14"},
				"east": {"uv": [0, 0, 1, 1], "texture": "#15"},
				"south": {"uv": [0, 0, 3, 1], "texture": "#14"},
				"west": {"uv": [0, 0, 1, 1], "texture": "#15"},
				"up": {"uv": [0, 0, 3, 1], "texture": "#15"},
				"down": {"uv": [0, 0, 3, 1], "texture": "#15"}
			}
		},
		{
			"from": [-9, -5, 17],
			"to": [-7, -4, 18],
			"faces": {
				"north": {"uv": [0, 0, 2, 1], "texture": "#14"},
				"east": {"uv": [0, 0, 1, 1], "texture": "#15"},
				"south": {"uv": [0, 0, 2, 1], "texture": "#14"},
				"west": {"uv": [0, 0, 1, 1], "texture": "#15"},
				"up": {"uv": [0, 0, 2, 1], "texture": "#15"},
				"down": {"uv": [0, 0, 2, 1], "texture": "#15"}
			}
		},
		{
			"from": [-4, -5, 17],
			"to": [-2, -4, 18],
			"faces": {
				"north": {"uv": [0, 0, 2, 1], "texture": "#14"},
				"east": {"uv": [0, 0, 2, 1], "texture": "#14"},
				"south": {"uv": [0, 0, 2, 1], "texture": "#14"},
				"west": {"uv": [0, 0, 2, 1], "texture": "#14"},
				"up": {"uv": [0, 0, 2, 1], "texture": "#14"},
				"down": {"uv": [0, 0, 2, 1], "texture": "#14"}
			}
		},
		{
			"from": [-2, -6, 17],
			"to": [-1, -5, 18],
			"faces": {
				"north": {"uv": [0, 0, 1, 1], "texture": "#14"},
				"east": {"uv": [0, 0, 1, 1], "texture": "#14"},
				"south": {"uv": [0, 0, 1, 1], "texture": "#14"},
				"west": {"uv": [0, 0, 1, 1], "texture": "#14"},
				"up": {"uv": [0, 0, 1, 1], "texture": "#14"},
				"down": {"uv": [0, 0, 1, 1], "texture": "#14"}
			}
		},
		{
			"from": [-10, -6, 17],
			"to": [-9, -5, 18],
			"faces": {
				"north": {"uv": [0, 0, 1, 1], "texture": "#14"},
				"east": {"uv": [0, 0, 1, 1], "texture": "#15"},
				"south": {"uv": [0, 0, 1, 1], "texture": "#14"},
				"west": {"uv": [0, 0, 1, 1], "texture": "#15"},
				"up": {"uv": [0, 0, 1, 1], "texture": "#15"},
				"down": {"uv": [0, 0, 1, 1], "texture": "#15"}
			}
		},
		{
			"from": [-11, -8, 17],
			"to": [-10, -6, 18],
			"faces": {
				"north": {"uv": [0, 0, 1, 2], "texture": "#14"},
				"east": {"uv": [0, 0, 1, 2], "texture": "#15"},
				"south": {"uv": [0, 0, 1, 2], "texture": "#14"},
				"west": {"uv": [0, 0, 1, 2], "texture": "#15"},
				"up": {"uv": [0, 0, 1, 1], "texture": "#15"},
				"down": {"uv": [0, 0, 1, 1], "texture": "#15"}
			}
		},
		{
			"from": [-12, -11, 17],
			"to": [-11, -8, 18],
			"faces": {
				"north": {"uv": [0, 0, 1, 3], "texture": "#14"},
				"east": {"uv": [0, 0, 1, 3], "texture": "#15"},
				"south": {"uv": [0, 0, 1, 3], "texture": "#14"},
				"west": {"uv": [0, 0, 1, 3], "texture": "#15"},
				"up": {"uv": [0, 0, 1, 1], "texture": "#15"},
				"down": {"uv": [0, 0, 1, 1], "texture": "#15"}
			}
		},
		{
			"from": [-11, -13, 17],
			"to": [-10, -11, 18],
			"faces": {
				"north": {"uv": [0, 0, 1, 2], "texture": "#14"},
				"east": {"uv": [0, 0, 1, 2], "texture": "#15"},
				"south": {"uv": [0, 0, 1, 2], "texture": "#14"},
				"west": {"uv": [0, 0, 1, 2], "texture": "#15"},
				"up": {"uv": [0, 0, 1, 1], "texture": "#15"},
				"down": {"uv": [0, 0, 1, 1], "texture": "#15"}
			}
		},
		{
			"from": [-10, -14, 17],
			"to": [-9, -13, 18],
			"faces": {
				"north": {"uv": [0, 0, 1, 1], "texture": "#14"},
				"east": {"uv": [0, 0, 1, 1], "texture": "#15"},
				"south": {"uv": [0, 0, 1, 1], "texture": "#14"},
				"west": {"uv": [0, 0, 1, 1], "texture": "#15"},
				"up": {"uv": [0, 0, 1, 1], "texture": "#15"},
				"down": {"uv": [0, 0, 1, 1], "texture": "#15"}
			}
		},
		{
			"from": [-9, -15, 17],
			"to": [-7, -14, 18],
			"faces": {
				"north": {"uv": [0, 0, 2, 1], "texture": "#14"},
				"east": {"uv": [0, 0, 1, 1], "texture": "#15"},
				"south": {"uv": [0, 0, 2, 1], "texture": "#14"},
				"west": {"uv": [0, 0, 1, 1], "texture": "#15"},
				"up": {"uv": [0, 0, 2, 1], "texture": "#15"},
				"down": {"uv": [0, 0, 2, 1], "texture": "#15"}
			}
		},
		{
			"from": [-4, -15, 17],
			"to": [-2, -14, 18],
			"faces": {
				"north": {"uv": [0, 0, 2, 1], "texture": "#14"},
				"east": {"uv": [0, 0, 1, 1], "texture": "#15"},
				"south": {"uv": [0, 0, 2, 1], "texture": "#14"},
				"west": {"uv": [0, 0, 1, 1], "texture": "#15"},
				"up": {"uv": [0, 0, 2, 1], "texture": "#15"},
				"down": {"uv": [0, 0, 2, 1], "texture": "#15"}
			}
		},
		{
			"from": [-2, -14, 17],
			"to": [-1, -13, 18],
			"faces": {
				"north": {"uv": [0, 0, 1, 1], "texture": "#14"},
				"east": {"uv": [0, 0, 1, 1], "texture": "#15"},
				"south": {"uv": [0, 0, 1, 1], "texture": "#14"},
				"west": {"uv": [0, 0, 1, 1], "texture": "#15"},
				"up": {"uv": [0, 0, 1, 1], "texture": "#15"},
				"down": {"uv": [0, 0, 1, 1], "texture": "#15"}
			}
		},
		{
			"from": [-1, -13, 17],
			"to": [0, -11, 18],
			"faces": {
				"north": {"uv": [0, 0, 1, 2], "texture": "#14"},
				"east": {"uv": [0, 0, 1, 2], "texture": "#15"},
				"south": {"uv": [0, 0, 1, 2], "texture": "#14"},
				"west": {"uv": [0, 0, 1, 2], "texture": "#15"},
				"up": {"uv": [0, 0, 1, 1], "texture": "#15"},
				"down": {"uv": [0, 0, 1, 1], "texture": "#15"}
			}
		},
		{
			"from": [0, -11, 17],
			"to": [1, -8, 18],
			"faces": {
				"north": {"uv": [0, 0, 1, 3], "texture": "#14"},
				"east": {"uv": [0, 0, 1, 3], "texture": "#14"},
				"south": {"uv": [0, 0, 1, 3], "texture": "#14"},
				"west": {"uv": [0, 0, 1, 3], "texture": "#14"},
				"up": {"uv": [0, 0, 1, 3], "texture": "#14"},
				"down": {"uv": [0, 0, 1, 3], "texture": "#14"}
			}
		},
		{
			"from": [-1, -8, 17],
			"to": [0, -6, 18],
			"faces": {
				"north": {"uv": [0, 0, 1, 2], "texture": "#14"},
				"east": {"uv": [0, 0, 1, 2], "texture": "#14"},
				"south": {"uv": [0, 0, 1, 2], "texture": "#14"},
				"west": {"uv": [0, 0, 1, 2], "texture": "#14"},
				"up": {"uv": [0, 0, 1, 2], "texture": "#14"},
				"down": {"uv": [0, 0, 1, 2], "texture": "#14"}
			}
		},
		{
			"from": [-11, -10, 17],
			"to": [0, -9, 18],
			"faces": {
				"north": {"uv": [0, 0, 11, 1], "texture": "#14"},
				"east": {"uv": [0, 0, 1, 1], "texture": "#15"},
				"south": {"uv": [0, 0, 11, 1], "texture": "#14"},
				"west": {"uv": [0, 0, 1, 1], "texture": "#15"},
				"up": {"uv": [0, 0, 11, 1], "texture": "#15"},
				"down": {"uv": [0, 0, 11, 1], "texture": "#15"}
			}
		},
		{
			"from": [-6, -15, 17],
			"to": [-5, -4, 18],
			"rotation": {"angle": 22.5, "axis": "z", "origin": [-5.5, -9.5, 17.5]},
			"faces": {
				"north": {"uv": [0, 0, 11, 1], "rotation": 270, "texture": "#14"},
				"east": {"uv": [0, 0, 11, 1], "rotation": 90, "texture": "#15"},
				"south": {"uv": [0, 0, 11, 1], "rotation": 90, "texture": "#14"},
				"west": {"uv": [0, 0, 11, 1], "rotation": 90, "texture": "#15"},
				"up": {"uv": [0, 0, 1, 1], "rotation": 90, "texture": "#15"},
				"down": {"uv": [0, 0, 1, 1], "rotation": 90, "texture": "#15"}
			}
		},
		{
			"from": [-11, -10, 17],
			"to": [0, -9, 18],
			"rotation": {"angle": -22.5, "axis": "z", "origin": [-5.5, -9.5, 17.5]},
			"faces": {
				"north": {"uv": [0, 0, 11, 1], "texture": "#14"},
				"east": {"uv": [0, 0, 1, 1], "texture": "#15"},
				"south": {"uv": [0, 0, 11, 1], "texture": "#14"},
				"west": {"uv": [0, 0, 1, 1], "texture": "#15"},
				"up": {"uv": [0, 0, 11, 1], "texture": "#15"},
				"down": {"uv": [0, 0, 11, 1], "texture": "#15"}
			}
		},
		{
			"from": [-6, -15, 17],
			"to": [-5, -4, 18],
			"rotation": {"angle": -22.5, "axis": "z", "origin": [-5.5, -9.5, 17.5]},
			"faces": {
				"north": {"uv": [0, 0, 11, 1], "rotation": 90, "texture": "#14"},
				"east": {"uv": [0, 0, 11, 1], "rotation": 270, "texture": "#15"},
				"south": {"uv": [0, 0, 11, 1], "rotation": 270, "texture": "#14"},
				"west": {"uv": [0, 0, 11, 1], "rotation": 270, "texture": "#15"},
				"up": {"uv": [0, 0, 1, 1], "rotation": 270, "texture": "#15"},
				"down": {"uv": [0, 0, 1, 1], "rotation": 270, "texture": "#15"}
			}
		},
		{
			"from": [-11, -10, 17],
			"to": [0, -9, 18],
			"rotation": {"angle": 22.5, "axis": "z", "origin": [-5.5, -9.5, 17.5]},
			"faces": {
				"north": {"uv": [0, 0, 11, 1], "texture": "#14"},
				"east": {"uv": [0, 0, 11, 1], "texture": "#14"},
				"south": {"uv": [0, 0, 11, 1], "texture": "#14"},
				"west": {"uv": [0, 0, 11, 1], "texture": "#14"},
				"up": {"uv": [0, 0, 11, 1], "texture": "#14"},
				"down": {"uv": [0, 0, 11, 1], "texture": "#14"}
			}
		},
		{
			"from": [-6, -10, -5],
			"to": [-5, -9, 19],
			"faces": {
				"north": {"uv": [0, 0, 16, 1], "texture": "#7"},
				"east": {"uv": [0, 0, 16, 1], "texture": "#16"},
				"south": {"uv": [0, 0, 16, 1], "texture": "#7"},
				"west": {"uv": [0, 0, 16, 1], "texture": "#16"},
				"up": {"uv": [0, 0, 16, 1], "texture": "#16"},
				"down": {"uv": [0, 0, 16, 1], "texture": "#16"}
			}
		},
		{
			"from": [20, -10, -5],
			"to": [21, -9, 19],
			"faces": {
				"north": {"uv": [0, 0, 16, 1], "texture": "#7"},
				"east": {"uv": [0, 0, 16, 1], "texture": "#16"},
				"south": {"uv": [0, 0, 16, 1], "texture": "#7"},
				"west": {"uv": [0, 0, 16, 1], "texture": "#16"},
				"up": {"uv": [0, 0, 16, 1], "texture": "#16"},
				"down": {"uv": [0, 0, 16, 1], "texture": "#16"}
			}
		},
		{
			"from": [-7, -11, 7],
			"to": [23, -10, 8],
			"faces": {
				"north": {"uv": [0, 0, 16, 1], "texture": "#16"},
				"east": {"uv": [0, 0, 16, 1], "texture": "#16"},
				"south": {"uv": [0, 0, 16, 1], "texture": "#16"},
				"west": {"uv": [0, 0, 16, 1], "texture": "#16"},
				"up": {"uv": [0, 0, 16, 1], "texture": "#16"},
				"down": {"uv": [0, 0, 16, 1], "texture": "#16"}
			}
		},
		{
			"from": [1, 14, 11],
			"to": [16, 15, 12],
			"faces": {
				"north": {"uv": [0, 0, 15, 1], "texture": "#9"},
				"east": {"uv": [0, 0, 15, 1], "texture": "#9"},
				"south": {"uv": [0, 0, 15, 1], "texture": "#9"},
				"west": {"uv": [0, 0, 15, 1], "texture": "#9"},
				"up": {"uv": [0, 0, 15, 1], "texture": "#9"},
				"down": {"uv": [0, 0, 15, 1], "texture": "#9"}
			}
		},
		{
			"from": [6, 7, 12],
			"to": [7, 8, 13],
			"faces": {
				"north": {"uv": [0, 0, 1, 1], "texture": "#9"},
				"east": {"uv": [0, 0, 1, 1], "texture": "#9"},
				"south": {"uv": [0, 0, 1, 1], "texture": "#9"},
				"west": {"uv": [0, 0, 1, 1], "texture": "#9"},
				"up": {"uv": [0, 0, 1, 1], "texture": "#9"},
				"down": {"uv": [0, 0, 1, 1], "texture": "#9"}
			}
		},
		{
			"from": [10, 7, 12],
			"to": [11, 8, 13],
			"faces": {
				"north": {"uv": [0, 0, 1, 1], "texture": "#9"},
				"east": {"uv": [0, 0, 1, 1], "texture": "#9"},
				"south": {"uv": [0, 0, 1, 1], "texture": "#9"},
				"west": {"uv": [0, 0, 1, 1], "texture": "#9"},
				"up": {"uv": [0, 0, 1, 1], "texture": "#9"},
				"down": {"uv": [0, 0, 1, 1], "texture": "#9"}
			}
		},
		{
			"from": [-7, -10, 7],
			"to": [-6, -7, 8],
			"faces": {
				"north": {"uv": [0, 0, 1, 3], "texture": "#7"},
				"east": {"uv": [0, 0, 1, 3], "texture": "#7"},
				"south": {"uv": [0, 0, 1, 3], "texture": "#7"},
				"west": {"uv": [0, 0, 1, 3], "texture": "#7"},
				"up": {"uv": [0, 0, 1, 3], "texture": "#7"},
				"down": {"uv": [0, 0, 1, 3], "texture": "#7"}
			}
		},
		{
			"from": [-4, -10, 7],
			"to": [-3, -7, 8],
			"faces": {
				"north": {"uv": [0, 0, 1, 3], "texture": "#7"},
				"east": {"uv": [0, 0, 1, 3], "texture": "#7"},
				"south": {"uv": [0, 0, 1, 3], "texture": "#7"},
				"west": {"uv": [0, 0, 1, 3], "texture": "#7"},
				"up": {"uv": [0, 0, 1, 3], "texture": "#7"},
				"down": {"uv": [0, 0, 1, 3], "texture": "#7"}
			}
		},
		{
			"from": [21, -10, 7],
			"to": [22, -7, 8],
			"faces": {
				"north": {"uv": [0, 0, 1, 3], "texture": "#7"},
				"east": {"uv": [0, 0, 1, 3], "texture": "#7"},
				"south": {"uv": [0, 0, 1, 3], "texture": "#7"},
				"west": {"uv": [0, 0, 1, 3], "texture": "#7"},
				"up": {"uv": [0, 0, 1, 3], "texture": "#7"},
				"down": {"uv": [0, 0, 1, 3], "texture": "#7"}
			}
		},
		{
			"from": [-13, 22, 23],
			"to": [30, 24, 25],
			"faces": {
				"north": {"uv": [0, 0, 16, 2], "texture": "#0"},
				"east": {"uv": [0, 0, 16, 2], "texture": "#0"},
				"south": {"uv": [0, 0, 16, 2], "texture": "#0"},
				"west": {"uv": [0, 0, 16, 2], "texture": "#0"},
				"up": {"uv": [0, 0, 16, 2], "texture": "#0"},
				"down": {"uv": [0, 0, 16, 2], "texture": "#0"}
			}
		},
		{
			"from": [19, -10, 7],
			"to": [20, -7, 8],
			"faces": {
				"north": {"uv": [0, 0, 1, 3], "texture": "#7"},
				"east": {"uv": [0, 0, 1, 3], "texture": "#7"},
				"south": {"uv": [0, 0, 1, 3], "texture": "#7"},
				"west": {"uv": [0, 0, 1, 3], "texture": "#7"},
				"up": {"uv": [0, 0, 1, 3], "texture": "#7"},
				"down": {"uv": [0, 0, 1, 3], "texture": "#7"}
			}
		},
		{
			"from": [-13, 22, -11],
			"to": [30, 24, -9],
			"faces": {
				"north": {"uv": [0, 0, 1, 2.749], "texture": "#0"},
				"east": {"uv": [0, 0, 1, 2.749], "texture": "#0"},
				"south": {"uv": [0, 0, 1, 2.749], "texture": "#0"},
				"west": {"uv": [0, 0, 1, 2.749], "texture": "#0"},
				"up": {"uv": [0, 0, 1, 2.749], "texture": "#0"},
				"down": {"uv": [0, 0, 1, 2.749], "texture": "#0"}
			}
		},
		{
			"from": [1, 2, 0],
			"to": [16, 3, 11],
			"faces": {
				"north": {"uv": [0, 0, 15, 11], "texture": "#10"},
				"east": {"uv": [0, 0, 15, 11], "texture": "#10"},
				"south": {"uv": [0, 0, 15, 11], "texture": "#10"},
				"west": {"uv": [0, 0, 15, 11], "texture": "#10"},
				"up": {"uv": [0, 0, 15, 11], "texture": "#10"},
				"down": {"uv": [0, 0, 15, 11], "texture": "#10"}
			}
		},
		{
			"from": [23, 11, 9],
			"to": [26, 15, 10],
			"faces": {
				"north": {"uv": [0, 0, 3, 4], "texture": "#18"},
				"east": {"uv": [0, 0, 1, 4], "texture": "#19"},
				"south": {"uv": [0, 0, 3, 4], "texture": "#missing"},
				"west": {"uv": [0, 0, 1, 4], "texture": "#19"},
				"up": {"uv": [0, 0, 3, 1], "texture": "#19"},
				"down": {"uv": [0, 0, 3, 1], "texture": "#19"}
			}
		},
		{
			"from": [27, 11, 9],
			"to": [30, 15, 10],
			"faces": {
				"north": {"uv": [0, 0, 3, 4], "texture": "#18"},
				"east": {"uv": [0, 0, 1, 4], "texture": "#19"},
				"south": {"uv": [0, 0, 3, 4], "texture": "#missing"},
				"west": {"uv": [0, 0, 1, 4], "texture": "#19"},
				"up": {"uv": [0, 0, 3, 1], "texture": "#19"},
				"down": {"uv": [0, 0, 3, 1], "texture": "#19"}
			}
		},
		{
			"from": [27, 9, 8],
			"to": [30, 13, 9],
			"faces": {
				"north": {"uv": [0, 0, 3, 4], "texture": "#18"},
				"east": {"uv": [0, 0, 1, 4], "texture": "#19"},
				"south": {"uv": [0, 0, 3, 4], "texture": "#missing"},
				"west": {"uv": [0, 0, 1, 4], "texture": "#19"},
				"up": {"uv": [0, 0, 3, 1], "texture": "#19"},
				"down": {"uv": [0, 0, 3, 1], "texture": "#19"}
			}
		},
		{
			"from": [24, 9, 8],
			"to": [27, 13, 9],
			"faces": {
				"north": {"uv": [0, 0, 3, 4], "texture": "#18"},
				"east": {"uv": [0, 0, 1, 4], "texture": "#19"},
				"south": {"uv": [0, 0, 3, 4], "texture": "#missing"},
				"west": {"uv": [0, 0, 1, 4], "texture": "#19"},
				"up": {"uv": [0, 0, 3, 1], "texture": "#19"},
				"down": {"uv": [0, 0, 3, 1], "texture": "#19"}
			}
		},
		{
			"from": [19, 10, 9],
			"to": [22, 14, 10],
			"faces": {
				"north": {"uv": [0, 0, 3, 4], "texture": "#18"},
				"east": {"uv": [0, 0, 1, 4], "texture": "#19"},
				"south": {"uv": [0, 0, 3, 4], "texture": "#missing"},
				"west": {"uv": [0, 0, 1, 4], "texture": "#19"},
				"up": {"uv": [0, 0, 3, 1], "texture": "#19"},
				"down": {"uv": [0, 0, 3, 1], "texture": "#19"}
			}
		},
		{
			"from": [22, 15, 9],
			"to": [26, 20, 10],
			"faces": {
				"north": {"uv": [0, 0, 4, 5], "texture": "#20"},
				"east": {"uv": [0, 0, 1, 5], "texture": "#21"},
				"south": {"uv": [0, 0, 4, 5], "texture": "#21"},
				"west": {"uv": [0, 0, 1, 5], "texture": "#21"},
				"up": {"uv": [0, 0, 4, 1], "texture": "#21"},
				"down": {"uv": [0, 0, 4, 1], "texture": "#21"}
			}
		},
		{
			"from": [17.5, 9, 1.5],
			"to": [18.5, 14, 5.5],
			"faces": {
				"north": {"uv": [0, 0, 1, 5], "texture": "#21"},
				"east": {"uv": [0, 0, 4, 5], "texture": "#20"},
				"south": {"uv": [0, 0, 1, 5], "texture": "#21"},
				"west": {"uv": [0, 0, 4, 5], "texture": "#21"},
				"up": {"uv": [0, 0, 4, 1], "rotation": 90, "texture": "#21"},
				"down": {"uv": [0, 0, 4, 1], "rotation": 270, "texture": "#21"}
			}
		},
		{
			"from": [18, 14, 9],
			"to": [22, 19, 10],
			"faces": {
				"north": {"uv": [0, 0, 4, 5], "texture": "#20"},
				"east": {"uv": [0, 0, 1, 5], "texture": "#21"},
				"south": {"uv": [0, 0, 4, 5], "texture": "#21"},
				"west": {"uv": [0, 0, 1, 5], "texture": "#21"},
				"up": {"uv": [0, 0, 4, 1], "texture": "#21"},
				"down": {"uv": [0, 0, 4, 1], "texture": "#21"}
			}
		},
		{
			"from": [22, 9.5, 3.5],
			"to": [25, 10.5, 7.5],
			"rotation": {"angle": -45, "axis": "x", "origin": [23.5, 11, 5.5]},
			"faces": {
				"north": {"uv": [0, 0, 3, 1], "rotation": 180, "texture": "#19"},
				"east": {"uv": [0, 0, 1, 4], "rotation": 270, "texture": "#19"},
				"south": {"uv": [0, 0, 3, 1], "texture": "#19"},
				"west": {"uv": [0, 0, 1, 4], "rotation": 90, "texture": "#19"},
				"up": {"uv": [0, 0, 3, 4], "rotation": 180, "texture": "#18"},
				"down": {"uv": [0, 0, 3, 4], "texture": "#missing"}
			}
		},
		{
			"from": [18, 8, 7],
			"to": [22, 13, 8],
			"rotation": {"angle": 22.5, "axis": "x", "origin": [20, 12.5, 6.5]},
			"faces": {
				"north": {"uv": [0, 0, 4, 5], "texture": "#20"},
				"east": {"uv": [0, 0, 1, 5], "texture": "#21"},
				"south": {"uv": [0, 0, 4, 5], "texture": "#21"},
				"west": {"uv": [0, 0, 1, 5], "texture": "#21"},
				"up": {"uv": [0, 0, 4, 1], "texture": "#21"},
				"down": {"uv": [0, 0, 4, 1], "texture": "#21"}
			}
		},
		{
			"from": [20, 9, 8],
			"to": [24, 14, 9],
			"faces": {
				"north": {"uv": [0, 0, 4, 5], "texture": "#20"},
				"east": {"uv": [0, 0, 1, 5], "texture": "#21"},
				"south": {"uv": [0, 0, 4, 5], "texture": "#21"},
				"west": {"uv": [0, 0, 1, 5], "texture": "#21"},
				"up": {"uv": [0, 0, 4, 1], "texture": "#21"},
				"down": {"uv": [0, 0, 4, 1], "texture": "#21"}
			}
		},
		{
			"from": [25, 9, 7],
			"to": [29, 14, 8],
			"rotation": {"angle": 22.5, "axis": "x", "origin": [29, 12.5, 4.5]},
			"faces": {
				"north": {"uv": [0, 0, 4, 5], "texture": "#20"},
				"east": {"uv": [0, 0, 1, 5], "texture": "#21"},
				"south": {"uv": [0, 0, 4, 5], "texture": "#21"},
				"west": {"uv": [0, 0, 1, 5], "texture": "#21"},
				"up": {"uv": [0, 0, 4, 1], "texture": "#21"},
				"down": {"uv": [0, 0, 4, 1], "texture": "#21"}
			}
		},
		{
			"from": [27, 16, 9],
			"to": [30, 20, 10],
			"faces": {
				"north": {"uv": [0, 0, 3, 4], "texture": "#18"},
				"east": {"uv": [0, 0, 1, 4], "texture": "#19"},
				"south": {"uv": [0, 0, 3, 4], "texture": "#missing"},
				"west": {"uv": [0, 0, 1, 4], "texture": "#19"},
				"up": {"uv": [0, 0, 3, 1], "texture": "#19"},
				"down": {"uv": [0, 0, 3, 1], "texture": "#19"}
			}
		},
		{
			"from": [3, 3, 0],
			"to": [4, 4, 3],
			"faces": {
				"north": {"uv": [0, 0, 3, 1], "texture": "#25"},
				"east": {"uv": [0, 0, 3, 1], "texture": "#25"},
				"south": {"uv": [0, 0, 3, 1], "texture": "#25"},
				"west": {"uv": [0, 0, 3, 1], "texture": "#25"},
				"up": {"uv": [0, 0, 3, 1], "texture": "#25"},
				"down": {"uv": [0, 0, 3, 1], "texture": "#25"}
			}
		},
		{
			"from": [3, 3, 3],
			"to": [5, 5, 7],
			"faces": {
				"north": {"uv": [0, 0, 4, 2], "texture": "#24"},
				"east": {"uv": [0, 0, 4, 2], "texture": "#23"},
				"south": {"uv": [0, 0, 4, 2], "texture": "#23"},
				"west": {"uv": [0, 0, 4, 2], "texture": "#23"},
				"up": {"uv": [0, 0, 4, 2], "texture": "#23"},
				"down": {"uv": [0, 0, 4, 2], "texture": "#23"}
			}
		},
		{
			"from": [-1, 3, 5],
			"to": [0, 4, 8],
			"rotation": {"angle": -22.5, "axis": "y", "origin": [14, 11, 24]},
			"faces": {
				"north": {"uv": [0, 0, 3, 1], "texture": "#25"},
				"east": {"uv": [0, 0, 3, 1], "texture": "#25"},
				"south": {"uv": [0, 0, 3, 1], "texture": "#25"},
				"west": {"uv": [0, 0, 3, 1], "texture": "#25"},
				"up": {"uv": [0, 0, 3, 1], "texture": "#25"},
				"down": {"uv": [0, 0, 3, 1], "texture": "#25"}
			}
		},
		{
			"from": [-1, 3, 8],
			"to": [1, 5, 12],
			"rotation": {"angle": -22.5, "axis": "y", "origin": [14, 11, 24]},
			"faces": {
				"north": {"uv": [0, 0, 4, 2], "texture": "#24"},
				"east": {"uv": [0, 0, 4, 2], "texture": "#23"},
				"south": {"uv": [0, 0, 4, 2], "texture": "#23"},
				"west": {"uv": [0, 0, 4, 2], "texture": "#23"},
				"up": {"uv": [0, 0, 4, 2], "texture": "#23"},
				"down": {"uv": [0, 0, 4, 2], "texture": "#23"}
			}
		},
		{
			"from": [9, 3, 3],
			"to": [11, 5, 7],
			"faces": {
				"north": {"uv": [0, 0, 4, 2], "texture": "#24"},
				"east": {"uv": [0, 0, 4, 2], "texture": "#23"},
				"south": {"uv": [0, 0, 4, 2], "texture": "#23"},
				"west": {"uv": [0, 0, 4, 2], "texture": "#23"},
				"up": {"uv": [0, 0, 4, 2], "texture": "#23"},
				"down": {"uv": [0, 0, 4, 2], "texture": "#23"}
			}
		},
		{
			"from": [10, 3, 0],
			"to": [11, 4, 3],
			"faces": {
				"north": {"uv": [0, 0, 3, 1], "texture": "#25"},
				"east": {"uv": [0, 0, 3, 1], "texture": "#25"},
				"south": {"uv": [0, 0, 3, 1], "texture": "#25"},
				"west": {"uv": [0, 0, 3, 1], "texture": "#25"},
				"up": {"uv": [0, 0, 3, 1], "texture": "#25"},
				"down": {"uv": [0, 0, 3, 1], "texture": "#25"}
			}
		},
		{
			"from": [10, 7, 3],
			"to": [12, 9, 7],
			"rotation": {"angle": 22.5, "axis": "y", "origin": [11, 11, 24]},
			"faces": {
				"north": {"uv": [0, 0, 4, 2], "texture": "#24"},
				"east": {"uv": [0, 0, 4, 2], "texture": "#23"},
				"south": {"uv": [0, 0, 4, 2], "texture": "#23"},
				"west": {"uv": [0, 0, 4, 2], "texture": "#23"},
				"up": {"uv": [0, 0, 4, 2], "texture": "#23"},
				"down": {"uv": [0, 0, 4, 2], "texture": "#23"}
			}
		},
		{
			"from": [10, 7, 0],
			"to": [11, 8, 3],
			"rotation": {"angle": 22.5, "axis": "y", "origin": [11, 11, 24]},
			"faces": {
				"north": {"uv": [0, 0, 3, 1], "texture": "#25"},
				"east": {"uv": [0, 0, 3, 1], "texture": "#25"},
				"south": {"uv": [0, 0, 3, 1], "texture": "#25"},
				"west": {"uv": [0, 0, 3, 1], "texture": "#25"},
				"up": {"uv": [0, 0, 3, 1], "texture": "#25"},
				"down": {"uv": [0, 0, 3, 1], "texture": "#25"}
			}
		},
		{
			"from": [7, 7, 3],
			"to": [9, 9, 7],
			"faces": {
				"north": {"uv": [0, 0, 4, 2], "texture": "#24"},
				"east": {"uv": [0, 0, 4, 2], "texture": "#23"},
				"south": {"uv": [0, 0, 4, 2], "texture": "#23"},
				"west": {"uv": [0, 0, 4, 2], "texture": "#23"},
				"up": {"uv": [0, 0, 4, 2], "texture": "#23"},
				"down": {"uv": [0, 0, 4, 2], "texture": "#23"}
			}
		},
		{
			"from": [7, 7, 0],
			"to": [8, 8, 3],
			"faces": {
				"north": {"uv": [0, 0, 3, 1], "texture": "#25"},
				"east": {"uv": [0, 0, 3, 1], "texture": "#25"},
				"south": {"uv": [0, 0, 3, 1], "texture": "#25"},
				"west": {"uv": [0, 0, 3, 1], "texture": "#25"},
				"up": {"uv": [0, 0, 3, 1], "texture": "#25"},
				"down": {"uv": [0, 0, 3, 1], "texture": "#25"}
			}
		},
		{
			"from": [3, 7, 7],
			"to": [5, 9, 11],
			"rotation": {"angle": -22.5, "axis": "y", "origin": [11, 11, 24]},
			"faces": {
				"north": {"uv": [0, 0, 4, 2], "texture": "#24"},
				"east": {"uv": [0, 0, 4, 2], "texture": "#23"},
				"south": {"uv": [0, 0, 4, 2], "texture": "#23"},
				"west": {"uv": [0, 0, 4, 2], "texture": "#23"},
				"up": {"uv": [0, 0, 4, 2], "texture": "#23"},
				"down": {"uv": [0, 0, 4, 2], "texture": "#23"}
			}
		},
		{
			"from": [25, 8, 8],
			"to": [28, 9, 9],
			"rotation": {"angle": 45, "axis": "y", "origin": [14, 11, 24]},
			"faces": {
				"north": {"uv": [0, 0, 3, 1], "texture": "#25"},
				"east": {"uv": [0, 0, 3, 1], "texture": "#25"},
				"south": {"uv": [0, 0, 3, 1], "texture": "#25"},
				"west": {"uv": [0, 0, 3, 1], "texture": "#25"},
				"up": {"uv": [0, 0, 3, 1], "rotation": 270, "texture": "#25"},
				"down": {"uv": [0, 0, 3, 1], "rotation": 90, "texture": "#25"}
			}
		},
		{
			"from": [12, 3, 3],
			"to": [14, 5, 7],
			"faces": {
				"north": {"uv": [0, 0, 4, 2], "texture": "#24"},
				"east": {"uv": [0, 0, 4, 2], "texture": "#23"},
				"south": {"uv": [0, 0, 4, 2], "texture": "#23"},
				"west": {"uv": [0, 0, 4, 2], "texture": "#23"},
				"up": {"uv": [0, 0, 4, 2], "texture": "#23"},
				"down": {"uv": [0, 0, 4, 2], "texture": "#23"}
			}
		},
		{
			"from": [12, 3, 0],
			"to": [13, 4, 3],
			"faces": {
				"north": {"uv": [0, 0, 3, 1], "texture": "#25"},
				"east": {"uv": [0, 0, 3, 1], "texture": "#25"},
				"south": {"uv": [0, 0, 3, 1], "texture": "#25"},
				"west": {"uv": [0, 0, 3, 1], "texture": "#25"},
				"up": {"uv": [0, 0, 3, 1], "texture": "#25"},
				"down": {"uv": [0, 0, 3, 1], "texture": "#25"}
			}
		},
		{
			"from": [7, 11, 3],
			"to": [9, 13, 7],
			"faces": {
				"north": {"uv": [1, 13, 4.999, 15], "texture": "#24"},
				"east": {"uv": [0, 0, 4, 2], "texture": "#23"},
				"south": {"uv": [0, 0, 4, 2], "texture": "#23"},
				"west": {"uv": [0, 0, 4, 2], "texture": "#23"},
				"up": {"uv": [0, 0, 4, 2], "texture": "#23"},
				"down": {"uv": [0, 0, 4, 2], "texture": "#23"}
			}
		},
		{
			"from": [7, 11, 0],
			"to": [8, 12, 3],
			"faces": {
				"north": {"uv": [0, 0, 3, 1], "texture": "#25"},
				"east": {"uv": [0, 0, 3, 1], "texture": "#25"},
				"south": {"uv": [0, 0, 3, 1], "texture": "#25"},
				"west": {"uv": [0, 0, 3, 1], "texture": "#25"},
				"up": {"uv": [0, 0, 3, 1], "texture": "#25"},
				"down": {"uv": [0, 0, 3, 1], "texture": "#25"}
			}
		},
		{
			"from": [10, 11, 3],
			"to": [12, 13, 7],
			"rotation": {"angle": 22.5, "axis": "y", "origin": [11, 11, 24]},
			"faces": {
				"north": {"uv": [0, 0, 4, 2], "texture": "#24"},
				"east": {"uv": [0, 0, 4, 2], "texture": "#23"},
				"south": {"uv": [0, 0, 4, 2], "texture": "#23"},
				"west": {"uv": [0, 0, 4, 2], "texture": "#23"},
				"up": {"uv": [0, 0, 4, 2], "texture": "#23"},
				"down": {"uv": [0, 0, 4, 2], "texture": "#23"}
			}
		},
		{
			"from": [10, 11, 0],
			"to": [11, 12, 3],
			"rotation": {"angle": 22.5, "axis": "y", "origin": [11, 11, 24]},
			"faces": {
				"north": {"uv": [0, 0, 3, 1], "texture": "#25"},
				"east": {"uv": [0, 0, 3, 1], "texture": "#25"},
				"south": {"uv": [0, 0, 3, 1], "texture": "#25"},
				"west": {"uv": [0, 0, 3, 1], "texture": "#25"},
				"up": {"uv": [0, 0, 3, 1], "texture": "#25"},
				"down": {"uv": [0, 0, 3, 1], "texture": "#25"}
			}
		},
		{
			"from": [4, 11, 8],
			"to": [6, 13, 12],
			"rotation": {"angle": -22.5, "axis": "y", "origin": [14, 11, 24]},
			"faces": {
				"north": {"uv": [0, 0, 4, 2], "texture": "#24"},
				"east": {"uv": [0, 0, 4, 2], "texture": "#23"},
				"south": {"uv": [0, 0, 4, 2], "texture": "#23"},
				"west": {"uv": [0, 0, 4, 2], "texture": "#23"},
				"up": {"uv": [0, 0, 4, 2], "texture": "#23"},
				"down": {"uv": [0, 0, 4, 2], "texture": "#23"}
			}
		},
		{
			"from": [4, 11, 5],
			"to": [5, 12, 8],
			"rotation": {"angle": -22.5, "axis": "y", "origin": [14, 11, 24]},
			"faces": {
				"north": {"uv": [0, 0, 3, 1], "texture": "#25"},
				"east": {"uv": [0, 0, 3, 1], "texture": "#25"},
				"south": {"uv": [0, 0, 3, 1], "texture": "#25"},
				"west": {"uv": [0, 0, 3, 1], "texture": "#25"},
				"up": {"uv": [0, 0, 3, 1], "texture": "#25"},
				"down": {"uv": [0, 0, 3, 1], "texture": "#25"}
			}
		},
		{
			"from": [14, 11, 3],
			"to": [16, 13, 7],
			"faces": {
				"north": {"uv": [0, 0, 4, 2], "texture": "#24"},
				"east": {"uv": [0, 0, 4, 2], "texture": "#23"},
				"south": {"uv": [0, 0, 4, 2], "texture": "#23"},
				"west": {"uv": [0, 0, 4, 2], "texture": "#23"},
				"up": {"uv": [0, 0, 4, 2], "texture": "#23"},
				"down": {"uv": [0, 0, 4, 2], "texture": "#23"}
			}
		},
		{
			"from": [14, 12, 0],
			"to": [15, 13, 3],
			"faces": {
				"north": {"uv": [0, 0, 3, 1], "texture": "#25"},
				"east": {"uv": [0, 0, 3, 1], "texture": "#25"},
				"south": {"uv": [0, 0, 3, 1], "texture": "#25"},
				"west": {"uv": [0, 0, 3, 1], "texture": "#25"},
				"up": {"uv": [0, 0, 3, 1], "texture": "#25"},
				"down": {"uv": [0, 0, 3, 1], "texture": "#25"}
			}
		},
		{
			"from": [13, 7, 3],
			"to": [15, 9, 7],
			"faces": {
				"north": {"uv": [0, 0, 4, 2], "texture": "#24"},
				"east": {"uv": [0, 0, 4, 2], "texture": "#23"},
				"south": {"uv": [0, 0, 4, 2], "texture": "#23"},
				"west": {"uv": [0, 0, 4, 2], "texture": "#23"},
				"up": {"uv": [0, 0, 4, 2], "texture": "#23"},
				"down": {"uv": [0, 0, 4, 2], "texture": "#23"}
			}
		},
		{
			"from": [13, 8, 0],
			"to": [14, 9, 3],
			"faces": {
				"north": {"uv": [0, 0, 3, 1], "texture": "#25"},
				"east": {"uv": [0, 0, 3, 1], "texture": "#25"},
				"south": {"uv": [0, 0, 3, 1], "texture": "#25"},
				"west": {"uv": [0, 0, 3, 1], "texture": "#25"},
				"up": {"uv": [0, 0, 3, 1], "texture": "#25"},
				"down": {"uv": [0, 0, 3, 1], "texture": "#25"}
			}
		},
		{
			"from": [5, 16, 12],
			"to": [12, 21, 13],
			"faces": {
				"north": {"uv": [0, 0, 15.999, 8.999], "texture": "#4"},
				"east": {"uv": [0, 0, 15.999, 8.999], "texture": "#4"},
				"south": {"uv": [0, 0, 15.999, 8.999], "texture": "#4"},
				"west": {"uv": [0, 0, 15.999, 8.999], "texture": "#4"},
				"up": {"uv": [0, 0, 15.999, 8.999], "texture": "#4"},
				"down": {"uv": [0, 0, 15.999, 8.999], "texture": "#4"}
			}
		},
		{
			"from": [1, 2, 12],
			"to": [8, 14, 12.1],
			"faces": {
				"north": {"uv": [0, 0, 7, 12], "texture": "#27"},
				"east": {"uv": [0, 0, 7, 12], "texture": "#27"},
				"south": {"uv": [0, 0, 15.999, 15.999], "texture": "#27"},
				"west": {"uv": [0, 0, 7, 12], "texture": "#27"},
				"up": {"uv": [0, 0, 7, 12], "texture": "#27"},
				"down": {"uv": [0, 0, 7, 12], "texture": "#27"}
			}
		},
		{
			"from": [9, 2, 12],
			"to": [16, 14, 12.1],
			"faces": {
				"north": {"uv": [0, 0, 7, 12], "texture": "#27"},
				"east": {"uv": [0, 0, 7, 12], "texture": "#27"},
				"south": {"uv": [0, 0, 7, 12], "texture": "#27"},
				"west": {"uv": [0, 0, 7, 12], "texture": "#27"},
				"up": {"uv": [0, 0, 7, 12], "texture": "#27"},
				"down": {"uv": [0, 0, 7, 12], "texture": "#27"}
			}
		}
	],
	"display": {
		"thirdperson_righthand": {
			"rotation": [68, 0, 0],
			"translation": [12.5, 15.25, 6.25],
			"scale": [1.125, 1.07227, 1]
		},
		"thirdperson_lefthand": {
			"rotation": [68, 0, 0],
			"translation": [12.5, 15.25, 6.25],
			"scale": [1.125, 1.07227, 1]
		},
		"ground": {
			"translation": [0, 15.75, -9.5]
		}
	},
	"groups": [
		{
			"name": "group",
			"origin": [8, 8, 8],
			"children": [0, 1, 2, 3, 4, 5, 6, 7, 8, 9,
				{
					"name": "group",
					"origin": [8, 8, 8],
					"children": [10, 11,
						{
							"name": "group",
							"origin": [8, 8, 8],
							"children": [12, 13, 14, 15, 16, 17, 18]
						},
						{
							"name": "group2",
							"origin": [8, 8, 8],
							"children": [19, 20, 21, 22, 23, 24, 25, 26, 27]
						}
					]
				}, 28, 29, 30, 31, 32, 33, 34, 35, 36,
				{
					"name": "group",
					"origin": [8, 8, 8],
					"children": [37, 38, 39, 40, 41, 42, 43, 44]
				},
				{
					"name": "group3",
					"origin": [8, 8, 8],
					"children": [45, 46, 47, 48, 49, 50, 51, 52, 53]
				}, 54, 55,
				{
					"name": "group",
					"origin": [8, 8, 8],
					"children": [56, 57, 58, 59, 60, 61, 62, 63, 64]
				}, 65, 66, 67, 68, 69, 70, 71, 72, 73, 74, 75, 76, 77,
				{
					"name": "group",
					"origin": [8, 8, 8],
					"children": [78, 79, 80, 81, 82, 83, 84, 85, 86, 87, 88, 89, 90, 91, 92, 93, 94, 95, 96, 97, 98, 99, 100, 101, 102, 103, 104, 105, 106, 107, 108, 109, 110, 111, 112, 113, 114, 115, 116, 117, 118, 119, 120, 121, 122, 123, 124, 125, 126, 127, 128, 129, 130, 131, 132, 133, 134, 135, 136, 137, 138, 139, 140, 141, 142, 143, 144, 145, 146, 147, 148, 149, 150, 151, 152, 153, 154, 155, 156, 157, 158, 159, 160, 161, 162, 163, 164]
				}, 165, 166, 167, 168, 169, 170, 171, 172, 173, 174, 175, 176, 177, 178, 179, 180, 181, 182, 183, 184, 185, 186, 187,
				{
					"name": "group",
					"origin": [8, 8, 8],
					"children": [188, 189, 190, 191, 192, 193, 194, 195, 196, 197, 198, 199, 200, 201, 202, 203, 204, 205, 206, 207, 208, 209, 210, 211]
				}, 212, 213, 214]
		}
	]
}
