{
	"credit": "Made with Blockbench by Drew",
	"textures": {
		"0": "block/black_wool",
		"2": "block/astrogrill",
		"3": "block/gray_wool",
		"4": "block/iron_trapdoor",
		"5": "block/white_wool",
		"6": "custom/rotr7",
		"particle": "block/black_wool"
	},
	"elements": [
		{
			"name": "hexadecagon",
			"from": [8.83267, 3.36798, 0.79547],
			"to": [9.3328, 3.50062, 1.46232],
			"rotation": {"angle": -45, "axis": "x", "origin": [8.99938, 3.4343, 1.12889]},
			"faces": {
				"north": {"uv": [0, 0, 1, 1], "texture": "#0"},
				"east": {"uv": [0, 0, 1, 1], "texture": "#0"},
				"south": {"uv": [0, 0, 1, 1], "texture": "#0"},
				"west": {"uv": [0, 0, 1, 1], "texture": "#0"},
				"up": {"uv": [0, 0, 1, 1], "texture": "#0"},
				"down": {"uv": [0, 0, 1, 1], "texture": "#0"}
			}
		},
		{
			"name": "hexadecagon",
			"from": [8.83267, 3.36798, 0.79547],
			"to": [9.3328, 3.50062, 1.46232],
			"rotation": {"angle": -22.5, "axis": "x", "origin": [8.99938, 3.4343, 1.12889]},
			"faces": {
				"north": {"uv": [0, 0, 1, 1], "texture": "#0"},
				"east": {"uv": [0, 0, 1, 1], "texture": "#0"},
				"south": {"uv": [0, 0, 1, 1], "texture": "#0"},
				"west": {"uv": [0, 0, 1, 1], "texture": "#0"},
				"up": {"uv": [0, 0, 1, 1], "texture": "#0"},
				"down": {"uv": [0, 0, 1, 1], "texture": "#0"}
			}
		},
		{
			"name": "hexadecagon",
			"from": [8.83267, 3.36798, 0.79547],
			"to": [9.3328, 3.50062, 1.46232],
			"rotation": {"angle": 0, "axis": "y", "origin": [8.99938, 3.4343, 1.12889]},
			"faces": {
				"north": {"uv": [0, 0, 1, 1], "texture": "#0"},
				"east": {"uv": [0, 0, 1, 1], "texture": "#0"},
				"south": {"uv": [0, 0, 1, 1], "texture": "#0"},
				"west": {"uv": [0, 0, 1, 1], "texture": "#0"},
				"up": {"uv": [0, 0, 1, 1], "texture": "#0"},
				"down": {"uv": [0, 0, 1, 1], "texture": "#0"}
			}
		},
		{
			"name": "hexadecagon",
			"from": [8.83267, 2.36729, 0.79547],
			"to": [9.3328, 3.50062, 1.46232],
			"rotation": {"angle": 0, "axis": "y", "origin": [8.99938, 3.4343, 1.12889]},
			"faces": {
				"north": {"uv": [0, 0, 1, 1], "texture": "#0"},
				"east": {"uv": [0, 0, 1, 1], "texture": "#0"},
				"south": {"uv": [0, 0, 1, 1], "texture": "#0"},
				"west": {"uv": [0, 0, 1, 1], "texture": "#0"},
				"up": {"uv": [0, 0, 1, 1], "texture": "#0"},
				"down": {"uv": [0, 0, 1, 1], "texture": "#0"}
			}
		},
		{
			"name": "hexadecagon",
			"from": [8.83267, 0.86729, 1.04547],
			"to": [9.3328, 2.50062, 1.21232],
			"rotation": {"angle": 0, "axis": "y", "origin": [8.99938, 2.1843, 1.12889]},
			"faces": {
				"north": {"uv": [0, 0, 1, 1], "texture": "#0"},
				"east": {"uv": [0, 0, 1, 1], "texture": "#0"},
				"south": {"uv": [0, 0, 1, 1], "texture": "#0"},
				"west": {"uv": [0, 0, 1, 1], "texture": "#0"},
				"up": {"uv": [0, 0, 1, 1], "texture": "#0"},
				"down": {"uv": [0, 0, 1, 1], "texture": "#0"}
			}
		},
		{
			"name": "hexadecagon",
			"from": [8.83267, 2.11729, 1.04547],
			"to": [9.3328, 2.50062, 1.21232],
			"rotation": {"angle": -22.5, "axis": "x", "origin": [8.99938, 1.9343, 1.12889]},
			"faces": {
				"north": {"uv": [0, 0, 1, 1], "texture": "#0"},
				"east": {"uv": [0, 0, 1, 1], "texture": "#0"},
				"south": {"uv": [0, 0, 1, 1], "texture": "#0"},
				"west": {"uv": [0, 0, 1, 1], "texture": "#0"},
				"up": {"uv": [0, 0, 1, 1], "texture": "#0"},
				"down": {"uv": [0, 0, 1, 1], "texture": "#0"}
			}
		},
		{
			"name": "hexadecagon",
			"from": [8.83267, 2.11729, 1.04547],
			"to": [9.3328, 2.50062, 1.21232],
			"rotation": {"angle": 22.5, "axis": "x", "origin": [8.99938, 1.9343, 1.12889]},
			"faces": {
				"north": {"uv": [0, 0, 1, 1], "texture": "#0"},
				"east": {"uv": [0, 0, 1, 1], "texture": "#0"},
				"south": {"uv": [0, 0, 1, 1], "texture": "#0"},
				"west": {"uv": [0, 0, 1, 1], "texture": "#0"},
				"up": {"uv": [0, 0, 1, 1], "texture": "#0"},
				"down": {"uv": [0, 0, 1, 1], "texture": "#0"}
			}
		},
		{
			"name": "hexadecagon",
			"from": [8.83267, 1.77093, 1.27644],
			"to": [9.3328, 2.40426, 1.44329],
			"rotation": {"angle": 22.5, "axis": "x", "origin": [8.99938, 2.33794, 1.35986]},
			"faces": {
				"north": {"uv": [0, 0, 1, 1], "texture": "#0"},
				"east": {"uv": [0, 0, 1, 1], "texture": "#0"},
				"south": {"uv": [0, 0, 1, 1], "texture": "#0"},
				"west": {"uv": [0, 0, 1, 1], "texture": "#0"},
				"up": {"uv": [0, 0, 1, 1], "texture": "#0"},
				"down": {"uv": [0, 0, 1, 1], "texture": "#0"}
			}
		},
		{
			"name": "hexadecagon",
			"from": [5.99855, 1.77093, 1.27644],
			"to": [6.49869, 2.40426, 1.44329],
			"rotation": {"angle": 22.5, "axis": "x", "origin": [6.16526, 2.33794, 1.35986]},
			"faces": {
				"north": {"uv": [0, 0, 1, 1], "texture": "#0"},
				"east": {"uv": [0, 0, 1, 1], "texture": "#0"},
				"south": {"uv": [0, 0, 1, 1], "texture": "#0"},
				"west": {"uv": [0, 0, 1, 1], "texture": "#0"},
				"up": {"uv": [0, 0, 1, 1], "texture": "#0"},
				"down": {"uv": [0, 0, 1, 1], "texture": "#0"}
			}
		},
		{
			"name": "hexadecagon",
			"from": [8.83267, 1.77093, 0.8145],
			"to": [9.3328, 2.40426, 0.98135],
			"rotation": {"angle": -22.5, "axis": "x", "origin": [8.99938, 2.33794, 0.89792]},
			"faces": {
				"north": {"uv": [0, 0, 1, 1], "texture": "#0"},
				"east": {"uv": [0, 0, 1, 1], "texture": "#0"},
				"south": {"uv": [0, 0, 1, 1], "texture": "#0"},
				"west": {"uv": [0, 0, 1, 1], "texture": "#0"},
				"up": {"uv": [0, 0, 1, 1], "texture": "#0"},
				"down": {"uv": [0, 0, 1, 1], "texture": "#0"}
			}
		},
		{
			"name": "hexadecagon",
			"from": [5.99855, 1.77093, 0.8145],
			"to": [6.49869, 2.40426, 0.98135],
			"rotation": {"angle": -22.5, "axis": "x", "origin": [6.16526, 2.33794, 0.89792]},
			"faces": {
				"north": {"uv": [0, 0, 1, 1], "texture": "#0"},
				"east": {"uv": [0, 0, 1, 1], "texture": "#0"},
				"south": {"uv": [0, 0, 1, 1], "texture": "#0"},
				"west": {"uv": [0, 0, 1, 1], "texture": "#0"},
				"up": {"uv": [0, 0, 1, 1], "texture": "#0"},
				"down": {"uv": [0, 0, 1, 1], "texture": "#0"}
			}
		},
		{
			"name": "hexadecagon",
			"from": [8.83267, 3.36798, 0.79547],
			"to": [9.3328, 3.50062, 1.46232],
			"rotation": {"angle": 22.5, "axis": "x", "origin": [8.99938, 3.4343, 1.12889]},
			"faces": {
				"north": {"uv": [0, 0, 1, 1], "texture": "#0"},
				"east": {"uv": [0, 0, 1, 1], "texture": "#0"},
				"south": {"uv": [0, 0, 1, 1], "texture": "#0"},
				"west": {"uv": [0, 0, 1, 1], "texture": "#0"},
				"up": {"uv": [0, 0, 1, 1], "texture": "#0"},
				"down": {"uv": [0, 0, 1, 1], "texture": "#0"}
			}
		},
		{
			"name": "hexadecagon",
			"from": [8.83267, 3.36798, 0.79547],
			"to": [9.3328, 3.50062, 1.46232],
			"rotation": {"angle": 45, "axis": "x", "origin": [8.99938, 3.4343, 1.12889]},
			"faces": {
				"north": {"uv": [0, 0, 1, 1], "texture": "#0"},
				"east": {"uv": [0, 0, 1, 1], "texture": "#0"},
				"south": {"uv": [0, 0, 1, 1], "texture": "#0"},
				"west": {"uv": [0, 0, 1, 1], "texture": "#0"},
				"up": {"uv": [0, 0, 1, 1], "texture": "#0"},
				"down": {"uv": [0, 0, 1, 1], "texture": "#0"}
			}
		},
		{
			"name": "hexadecagon",
			"from": [8.83267, 3.10088, 1.06257],
			"to": [9.3328, 3.76773, 1.19521],
			"rotation": {"angle": -22.5, "axis": "x", "origin": [8.99938, 3.4343, 1.12889]},
			"faces": {
				"north": {"uv": [0, 0, 1, 1], "texture": "#0"},
				"east": {"uv": [0, 0, 1, 1], "texture": "#0"},
				"south": {"uv": [0, 0, 1, 1], "texture": "#0"},
				"west": {"uv": [0, 0, 1, 1], "texture": "#0"},
				"up": {"uv": [0, 0, 1, 1], "texture": "#0"},
				"down": {"uv": [0, 0, 1, 1], "texture": "#0"}
			}
		},
		{
			"name": "hexadecagon",
			"from": [9.08267, 3.101, 1.0625],
			"to": [9.13267, 3.76785, 1.19514],
			"rotation": {"angle": -22.5, "axis": "x", "origin": [8.99938, 3.4343, 1.12889]},
			"faces": {
				"north": {"uv": [0, 0, 1, 1], "texture": "#5"},
				"east": {"uv": [0, 0, 1, 1], "texture": "#5"},
				"south": {"uv": [0, 0, 1, 1], "texture": "#5"},
				"west": {"uv": [0, 0, 1, 1], "texture": "#5"},
				"up": {"uv": [0, 0, 1, 1], "texture": "#5"},
				"down": {"uv": [0, 0, 1, 1], "texture": "#5"}
			}
		},
		{
			"name": "hexadecagon",
			"from": [9.08267, 3.101, 1.0625],
			"to": [9.13267, 3.76785, 1.19514],
			"rotation": {"angle": 0, "axis": "y", "origin": [8.99938, 3.4343, 1.12889]},
			"faces": {
				"north": {"uv": [0, 0, 1, 1], "texture": "#5"},
				"east": {"uv": [0, 0, 1, 1], "texture": "#5"},
				"south": {"uv": [0, 0, 1, 1], "texture": "#5"},
				"west": {"uv": [0, 0, 1, 1], "texture": "#5"},
				"up": {"uv": [0, 0, 1, 1], "texture": "#5"},
				"down": {"uv": [0, 0, 1, 1], "texture": "#5"}
			}
		},
		{
			"name": "hexadecagon",
			"from": [9.08267, 3.101, 1.0625],
			"to": [9.13267, 3.76785, 1.19514],
			"rotation": {"angle": 22.5, "axis": "x", "origin": [8.99938, 3.4343, 1.12889]},
			"faces": {
				"north": {"uv": [0, 0, 1, 1], "texture": "#5"},
				"east": {"uv": [0, 0, 1, 1], "texture": "#5"},
				"south": {"uv": [0, 0, 1, 1], "texture": "#5"},
				"west": {"uv": [0, 0, 1, 1], "texture": "#5"},
				"up": {"uv": [0, 0, 1, 1], "texture": "#5"},
				"down": {"uv": [0, 0, 1, 1], "texture": "#5"}
			}
		},
		{
			"name": "hexadecagon",
			"from": [9.08267, 3.101, 1.0625],
			"to": [9.13267, 3.76785, 1.19514],
			"rotation": {"angle": 45, "axis": "x", "origin": [8.99938, 3.4343, 1.12889]},
			"faces": {
				"north": {"uv": [0, 0, 1, 1], "texture": "#5"},
				"east": {"uv": [0, 0, 1, 1], "texture": "#5"},
				"south": {"uv": [0, 0, 1, 1], "texture": "#5"},
				"west": {"uv": [0, 0, 1, 1], "texture": "#5"},
				"up": {"uv": [0, 0, 1, 1], "texture": "#5"},
				"down": {"uv": [0, 0, 1, 1], "texture": "#5"}
			}
		},
		{
			"name": "hexadecagon",
			"from": [9.08267, 3.36805, 0.79559],
			"to": [9.13267, 3.50069, 1.46244],
			"rotation": {"angle": -22.5, "axis": "x", "origin": [8.99938, 3.4343, 1.12889]},
			"faces": {
				"north": {"uv": [0, 0, 1, 1], "rotation": 180, "texture": "#5"},
				"east": {"uv": [0, 0, 1, 1], "rotation": 270, "texture": "#5"},
				"south": {"uv": [0, 0, 1, 1], "texture": "#5"},
				"west": {"uv": [0, 0, 1, 1], "rotation": 90, "texture": "#5"},
				"up": {"uv": [0, 0, 1, 1], "rotation": 180, "texture": "#5"},
				"down": {"uv": [0, 0, 1, 1], "texture": "#5"}
			}
		},
		{
			"name": "hexadecagon",
			"from": [9.08267, 2.61805, 0.79559],
			"to": [9.13267, 3.50069, 1.46244],
			"rotation": {"angle": 0, "axis": "y", "origin": [8.99938, 3.4343, 1.12889]},
			"faces": {
				"north": {"uv": [0, 0, 1, 1], "rotation": 180, "texture": "#5"},
				"east": {"uv": [0, 0, 1, 1], "rotation": 270, "texture": "#5"},
				"south": {"uv": [0, 0, 1, 1], "texture": "#5"},
				"west": {"uv": [0, 0, 1, 1], "rotation": 90, "texture": "#5"},
				"up": {"uv": [0, 0, 1, 1], "rotation": 180, "texture": "#5"},
				"down": {"uv": [0, 0, 1, 1], "texture": "#5"}
			}
		},
		{
			"name": "hexadecagon",
			"from": [9.08267, 3.101, 1.0625],
			"to": [9.13267, 3.76785, 1.19514],
			"rotation": {"angle": -45, "axis": "x", "origin": [8.99938, 3.4343, 1.12889]},
			"faces": {
				"north": {"uv": [0, 0, 1, 1], "texture": "#5"},
				"east": {"uv": [0, 0, 1, 1], "texture": "#5"},
				"south": {"uv": [0, 0, 1, 1], "texture": "#5"},
				"west": {"uv": [0, 0, 1, 1], "texture": "#5"},
				"up": {"uv": [0, 0, 1, 1], "texture": "#5"},
				"down": {"uv": [0, 0, 1, 1], "texture": "#5"}
			}
		},
		{
			"name": "hexadecagon",
			"from": [9.08267, 3.36791, 0.79534],
			"to": [9.13267, 3.50056, 1.46219],
			"rotation": {"angle": 22.5, "axis": "x", "origin": [8.99938, 3.4343, 1.12889]},
			"faces": {
				"north": {"uv": [0, 0, 1, 1], "rotation": 180, "texture": "#5"},
				"east": {"uv": [0, 0, 1, 1], "rotation": 90, "texture": "#5"},
				"south": {"uv": [0, 0, 1, 1], "texture": "#5"},
				"west": {"uv": [0, 0, 1, 1], "rotation": 270, "texture": "#5"},
				"up": {"uv": [0, 0, 1, 1], "texture": "#5"},
				"down": {"uv": [0, 0, 1, 1], "rotation": 180, "texture": "#5"}
			}
		},
		{
			"name": "hexadecagon",
			"from": [6.2, 2.61791, 0.79534],
			"to": [6.25, 3.50056, 1.46219],
			"rotation": {"angle": 0, "axis": "y", "origin": [5.99938, 3.4343, 1.12889]},
			"faces": {
				"north": {"uv": [0, 0, 1, 1], "rotation": 180, "texture": "#5"},
				"east": {"uv": [0, 0, 1, 1], "rotation": 90, "texture": "#5"},
				"south": {"uv": [0, 0, 1, 1], "texture": "#5"},
				"west": {"uv": [0, 0, 1, 1], "rotation": 270, "texture": "#5"},
				"up": {"uv": [0, 0, 1, 1], "texture": "#5"},
				"down": {"uv": [0, 0, 1, 1], "rotation": 180, "texture": "#5"}
			}
		},
		{
			"name": "hexadecagon",
			"from": [6.2, 3.36791, 0.79534],
			"to": [6.25, 3.50056, 1.46219],
			"rotation": {"angle": 0, "axis": "y", "origin": [5.99938, 3.4343, 1.12889]},
			"faces": {
				"north": {"uv": [0, 0, 1, 1], "rotation": 180, "texture": "#5"},
				"east": {"uv": [0, 0, 1, 1], "rotation": 90, "texture": "#5"},
				"south": {"uv": [0, 0, 1, 1], "texture": "#5"},
				"west": {"uv": [0, 0, 1, 1], "rotation": 270, "texture": "#5"},
				"up": {"uv": [0, 0, 1, 1], "texture": "#5"},
				"down": {"uv": [0, 0, 1, 1], "rotation": 180, "texture": "#5"}
			}
		},
		{
			"name": "hexadecagon",
			"from": [6.2, 3.36791, 0.79534],
			"to": [6.25, 3.50056, 1.46219],
			"rotation": {"angle": 22.5, "axis": "x", "origin": [5.99938, 3.4343, 1.12889]},
			"faces": {
				"north": {"uv": [0, 0, 1, 1], "rotation": 180, "texture": "#5"},
				"east": {"uv": [0, 0, 1, 1], "rotation": 90, "texture": "#5"},
				"south": {"uv": [0, 0, 1, 1], "texture": "#5"},
				"west": {"uv": [0, 0, 1, 1], "rotation": 270, "texture": "#5"},
				"up": {"uv": [0, 0, 1, 1], "texture": "#5"},
				"down": {"uv": [0, 0, 1, 1], "rotation": 180, "texture": "#5"}
			}
		},
		{
			"name": "hexadecagon",
			"from": [6.2, 3.36791, 0.79534],
			"to": [6.25, 3.50056, 1.46219],
			"rotation": {"angle": 45, "axis": "x", "origin": [5.99938, 3.4343, 1.12889]},
			"faces": {
				"north": {"uv": [0, 0, 1, 1], "rotation": 180, "texture": "#5"},
				"east": {"uv": [0, 0, 1, 1], "rotation": 90, "texture": "#5"},
				"south": {"uv": [0, 0, 1, 1], "texture": "#5"},
				"west": {"uv": [0, 0, 1, 1], "rotation": 270, "texture": "#5"},
				"up": {"uv": [0, 0, 1, 1], "texture": "#5"},
				"down": {"uv": [0, 0, 1, 1], "rotation": 180, "texture": "#5"}
			}
		},
		{
			"name": "hexadecagon",
			"from": [6.2, 3.101, 1.0625],
			"to": [6.25, 3.76785, 1.19514],
			"rotation": {"angle": -22.5, "axis": "x", "origin": [5.99938, 3.4343, 1.12889]},
			"faces": {
				"north": {"uv": [0, 0, 1, 1], "texture": "#5"},
				"east": {"uv": [0, 0, 1, 1], "texture": "#5"},
				"south": {"uv": [0, 0, 1, 1], "texture": "#5"},
				"west": {"uv": [0, 0, 1, 1], "texture": "#5"},
				"up": {"uv": [0, 0, 1, 1], "texture": "#5"},
				"down": {"uv": [0, 0, 1, 1], "texture": "#5"}
			}
		},
		{
			"name": "hexadecagon",
			"from": [6.2, 3.101, 1.0625],
			"to": [6.25, 3.76785, 1.19514],
			"rotation": {"angle": 0, "axis": "y", "origin": [5.99938, 3.4343, 1.12889]},
			"faces": {
				"north": {"uv": [0, 0, 1, 1], "texture": "#5"},
				"east": {"uv": [0, 0, 1, 1], "texture": "#5"},
				"south": {"uv": [0, 0, 1, 1], "texture": "#5"},
				"west": {"uv": [0, 0, 1, 1], "texture": "#5"},
				"up": {"uv": [0, 0, 1, 1], "texture": "#5"},
				"down": {"uv": [0, 0, 1, 1], "texture": "#5"}
			}
		},
		{
			"name": "hexadecagon",
			"from": [6.2, 3.101, 1.0625],
			"to": [6.25, 3.76785, 1.19514],
			"rotation": {"angle": 22.5, "axis": "x", "origin": [5.99938, 3.4343, 1.12889]},
			"faces": {
				"north": {"uv": [0, 0, 1, 1], "texture": "#5"},
				"east": {"uv": [0, 0, 1, 1], "texture": "#5"},
				"south": {"uv": [0, 0, 1, 1], "texture": "#5"},
				"west": {"uv": [0, 0, 1, 1], "texture": "#5"},
				"up": {"uv": [0, 0, 1, 1], "texture": "#5"},
				"down": {"uv": [0, 0, 1, 1], "texture": "#5"}
			}
		},
		{
			"name": "hexadecagon",
			"from": [6.2, 3.101, 1.0625],
			"to": [6.25, 3.76785, 1.19514],
			"rotation": {"angle": 45, "axis": "x", "origin": [5.99938, 3.4343, 1.12889]},
			"faces": {
				"north": {"uv": [0, 0, 1, 1], "texture": "#5"},
				"east": {"uv": [0, 0, 1, 1], "texture": "#5"},
				"south": {"uv": [0, 0, 1, 1], "texture": "#5"},
				"west": {"uv": [0, 0, 1, 1], "texture": "#5"},
				"up": {"uv": [0, 0, 1, 1], "texture": "#5"},
				"down": {"uv": [0, 0, 1, 1], "texture": "#5"}
			}
		},
		{
			"name": "hexadecagon",
			"from": [6.2, 3.36805, 0.79559],
			"to": [6.25, 3.50069, 1.46244],
			"rotation": {"angle": -22.5, "axis": "x", "origin": [5.99938, 3.4343, 1.12889]},
			"faces": {
				"north": {"uv": [0, 0, 1, 1], "rotation": 180, "texture": "#5"},
				"east": {"uv": [0, 0, 1, 1], "rotation": 270, "texture": "#5"},
				"south": {"uv": [0, 0, 1, 1], "texture": "#5"},
				"west": {"uv": [0, 0, 1, 1], "rotation": 90, "texture": "#5"},
				"up": {"uv": [0, 0, 1, 1], "rotation": 180, "texture": "#5"},
				"down": {"uv": [0, 0, 1, 1], "texture": "#5"}
			}
		},
		{
			"name": "hexadecagon",
			"from": [6.2, 2.61805, 0.79559],
			"to": [6.25, 3.50069, 1.46244],
			"rotation": {"angle": 0, "axis": "y", "origin": [5.99938, 3.4343, 1.12889]},
			"faces": {
				"north": {"uv": [0, 0, 1, 1], "rotation": 180, "texture": "#5"},
				"east": {"uv": [0, 0, 1, 1], "rotation": 270, "texture": "#5"},
				"south": {"uv": [0, 0, 1, 1], "texture": "#5"},
				"west": {"uv": [0, 0, 1, 1], "rotation": 90, "texture": "#5"},
				"up": {"uv": [0, 0, 1, 1], "rotation": 180, "texture": "#5"},
				"down": {"uv": [0, 0, 1, 1], "texture": "#5"}
			}
		},
		{
			"name": "hexadecagon",
			"from": [9.08267, 2.61791, 0.79534],
			"to": [9.13267, 3.50056, 1.46219],
			"rotation": {"angle": 0, "axis": "y", "origin": [8.99938, 3.4343, 1.12889]},
			"faces": {
				"north": {"uv": [0, 0, 1, 1], "rotation": 180, "texture": "#5"},
				"east": {"uv": [0, 0, 1, 1], "rotation": 90, "texture": "#5"},
				"south": {"uv": [0, 0, 1, 1], "texture": "#5"},
				"west": {"uv": [0, 0, 1, 1], "rotation": 270, "texture": "#5"},
				"up": {"uv": [0, 0, 1, 1], "texture": "#5"},
				"down": {"uv": [0, 0, 1, 1], "rotation": 180, "texture": "#5"}
			}
		},
		{
			"name": "hexadecagon",
			"from": [8.83267, 3.10088, 1.06257],
			"to": [9.3328, 3.76773, 1.19521],
			"rotation": {"angle": 0, "axis": "y", "origin": [8.99938, 3.4343, 1.12889]},
			"faces": {
				"north": {"uv": [0, 0, 1, 1], "texture": "#0"},
				"east": {"uv": [0, 0, 1, 1], "texture": "#0"},
				"south": {"uv": [0, 0, 1, 1], "texture": "#0"},
				"west": {"uv": [0, 0, 1, 1], "texture": "#0"},
				"up": {"uv": [0, 0, 1, 1], "texture": "#0"},
				"down": {"uv": [0, 0, 1, 1], "texture": "#0"}
			}
		},
		{
			"name": "hexadecagon",
			"from": [8.83267, 3.10088, 1.06257],
			"to": [9.3328, 3.76773, 1.19521],
			"rotation": {"angle": 22.5, "axis": "x", "origin": [8.99938, 3.4343, 1.12889]},
			"faces": {
				"north": {"uv": [0, 0, 1, 1], "texture": "#0"},
				"east": {"uv": [0, 0, 1, 1], "texture": "#0"},
				"south": {"uv": [0, 0, 1, 1], "texture": "#0"},
				"west": {"uv": [0, 0, 1, 1], "texture": "#0"},
				"up": {"uv": [0, 0, 1, 1], "texture": "#0"},
				"down": {"uv": [0, 0, 1, 1], "texture": "#0"}
			}
		},
		{
			"name": "hexadecagon",
			"from": [5.99855, 3.36798, 0.79547],
			"to": [6.49869, 3.50062, 1.46232],
			"rotation": {"angle": -45, "axis": "x", "origin": [6.33198, 3.4343, 1.12889]},
			"faces": {
				"north": {"uv": [0, 0, 1, 1], "texture": "#0"},
				"east": {"uv": [0, 0, 1, 1], "texture": "#0"},
				"south": {"uv": [0, 0, 1, 1], "texture": "#0"},
				"west": {"uv": [0, 0, 1, 1], "texture": "#0"},
				"up": {"uv": [0, 0, 1, 1], "texture": "#0"},
				"down": {"uv": [0, 0, 1, 1], "texture": "#0"}
			}
		},
		{
			"name": "hexadecagon",
			"from": [5.99855, 3.36798, 0.79547],
			"to": [6.49869, 3.50062, 1.46232],
			"rotation": {"angle": -22.5, "axis": "x", "origin": [6.33198, 3.4343, 1.12889]},
			"faces": {
				"north": {"uv": [0, 0, 1, 1], "texture": "#0"},
				"east": {"uv": [0, 0, 1, 1], "texture": "#0"},
				"south": {"uv": [0, 0, 1, 1], "texture": "#0"},
				"west": {"uv": [0, 0, 1, 1], "texture": "#0"},
				"up": {"uv": [0, 0, 1, 1], "texture": "#0"},
				"down": {"uv": [0, 0, 1, 1], "texture": "#0"}
			}
		},
		{
			"name": "hexadecagon",
			"from": [5.99855, 3.36798, 0.79547],
			"to": [6.49869, 3.50062, 1.46232],
			"rotation": {"angle": 0, "axis": "y", "origin": [6.33198, 3.4343, 1.12889]},
			"faces": {
				"north": {"uv": [0, 0, 1, 1], "texture": "#0"},
				"east": {"uv": [0, 0, 1, 1], "texture": "#0"},
				"south": {"uv": [0, 0, 1, 1], "texture": "#0"},
				"west": {"uv": [0, 0, 1, 1], "texture": "#0"},
				"up": {"uv": [0, 0, 1, 1], "texture": "#0"},
				"down": {"uv": [0, 0, 1, 1], "texture": "#0"}
			}
		},
		{
			"name": "hexadecagon",
			"from": [5.99855, 2.36729, 0.79547],
			"to": [6.49869, 3.50062, 1.46232],
			"rotation": {"angle": 0, "axis": "y", "origin": [6.33198, 3.4343, 1.12889]},
			"faces": {
				"north": {"uv": [0, 0, 1, 1], "texture": "#0"},
				"east": {"uv": [0, 0, 1, 1], "texture": "#0"},
				"south": {"uv": [0, 0, 1, 1], "texture": "#0"},
				"west": {"uv": [0, 0, 1, 1], "texture": "#0"},
				"up": {"uv": [0, 0, 1, 1], "texture": "#0"},
				"down": {"uv": [0, 0, 1, 1], "texture": "#0"}
			}
		},
		{
			"name": "hexadecagon",
			"from": [5.99855, 0.86729, 1.04547],
			"to": [6.49869, 2.50062, 1.21232],
			"rotation": {"angle": 0, "axis": "y", "origin": [6.33198, 3.4343, 1.12889]},
			"faces": {
				"north": {"uv": [0, 0, 1, 1], "texture": "#0"},
				"east": {"uv": [0, 0, 1, 1], "texture": "#0"},
				"south": {"uv": [0, 0, 1, 1], "texture": "#0"},
				"west": {"uv": [0, 0, 1, 1], "texture": "#0"},
				"up": {"uv": [0, 0, 1, 1], "texture": "#0"},
				"down": {"uv": [0, 0, 1, 1], "texture": "#0"}
			}
		},
		{
			"name": "hexadecagon",
			"from": [5.99855, 2.11729, 1.54547],
			"to": [6.49869, 2.50062, 1.71232],
			"rotation": {"angle": 22.5, "axis": "x", "origin": [6.33198, 3.1843, 1.62889]},
			"faces": {
				"north": {"uv": [0, 0, 1, 1], "texture": "#0"},
				"east": {"uv": [0, 0, 1, 1], "texture": "#0"},
				"south": {"uv": [0, 0, 1, 1], "texture": "#0"},
				"west": {"uv": [0, 0, 1, 1], "texture": "#0"},
				"up": {"uv": [0, 0, 1, 1], "texture": "#0"},
				"down": {"uv": [0, 0, 1, 1], "texture": "#0"}
			}
		},
		{
			"name": "hexadecagon",
			"from": [5.99855, 2.11729, 0.54547],
			"to": [6.49869, 2.50062, 0.71232],
			"rotation": {"angle": -22.5, "axis": "x", "origin": [6.33198, 3.1843, 0.62889]},
			"faces": {
				"north": {"uv": [0, 0, 1, 1], "texture": "#0"},
				"east": {"uv": [0, 0, 1, 1], "texture": "#0"},
				"south": {"uv": [0, 0, 1, 1], "texture": "#0"},
				"west": {"uv": [0, 0, 1, 1], "texture": "#0"},
				"up": {"uv": [0, 0, 1, 1], "texture": "#0"},
				"down": {"uv": [0, 0, 1, 1], "texture": "#0"}
			}
		},
		{
			"name": "hexadecagon",
			"from": [5.99855, 3.36798, 0.79547],
			"to": [6.49869, 3.50062, 1.46232],
			"rotation": {"angle": 22.5, "axis": "x", "origin": [6.33198, 3.4343, 1.12889]},
			"faces": {
				"north": {"uv": [0, 0, 1, 1], "texture": "#0"},
				"east": {"uv": [0, 0, 1, 1], "texture": "#0"},
				"south": {"uv": [0, 0, 1, 1], "texture": "#0"},
				"west": {"uv": [0, 0, 1, 1], "texture": "#0"},
				"up": {"uv": [0, 0, 1, 1], "texture": "#0"},
				"down": {"uv": [0, 0, 1, 1], "texture": "#0"}
			}
		},
		{
			"name": "hexadecagon",
			"from": [5.99855, 3.36798, 0.79547],
			"to": [6.49869, 3.50062, 1.46232],
			"rotation": {"angle": 45, "axis": "x", "origin": [6.33198, 3.4343, 1.12889]},
			"faces": {
				"north": {"uv": [0, 0, 1, 1], "texture": "#0"},
				"east": {"uv": [0, 0, 1, 1], "texture": "#0"},
				"south": {"uv": [0, 0, 1, 1], "texture": "#0"},
				"west": {"uv": [0, 0, 1, 1], "texture": "#0"},
				"up": {"uv": [0, 0, 1, 1], "texture": "#0"},
				"down": {"uv": [0, 0, 1, 1], "texture": "#0"}
			}
		},
		{
			"name": "hexadecagon",
			"from": [5.99855, 3.10088, 1.06257],
			"to": [6.49869, 3.76773, 1.19521],
			"rotation": {"angle": -22.5, "axis": "x", "origin": [6.33198, 3.4343, 1.12889]},
			"faces": {
				"north": {"uv": [0, 0, 1, 1], "texture": "#0"},
				"east": {"uv": [0, 0, 1, 1], "texture": "#0"},
				"south": {"uv": [0, 0, 1, 1], "texture": "#0"},
				"west": {"uv": [0, 0, 1, 1], "texture": "#0"},
				"up": {"uv": [0, 0, 1, 1], "texture": "#0"},
				"down": {"uv": [0, 0, 1, 1], "texture": "#0"}
			}
		},
		{
			"name": "hexadecagon",
			"from": [5.99855, 3.10088, 1.06257],
			"to": [6.49869, 3.76773, 1.19521],
			"rotation": {"angle": 0, "axis": "y", "origin": [6.33198, 3.4343, 1.12889]},
			"faces": {
				"north": {"uv": [0, 0, 1, 1], "texture": "#0"},
				"east": {"uv": [0, 0, 1, 1], "texture": "#0"},
				"south": {"uv": [0, 0, 1, 1], "texture": "#0"},
				"west": {"uv": [0, 0, 1, 1], "texture": "#0"},
				"up": {"uv": [0, 0, 1, 1], "texture": "#0"},
				"down": {"uv": [0, 0, 1, 1], "texture": "#0"}
			}
		},
		{
			"name": "hexadecagon",
			"from": [5.99855, 3.10088, 1.06257],
			"to": [6.49869, 3.76773, 1.19521],
			"rotation": {"angle": 22.5, "axis": "x", "origin": [6.33198, 3.4343, 1.12889]},
			"faces": {
				"north": {"uv": [0, 0, 1, 1], "texture": "#0"},
				"east": {"uv": [0, 0, 1, 1], "texture": "#0"},
				"south": {"uv": [0, 0, 1, 1], "texture": "#0"},
				"west": {"uv": [0, 0, 1, 1], "texture": "#0"},
				"up": {"uv": [0, 0, 1, 1], "texture": "#0"},
				"down": {"uv": [0, 0, 1, 1], "texture": "#0"}
			}
		},
		{
			"name": "hexadecagon",
			"from": [7.40039, 0.93361, -0.13812],
			"to": [7.93097, 4.26786, 2.52928],
			"rotation": {"angle": -45, "axis": "y", "origin": [7.66568, 3.10088, 1.19558]},
			"faces": {
				"north": {"uv": [0, 0, 1, 1], "texture": "#0"},
				"east": {"uv": [0, 0, 1, 1], "texture": "#0"},
				"south": {"uv": [0, 0, 1, 1], "texture": "#0"},
				"west": {"uv": [0, 0, 1, 1], "texture": "#0"},
				"up": {"uv": [0, 0, 1, 1], "texture": "#0"},
				"down": {"uv": [0, 0, 1, 1], "texture": "#0"}
			}
		},
		{
			"name": "hexadecagon",
			"from": [7.40039, 0.93361, -0.13812],
			"to": [7.93097, 4.26786, 2.52928],
			"rotation": {"angle": -22.5, "axis": "y", "origin": [7.66568, 3.10088, 1.19558]},
			"faces": {
				"north": {"uv": [0, 0, 1, 1], "texture": "#0"},
				"east": {"uv": [0, 0, 1, 1], "texture": "#0"},
				"south": {"uv": [0, 0, 1, 1], "texture": "#0"},
				"west": {"uv": [0, 0, 1, 1], "texture": "#0"},
				"up": {"uv": [0, 0, 1, 1], "texture": "#0"},
				"down": {"uv": [0, 0, 1, 1], "texture": "#0"}
			}
		},
		{
			"name": "hexadecagon",
			"from": [7.52113, 2.18361, -0.0883],
			"to": [7.92113, 3.01786, 2.5791],
			"rotation": {"angle": -22.5, "axis": "y", "origin": [7.78642, 3.10088, 1.24529]},
			"faces": {
				"north": {"uv": [0, 0, 16, 16], "texture": "#2"},
				"east": {"uv": [0, 0, 1, 1], "texture": "#2"},
				"south": {"uv": [0, 0, 1, 1], "texture": "#2"},
				"west": {"uv": [0, 0, 1, 1], "texture": "#2"},
				"up": {"uv": [0, 0, 1, 1], "texture": "#2"},
				"down": {"uv": [0, 0, 1, 1], "texture": "#2"}
			}
		},
		{
			"name": "hexadecagon",
			"from": [7.4006, 3.93361, -0.1384],
			"to": [7.93118, 4.01786, 2.529],
			"rotation": {"angle": -22.5, "axis": "y", "origin": [7.66568, 3.10088, 1.19558]},
			"faces": {
				"north": {"uv": [0, 6.9375, 11.1875, 9.1875], "texture": "#6"},
				"east": {"uv": [0, 0, 1, 1], "texture": "#6"},
				"south": {"uv": [0, 0, 1, 1], "texture": "#6"},
				"west": {"uv": [0, 0, 1, 1], "texture": "#6"},
				"up": {"uv": [0, 0, 1, 1], "texture": "#6"},
				"down": {"uv": [0, 0, 1, 1], "texture": "#6"}
			}
		},
		{
			"name": "hexadecagon",
			"from": [7.4006, 3.75, -0.1384],
			"to": [7.93118, 3.83425, 2.529],
			"rotation": {"angle": -22.5, "axis": "y", "origin": [7.66568, 2.85088, 1.19558]},
			"faces": {
				"north": {"uv": [0, 6.9375, 9, 9.3125], "texture": "#6"},
				"east": {"uv": [0, 0, 1, 1], "texture": "#6"},
				"south": {"uv": [0, 0, 1, 1], "texture": "#6"},
				"west": {"uv": [0, 0, 1, 1], "texture": "#6"},
				"up": {"uv": [0, 0, 1, 1], "texture": "#6"},
				"down": {"uv": [0, 0, 1, 1], "texture": "#6"}
			}
		},
		{
			"name": "hexadecagon",
			"from": [7.9327, 2.13361, -0.24354],
			"to": [7.9827, 3.01786, 2.42386],
			"rotation": {"angle": -22.5, "axis": "y", "origin": [7.69799, 1.60088, 1.11757]},
			"faces": {
				"north": {"uv": [0, 0, 16, 9.5], "texture": "#3"},
				"east": {"uv": [0, 0, 1, 1], "texture": "#3"},
				"south": {"uv": [0, 0, 1, 1], "texture": "#3"},
				"west": {"uv": [0, 0, 1, 1], "texture": "#3"},
				"up": {"uv": [0, 0, 1, 1], "texture": "#3"},
				"down": {"uv": [0, 0, 1, 1], "texture": "#3"}
			}
		},
		{
			"name": "hexadecagon",
			"from": [7.52103, 2.91786, -0.2],
			"to": [7.92103, 3.01786, 2.49],
			"rotation": {"angle": -22.5, "axis": "y", "origin": [7.78632, 2.13513, 1.24555]},
			"faces": {
				"north": {"uv": [0, 0, 16, 9.5], "texture": "#3"},
				"east": {"uv": [0, 0, 1, 1], "texture": "#3"},
				"south": {"uv": [0, 0, 1, 1], "texture": "#3"},
				"west": {"uv": [0, 0, 1, 1], "texture": "#3"},
				"up": {"uv": [0, 0, 1, 1], "texture": "#3"},
				"down": {"uv": [0, 0, 1, 1], "texture": "#3"}
			}
		},
		{
			"name": "hexadecagon",
			"from": [7.40039, 2.66786, -0.1384],
			"to": [7.93097, 2.76786, 2.529],
			"rotation": {"angle": 0, "axis": "y", "origin": [7.66568, 1.88513, 1.19558]},
			"faces": {
				"north": {"uv": [0, 0, 15.5, 2.5], "texture": "#2"},
				"east": {"uv": [0, 0, 1, 1], "texture": "#2"},
				"south": {"uv": [0, 0, 1, 1], "texture": "#2"},
				"west": {"uv": [0, 0, 1, 1], "texture": "#2"},
				"up": {"uv": [0, 0, 1, 1], "texture": "#2"},
				"down": {"uv": [0, 0, 1, 1], "texture": "#2"}
			}
		},
		{
			"name": "hexadecagon",
			"from": [7.40039, 2.91786, -0.1384],
			"to": [7.93097, 3.01786, 2.529],
			"rotation": {"angle": 0, "axis": "y", "origin": [7.66568, 2.13513, 1.19558]},
			"faces": {
				"north": {"uv": [0, 0, 16, 9.5], "texture": "#3"},
				"east": {"uv": [0, 0, 1, 1], "texture": "#3"},
				"south": {"uv": [0, 0, 1, 1], "texture": "#3"},
				"west": {"uv": [0, 0, 1, 1], "texture": "#3"},
				"up": {"uv": [0, 0, 1, 1], "texture": "#3"},
				"down": {"uv": [0, 0, 1, 1], "texture": "#3"}
			}
		},
		{
			"name": "hexadecagon",
			"from": [7.40039, 2.66786, -0.1384],
			"to": [7.43097, 3.01786, 2.529],
			"rotation": {"angle": 0, "axis": "y", "origin": [7.66568, 2.13513, 1.19558]},
			"faces": {
				"north": {"uv": [0, 0, 16, 9.5], "texture": "#3"},
				"east": {"uv": [0, 0, 1, 1], "texture": "#3"},
				"south": {"uv": [0, 0, 1, 1], "texture": "#3"},
				"west": {"uv": [0, 0, 1, 1], "texture": "#3"},
				"up": {"uv": [0, 0, 1, 1], "texture": "#3"},
				"down": {"uv": [0, 0, 1, 1], "texture": "#3"}
			}
		},
		{
			"name": "hexadecagon",
			"from": [7.90039, 2.66786, -0.1384],
			"to": [7.93097, 3.01786, 2.529],
			"rotation": {"angle": 0, "axis": "y", "origin": [8.16568, 2.13513, 1.19558]},
			"faces": {
				"north": {"uv": [0, 0, 16, 9.5], "texture": "#3"},
				"east": {"uv": [0, 0, 1, 1], "texture": "#3"},
				"south": {"uv": [0, 0, 1, 1], "texture": "#3"},
				"west": {"uv": [0, 0, 1, 1], "texture": "#3"},
				"up": {"uv": [0, 0, 1, 1], "texture": "#3"},
				"down": {"uv": [0, 0, 1, 1], "texture": "#3"}
			}
		},
		{
			"name": "hexadecagon",
			"from": [7.40039, 3.48, -0.25],
			"to": [7.93039, 3.53, 2.4174],
			"rotation": {"angle": 0, "axis": "y", "origin": [7.66568, 2.63513, 1.19558]},
			"faces": {
				"north": {"uv": [0, 0, 16, 0], "texture": "#3"},
				"east": {"uv": [0, 0, 16, 0], "texture": "#3"},
				"south": {"uv": [0, 0, 16, 0], "texture": "#3"},
				"west": {"uv": [0, 0, 16, 0], "texture": "#3"},
				"up": {"uv": [0, 0, 16, 0], "texture": "#3"},
				"down": {"uv": [0, 0, 16, 0], "texture": "#3"}
			}
		},
		{
			"name": "hexadecagon",
			"from": [7.40039, 2.98, -0.25],
			"to": [7.93039, 3.03, 2.4174],
			"rotation": {"angle": 0, "axis": "y", "origin": [7.66568, 2.13513, 1.19558]},
			"faces": {
				"north": {"uv": [0, 0, 16, 0], "texture": "#3"},
				"east": {"uv": [0, 0, 16, 0], "texture": "#3"},
				"south": {"uv": [0, 0, 16, 0], "texture": "#3"},
				"west": {"uv": [0, 0, 16, 0], "texture": "#3"},
				"up": {"uv": [0, 0, 16, 0], "texture": "#3"},
				"down": {"uv": [0, 0, 16, 0], "texture": "#3"}
			}
		},
		{
			"name": "hexadecagon",
			"from": [7.41, 4, -0.055],
			"to": [7.93, 4.05, 2.6124],
			"rotation": {"angle": -22.5, "axis": "x", "origin": [7.66568, 3.34503, 1.37059]},
			"faces": {
				"north": {"uv": [0, 0, 16, 0], "texture": "#4"},
				"east": {"uv": [0, 0, 16, 0], "texture": "#4"},
				"south": {"uv": [0, 0, 16, 0], "texture": "#4"},
				"west": {"uv": [0, 0, 16, 0], "texture": "#4"},
				"up": {"uv": [0, 0, 16, 0], "texture": "#4"},
				"down": {"uv": [0, 0, 16, 0], "texture": "#4"}
			}
		},
		{
			"name": "hexadecagon",
			"from": [7.41, 3.5, -0.055],
			"to": [7.93, 3.55, 2.6124],
			"rotation": {"angle": -22.5, "axis": "x", "origin": [7.66568, 2.84503, 1.37059]},
			"faces": {
				"north": {"uv": [0, 0, 16, 0], "texture": "#4"},
				"east": {"uv": [0, 0, 16, 0], "texture": "#4"},
				"south": {"uv": [0, 0, 16, 0], "texture": "#4"},
				"west": {"uv": [0, 0, 16, 0], "texture": "#4"},
				"up": {"uv": [0, 0, 16, 0], "texture": "#4"},
				"down": {"uv": [0, 0, 16, 0], "texture": "#4"}
			}
		},
		{
			"name": "hexadecagon",
			"from": [7.41, 3.9, -0.08],
			"to": [7.93, 3.95, 2.5874],
			"rotation": {"angle": -22.5, "axis": "x", "origin": [7.66568, 3.34503, 1.37059]},
			"faces": {
				"north": {"uv": [0, 0, 16, 0], "texture": "#4"},
				"east": {"uv": [0, 0, 16, 0], "texture": "#4"},
				"south": {"uv": [0, 0, 16, 0], "texture": "#4"},
				"west": {"uv": [0, 0, 16, 0], "texture": "#4"},
				"up": {"uv": [0, 0, 16, 0], "texture": "#4"},
				"down": {"uv": [0, 0, 16, 0], "texture": "#4"}
			}
		},
		{
			"name": "hexadecagon",
			"from": [7.41, 3.4, -0.08],
			"to": [7.93, 3.45, 2.5874],
			"rotation": {"angle": -22.5, "axis": "x", "origin": [7.66568, 2.84503, 1.37059]},
			"faces": {
				"north": {"uv": [0, 0, 16, 0], "texture": "#4"},
				"east": {"uv": [0, 0, 16, 0], "texture": "#4"},
				"south": {"uv": [0, 0, 16, 0], "texture": "#4"},
				"west": {"uv": [0, 0, 16, 0], "texture": "#4"},
				"up": {"uv": [0, 0, 16, 0], "texture": "#4"},
				"down": {"uv": [0, 0, 16, 0], "texture": "#4"}
			}
		},
		{
			"name": "hexadecagon",
			"from": [7.41, 3.4, -0.08],
			"to": [7.93, 3.45, 2.5874],
			"rotation": {"angle": -22.5, "axis": "x", "origin": [7.66568, 2.84503, 1.37059]},
			"faces": {
				"north": {"uv": [0, 0, 16, 0], "texture": "#4"},
				"east": {"uv": [0, 0, 16, 0], "texture": "#4"},
				"south": {"uv": [0, 0, 16, 0], "texture": "#4"},
				"west": {"uv": [0, 0, 16, 0], "texture": "#4"},
				"up": {"uv": [0, 0, 16, 0], "texture": "#4"},
				"down": {"uv": [0, 0, 16, 0], "texture": "#4"}
			}
		},
		{
			"name": "hexadecagon",
			"from": [7.41, 3.8, -0.11],
			"to": [7.93, 3.85, 2.5574],
			"rotation": {"angle": -22.5, "axis": "x", "origin": [7.66568, 3.34503, 1.37059]},
			"faces": {
				"north": {"uv": [0, 0, 16, 0], "texture": "#4"},
				"east": {"uv": [0, 0, 16, 0], "texture": "#4"},
				"south": {"uv": [0, 0, 16, 0], "texture": "#4"},
				"west": {"uv": [0, 0, 16, 0], "texture": "#4"},
				"up": {"uv": [0, 0, 16, 0], "texture": "#4"},
				"down": {"uv": [0, 0, 16, 0], "texture": "#4"}
			}
		},
		{
			"name": "hexadecagon",
			"from": [7.41, 3.8, -0.11],
			"to": [7.93, 3.85, 2.5574],
			"rotation": {"angle": -22.5, "axis": "x", "origin": [7.66568, 3.34503, 1.37059]},
			"faces": {
				"north": {"uv": [0, 0, 16, 0], "texture": "#4"},
				"east": {"uv": [0, 0, 16, 0], "texture": "#4"},
				"south": {"uv": [0, 0, 16, 0], "texture": "#4"},
				"west": {"uv": [0, 0, 16, 0], "texture": "#4"},
				"up": {"uv": [0, 0, 16, 0], "texture": "#4"},
				"down": {"uv": [0, 0, 16, 0], "texture": "#4"}
			}
		},
		{
			"name": "hexadecagon",
			"from": [7.41, 3.3, -0.11],
			"to": [7.93, 3.35, 2.5574],
			"rotation": {"angle": -22.5, "axis": "x", "origin": [7.66568, 2.84503, 1.37059]},
			"faces": {
				"north": {"uv": [0, 0, 16, 0], "texture": "#4"},
				"east": {"uv": [0, 0, 16, 0], "texture": "#4"},
				"south": {"uv": [0, 0, 16, 0], "texture": "#4"},
				"west": {"uv": [0, 0, 16, 0], "texture": "#4"},
				"up": {"uv": [0, 0, 16, 0], "texture": "#4"},
				"down": {"uv": [0, 0, 16, 0], "texture": "#4"}
			}
		},
		{
			"name": "hexadecagon",
			"from": [7.40039, 3.2, -0.25],
			"to": [7.43039, 3.52, 2.4174],
			"rotation": {"angle": 0, "axis": "y", "origin": [7.66568, 2.60513, 1.19558]},
			"faces": {
				"north": {"uv": [0, 0, 16, 0], "texture": "#3"},
				"east": {"uv": [0, 0, 16, 0], "texture": "#3"},
				"south": {"uv": [0, 0, 16, 0], "texture": "#3"},
				"west": {"uv": [0, 0, 16, 0], "texture": "#3"},
				"up": {"uv": [0, 0, 16, 0], "texture": "#3"},
				"down": {"uv": [0, 0, 16, 0], "texture": "#3"}
			}
		},
		{
			"name": "hexadecagon",
			"from": [7.40039, 2.7, -0.25],
			"to": [7.43039, 3.02, 2.4174],
			"rotation": {"angle": 0, "axis": "y", "origin": [7.66568, 2.10513, 1.19558]},
			"faces": {
				"north": {"uv": [0, 0, 16, 0], "texture": "#3"},
				"east": {"uv": [0, 0, 16, 0], "texture": "#3"},
				"south": {"uv": [0, 0, 16, 0], "texture": "#3"},
				"west": {"uv": [0, 0, 16, 0], "texture": "#3"},
				"up": {"uv": [0, 0, 16, 0], "texture": "#3"},
				"down": {"uv": [0, 0, 16, 0], "texture": "#3"}
			}
		},
		{
			"name": "hexadecagon",
			"from": [7.90039, 3.2, -0.25],
			"to": [7.93039, 3.52, 2.4174],
			"rotation": {"angle": 0, "axis": "y", "origin": [8.16568, 2.60513, 1.19558]},
			"faces": {
				"north": {"uv": [0, 0, 16, 0], "texture": "#3"},
				"east": {"uv": [0, 0, 16, 0], "texture": "#3"},
				"south": {"uv": [0, 0, 16, 0], "texture": "#3"},
				"west": {"uv": [0, 0, 16, 0], "texture": "#3"},
				"up": {"uv": [0, 0, 16, 0], "texture": "#3"},
				"down": {"uv": [0, 0, 16, 0], "texture": "#3"}
			}
		},
		{
			"name": "hexadecagon",
			"from": [7.90039, 2.7, -0.25],
			"to": [7.93039, 3.02, 2.4174],
			"rotation": {"angle": 0, "axis": "y", "origin": [8.16568, 2.10513, 1.19558]},
			"faces": {
				"north": {"uv": [0, 0, 16, 0], "texture": "#3"},
				"east": {"uv": [0, 0, 16, 0], "texture": "#3"},
				"south": {"uv": [0, 0, 16, 0], "texture": "#3"},
				"west": {"uv": [0, 0, 16, 0], "texture": "#3"},
				"up": {"uv": [0, 0, 16, 0], "texture": "#3"},
				"down": {"uv": [0, 0, 16, 0], "texture": "#3"}
			}
		},
		{
			"name": "hexadecagon",
			"from": [7.40039, 3.15, -0.25],
			"to": [7.93039, 3.2, 2.4174],
			"rotation": {"angle": 0, "axis": "y", "origin": [7.66568, 2.38513, 1.19558]},
			"faces": {
				"north": {"uv": [0, 0, 16, 0], "texture": "#3"},
				"east": {"uv": [0, 0, 16, 0], "texture": "#3"},
				"south": {"uv": [0, 0, 16, 0], "texture": "#3"},
				"west": {"uv": [0, 0, 16, 0], "texture": "#3"},
				"up": {"uv": [0, 0, 16, 0], "texture": "#3"},
				"down": {"uv": [0, 0, 16, 0], "texture": "#3"}
			}
		},
		{
			"name": "hexadecagon",
			"from": [7.40039, 2.65, -0.25],
			"to": [7.93039, 2.7, 2.4174],
			"rotation": {"angle": 0, "axis": "y", "origin": [7.66568, 1.88513, 1.19558]},
			"faces": {
				"north": {"uv": [0, 0, 16, 0], "texture": "#3"},
				"east": {"uv": [0, 0, 16, 0], "texture": "#3"},
				"south": {"uv": [0, 0, 16, 0], "texture": "#3"},
				"west": {"uv": [0, 0, 16, 0], "texture": "#3"},
				"up": {"uv": [0, 0, 16, 0], "texture": "#3"},
				"down": {"uv": [0, 0, 16, 0], "texture": "#3"}
			}
		},
		{
			"name": "hexadecagon",
			"from": [7.52095, 2.13361, -0.2],
			"to": [7.92095, 2.23361, 2.4674],
			"rotation": {"angle": -22.5, "axis": "y", "origin": [7.78624, 1.35088, 1.24573]},
			"faces": {
				"north": {"uv": [0, 0, 16, 9.5], "texture": "#3"},
				"east": {"uv": [0, 0, 1, 1], "texture": "#3"},
				"south": {"uv": [0, 0, 1, 1], "texture": "#3"},
				"west": {"uv": [0, 0, 1, 1], "texture": "#3"},
				"up": {"uv": [0, 0, 1, 1], "texture": "#3"},
				"down": {"uv": [0, 0, 1, 1], "texture": "#3"}
			}
		},
		{
			"name": "hexadecagon",
			"from": [7.52551, 2.13361, -0.2],
			"to": [7.57551, 3.01786, 2.4674],
			"rotation": {"angle": -22.5, "axis": "y", "origin": [7.7908, 1.60088, 1.23474]},
			"faces": {
				"north": {"uv": [0, 0, 16, 9.5], "texture": "#3"},
				"east": {"uv": [0, 0, 1, 1], "texture": "#3"},
				"south": {"uv": [0, 0, 1, 1], "texture": "#3"},
				"west": {"uv": [0, 0, 1, 1], "texture": "#3"},
				"up": {"uv": [0, 0, 1, 1], "texture": "#3"},
				"down": {"uv": [0, 0, 1, 1], "texture": "#3"}
			}
		},
		{
			"name": "hexadecagon",
			"from": [7.40039, 0.93361, -0.13812],
			"to": [7.93097, 4.26786, 2.52928],
			"rotation": {"angle": 0, "axis": "y", "origin": [7.66568, 3.10088, 1.19558]},
			"faces": {
				"north": {"uv": [0, 0, 1, 1], "texture": "#0"},
				"east": {"uv": [0, 0, 1, 1], "texture": "#0"},
				"south": {"uv": [0, 0, 1, 1], "texture": "#0"},
				"west": {"uv": [0, 0, 1, 1], "texture": "#0"},
				"up": {"uv": [0, 0, 1, 1], "texture": "#0"},
				"down": {"uv": [0, 0, 1, 1], "texture": "#0"}
			}
		},
		{
			"name": "hexadecagon",
			"from": [7.40039, 2.68361, -0.1383],
			"to": [7.93097, 3.01786, 2.5291],
			"rotation": {"angle": 0, "axis": "y", "origin": [7.66568, 3.10088, 1.19558]},
			"faces": {
				"north": {"uv": [0, 0, 16, 9], "texture": "#2"},
				"east": {"uv": [0, 0, 1, 1], "texture": "#2"},
				"south": {"uv": [0, 0, 1, 1], "texture": "#2"},
				"west": {"uv": [0, 0, 1, 1], "texture": "#2"},
				"up": {"uv": [0, 0, 1, 1], "texture": "#2"},
				"down": {"uv": [0, 0, 1, 1], "texture": "#2"}
			}
		},
		{
			"name": "hexadecagon",
			"from": [7.40039, 3.18361, -0.1383],
			"to": [7.93097, 3.51786, 2.5291],
			"rotation": {"angle": 0, "axis": "y", "origin": [7.66568, 3.60088, 1.19558]},
			"faces": {
				"north": {"uv": [0, 0, 16, 9], "texture": "#2"},
				"east": {"uv": [0, 0, 1, 1], "texture": "#2"},
				"south": {"uv": [0, 0, 1, 1], "texture": "#2"},
				"west": {"uv": [0, 0, 1, 1], "texture": "#2"},
				"up": {"uv": [0, 0, 1, 1], "texture": "#2"},
				"down": {"uv": [0, 0, 1, 1], "texture": "#2"}
			}
		},
		{
			"name": "hexadecagon",
			"from": [7.40039, 3.93361, -0.1384],
			"to": [7.93097, 4.01786, 2.529],
			"rotation": {"angle": 0, "axis": "y", "origin": [7.66568, 3.10088, 1.19558]},
			"faces": {
				"north": {"uv": [5.875, 7, 11.875, 9.1875], "texture": "#6"},
				"east": {"uv": [0, 0, 1, 1], "texture": "#6"},
				"south": {"uv": [0, 0, 1, 1], "texture": "#6"},
				"west": {"uv": [0, 0, 1, 1], "texture": "#6"},
				"up": {"uv": [0, 0, 1, 1], "texture": "#6"},
				"down": {"uv": [0, 0, 1, 1], "texture": "#6"}
			}
		},
		{
			"name": "hexadecagon",
			"from": [7.40039, 3.75, -0.1384],
			"to": [7.93097, 3.83425, 2.529],
			"rotation": {"angle": 0, "axis": "y", "origin": [7.66568, 2.85088, 1.19558]},
			"faces": {
				"north": {"uv": [3.5625, 6.75, 8.9375, 9.375], "texture": "#6"},
				"east": {"uv": [0, 0, 1, 1], "texture": "#6"},
				"south": {"uv": [0, 0, 1, 1], "texture": "#6"},
				"west": {"uv": [0, 0, 1, 1], "texture": "#6"},
				"up": {"uv": [0, 0, 1, 1], "texture": "#6"},
				"down": {"uv": [0, 0, 1, 1], "texture": "#6"}
			}
		},
		{
			"name": "hexadecagon",
			"from": [7.40039, 3.57, -0.1384],
			"to": [7.93097, 3.65425, 2.529],
			"rotation": {"angle": 0, "axis": "y", "origin": [7.66568, 2.85088, 1.19558]},
			"faces": {
				"north": {"uv": [0, 0, 1, 1], "texture": "#5"},
				"east": {"uv": [0, 0, 1, 1], "texture": "#5"},
				"south": {"uv": [0, 0, 1, 1], "texture": "#5"},
				"west": {"uv": [0, 0, 1, 1], "texture": "#5"},
				"up": {"uv": [0, 0, 1, 1], "texture": "#5"},
				"down": {"uv": [0, 0, 1, 1], "texture": "#5"}
			}
		},
		{
			"name": "hexadecagon",
			"from": [7.40039, 3.57, -0.1384],
			"to": [7.93097, 3.65425, 2.529],
			"rotation": {"angle": -22.5, "axis": "y", "origin": [7.66568, 2.85088, 1.19558]},
			"faces": {
				"north": {"uv": [0, 0, 1, 1], "texture": "#5"},
				"east": {"uv": [0, 0, 1, 1], "texture": "#5"},
				"south": {"uv": [0, 0, 1, 1], "texture": "#5"},
				"west": {"uv": [0, 0, 1, 1], "texture": "#5"},
				"up": {"uv": [0, 0, 1, 1], "texture": "#5"},
				"down": {"uv": [0, 0, 1, 1], "texture": "#5"}
			}
		},
		{
			"name": "hexadecagon",
			"from": [7.40039, 3.57, -0.1384],
			"to": [7.93097, 3.65425, 2.529],
			"rotation": {"angle": 22.5, "axis": "y", "origin": [7.66568, 2.85088, 1.19558]},
			"faces": {
				"north": {"uv": [0, 0, 1, 1], "texture": "#5"},
				"east": {"uv": [0, 0, 1, 1], "texture": "#5"},
				"south": {"uv": [0, 0, 1, 1], "texture": "#5"},
				"west": {"uv": [0, 0, 1, 1], "texture": "#5"},
				"up": {"uv": [0, 0, 1, 1], "texture": "#5"},
				"down": {"uv": [0, 0, 1, 1], "texture": "#5"}
			}
		},
		{
			"name": "hexadecagon",
			"from": [7.40039, 1.32, -0.1384],
			"to": [7.43097, 3.65425, 2.529],
			"rotation": {"angle": 22.5, "axis": "y", "origin": [7.66568, 2.85088, 1.19558]},
			"faces": {
				"north": {"uv": [0, 0, 1, 1], "texture": "#5"},
				"east": {"uv": [0, 0, 1, 1], "texture": "#5"},
				"south": {"uv": [0, 0, 1, 1], "texture": "#5"},
				"west": {"uv": [0, 0, 1, 1], "texture": "#5"},
				"up": {"uv": [0, 0, 1, 1], "texture": "#5"},
				"down": {"uv": [0, 0, 1, 1], "texture": "#5"}
			}
		},
		{
			"name": "hexadecagon",
			"from": [7.40039, 0.93361, -0.13812],
			"to": [7.93097, 4.26786, 2.52928],
			"rotation": {"angle": 22.5, "axis": "y", "origin": [7.66568, 3.10088, 1.19558]},
			"faces": {
				"north": {"uv": [0, 0, 1, 1], "texture": "#0"},
				"east": {"uv": [0, 0, 1, 1], "texture": "#0"},
				"south": {"uv": [0, 0, 1, 1], "texture": "#0"},
				"west": {"uv": [0, 0, 1, 1], "texture": "#0"},
				"up": {"uv": [0, 0, 1, 1], "texture": "#0"},
				"down": {"uv": [0, 0, 1, 1], "texture": "#0"}
			}
		},
		{
			"name": "hexadecagon",
			"from": [7.4002, 3.93361, -0.1384],
			"to": [7.93078, 4.01786, 2.529],
			"rotation": {"angle": 22.5, "axis": "y", "origin": [7.66568, 3.10088, 1.19558]},
			"faces": {
				"north": {"uv": [6.875, 6.75, 16, 9.3125], "texture": "#6"},
				"east": {"uv": [0, 0, 1, 1], "texture": "#6"},
				"south": {"uv": [0, 0, 1, 1], "texture": "#6"},
				"west": {"uv": [0, 0, 1, 1], "texture": "#6"},
				"up": {"uv": [0, 0, 1, 1], "texture": "#6"},
				"down": {"uv": [0, 0, 1, 1], "texture": "#6"}
			}
		},
		{
			"name": "hexadecagon",
			"from": [7.4002, 3.75, -0.1384],
			"to": [7.93078, 3.83425, 2.529],
			"rotation": {"angle": 22.5, "axis": "y", "origin": [7.66568, 2.85088, 1.19558]},
			"faces": {
				"north": {"uv": [3.625, 6.75, 16, 9.375], "texture": "#6"},
				"east": {"uv": [0, 0, 1, 1], "texture": "#6"},
				"south": {"uv": [0, 0, 1, 1], "texture": "#6"},
				"west": {"uv": [0, 0, 1, 1], "texture": "#6"},
				"up": {"uv": [0, 0, 1, 1], "texture": "#6"},
				"down": {"uv": [0, 0, 1, 1], "texture": "#6"}
			}
		},
		{
			"name": "hexadecagon",
			"from": [7.40039, 0.93361, -0.13812],
			"to": [7.93097, 4.26786, 2.52928],
			"rotation": {"angle": 45, "axis": "y", "origin": [7.66568, 3.10088, 1.19558]},
			"faces": {
				"north": {"uv": [0, 0, 1, 1], "texture": "#0"},
				"east": {"uv": [0, 0, 1, 1], "texture": "#0"},
				"south": {"uv": [0, 0, 1, 1], "texture": "#0"},
				"west": {"uv": [0, 0, 1, 1], "texture": "#0"},
				"up": {"uv": [0, 0, 1, 1], "texture": "#0"},
				"down": {"uv": [0, 0, 1, 1], "texture": "#0"}
			}
		},
		{
			"name": "hexadecagon",
			"from": [7.65, 1.43361, -0.1385],
			"to": [7.82, 4.01786, 2.5289],
			"rotation": {"angle": 45, "axis": "y", "origin": [7.66568, 3.10088, 1.19558]},
			"faces": {
				"north": {"uv": [7.04, 6.56, 7.04, 8.455], "texture": "#6"},
				"east": {"uv": [0, 0, 1, 1], "texture": "#6"},
				"south": {"uv": [0, 0, 1, 1], "texture": "#6"},
				"west": {"uv": [0, 0, 1, 1], "texture": "#6"},
				"up": {"uv": [0, 0, 1, 1], "texture": "#6"},
				"down": {"uv": [0, 0, 1, 1], "texture": "#6"}
			}
		},
		{
			"name": "hexadecagon",
			"from": [6.33198, 0.93361, 0.93029],
			"to": [8.99938, 4.26786, 1.46087],
			"rotation": {"angle": -22.5, "axis": "y", "origin": [7.66568, 3.10088, 1.19558]},
			"faces": {
				"north": {"uv": [0, 0, 1, 1], "texture": "#0"},
				"east": {"uv": [0, 0, 1, 1], "texture": "#0"},
				"south": {"uv": [0, 0, 1, 1], "texture": "#0"},
				"west": {"uv": [0, 0, 1, 1], "texture": "#0"},
				"up": {"uv": [0, 0, 1, 1], "texture": "#0"},
				"down": {"uv": [0, 0, 1, 1], "texture": "#0"}
			}
		},
		{
			"name": "hexadecagon",
			"from": [6.33198, 0.93361, 0.93029],
			"to": [8.99938, 4.26786, 1.46087],
			"rotation": {"angle": 0, "axis": "y", "origin": [7.66568, 3.10088, 1.19558]},
			"faces": {
				"north": {"uv": [0, 0, 1, 1], "texture": "#0"},
				"east": {"uv": [0, 0, 1, 1], "texture": "#0"},
				"south": {"uv": [0, 0, 1, 1], "texture": "#0"},
				"west": {"uv": [0, 0, 1, 1], "texture": "#0"},
				"up": {"uv": [0, 0, 1, 1], "texture": "#0"},
				"down": {"uv": [0, 0, 1, 1], "texture": "#0"}
			}
		},
		{
			"name": "hexadecagon",
			"from": [6.33198, 0.93361, 0.93029],
			"to": [8.99938, 4.26786, 1.46087],
			"rotation": {"angle": 22.5, "axis": "y", "origin": [7.66568, 3.10088, 1.19558]},
			"faces": {
				"north": {"uv": [0, 0, 1, 1], "texture": "#0"},
				"east": {"uv": [0, 0, 1, 1], "texture": "#0"},
				"south": {"uv": [0, 0, 1, 1], "texture": "#0"},
				"west": {"uv": [0, 0, 1, 1], "texture": "#0"},
				"up": {"uv": [0, 0, 1, 1], "texture": "#0"},
				"down": {"uv": [0, 0, 1, 1], "texture": "#0"}
			}
		},
		{
			"name": "hexadecagon",
			"from": [7.40039, 3.93444, -0.0381],
			"to": [7.93097, 4.60129, 2.62931],
			"rotation": {"angle": -45, "axis": "y", "origin": [7.66568, 4.10115, 1.2956]},
			"faces": {
				"north": {"uv": [0, 0, 1, 1], "texture": "#0"},
				"east": {"uv": [0, 0, 1, 1], "texture": "#0"},
				"south": {"uv": [0, 0, 1, 1], "texture": "#0"},
				"west": {"uv": [0, 0, 1, 1], "texture": "#0"},
				"up": {"uv": [0, 0, 1, 1], "texture": "#0"},
				"down": {"uv": [0, 0, 1, 1], "texture": "#0"}
			}
		},
		{
			"name": "hexadecagon",
			"from": [7.40039, 3.93444, -0.0381],
			"to": [7.93097, 4.60129, 2.62931],
			"rotation": {"angle": -22.5, "axis": "y", "origin": [7.66568, 4.10115, 1.2956]},
			"faces": {
				"north": {"uv": [0, 0, 1, 1], "texture": "#0"},
				"east": {"uv": [0, 0, 1, 1], "texture": "#0"},
				"south": {"uv": [0, 0, 1, 1], "texture": "#0"},
				"west": {"uv": [0, 0, 1, 1], "texture": "#0"},
				"up": {"uv": [0, 0, 1, 1], "texture": "#0"},
				"down": {"uv": [0, 0, 1, 1], "texture": "#0"}
			}
		},
		{
			"name": "hexadecagon",
			"from": [7.40039, 3.93444, -0.0381],
			"to": [7.93097, 4.60129, 2.62931],
			"rotation": {"angle": 0, "axis": "y", "origin": [7.66568, 4.10115, 1.2956]},
			"faces": {
				"north": {"uv": [0, 0, 1, 1], "texture": "#0"},
				"east": {"uv": [0, 0, 1, 1], "texture": "#0"},
				"south": {"uv": [0, 0, 1, 1], "texture": "#0"},
				"west": {"uv": [0, 0, 1, 1], "texture": "#0"},
				"up": {"uv": [0, 0, 1, 1], "texture": "#0"},
				"down": {"uv": [0, 0, 1, 1], "texture": "#0"}
			}
		},
		{
			"name": "hexadecagon",
			"from": [7.40039, 3.93444, -0.0381],
			"to": [7.93097, 4.60129, 2.62931],
			"rotation": {"angle": 22.5, "axis": "y", "origin": [7.66568, 4.10115, 1.2956]},
			"faces": {
				"north": {"uv": [0, 0, 1, 1], "texture": "#0"},
				"east": {"uv": [0, 0, 1, 1], "texture": "#0"},
				"south": {"uv": [0, 0, 1, 1], "texture": "#0"},
				"west": {"uv": [0, 0, 1, 1], "texture": "#0"},
				"up": {"uv": [0, 0, 1, 1], "texture": "#0"},
				"down": {"uv": [0, 0, 1, 1], "texture": "#0"}
			}
		},
		{
			"name": "hexadecagon",
			"from": [7.40039, 3.93444, -0.0381],
			"to": [7.93097, 4.60129, 2.62931],
			"rotation": {"angle": 45, "axis": "y", "origin": [7.66568, 4.10115, 1.2956]},
			"faces": {
				"north": {"uv": [0, 0, 1, 1], "texture": "#0"},
				"east": {"uv": [0, 0, 1, 1], "texture": "#0"},
				"south": {"uv": [0, 0, 1, 1], "texture": "#0"},
				"west": {"uv": [0, 0, 1, 1], "texture": "#0"},
				"up": {"uv": [0, 0, 1, 1], "texture": "#0"},
				"down": {"uv": [0, 0, 1, 1], "texture": "#0"}
			}
		},
		{
			"name": "hexadecagon",
			"from": [6.33198, 3.93444, 1.03031],
			"to": [8.99938, 4.60129, 1.56089],
			"rotation": {"angle": -22.5, "axis": "y", "origin": [7.66568, 4.10115, 1.2956]},
			"faces": {
				"north": {"uv": [0, 0, 1, 1], "texture": "#0"},
				"east": {"uv": [0, 0, 1, 1], "texture": "#0"},
				"south": {"uv": [0, 0, 1, 1], "texture": "#0"},
				"west": {"uv": [0, 0, 1, 1], "texture": "#0"},
				"up": {"uv": [0, 0, 1, 1], "texture": "#0"},
				"down": {"uv": [0, 0, 1, 1], "texture": "#0"}
			}
		},
		{
			"name": "hexadecagon",
			"from": [6.33198, 3.93444, 1.03031],
			"to": [8.99938, 4.60129, 1.56089],
			"rotation": {"angle": 0, "axis": "y", "origin": [7.66568, 4.10115, 1.2956]},
			"faces": {
				"north": {"uv": [0, 0, 1, 1], "texture": "#0"},
				"east": {"uv": [0, 0, 1, 1], "texture": "#0"},
				"south": {"uv": [0, 0, 1, 1], "texture": "#0"},
				"west": {"uv": [0, 0, 1, 1], "texture": "#0"},
				"up": {"uv": [0, 0, 1, 1], "texture": "#0"},
				"down": {"uv": [0, 0, 1, 1], "texture": "#0"}
			}
		},
		{
			"name": "hexadecagon",
			"from": [6.33198, 3.93444, 1.03031],
			"to": [8.99938, 4.60129, 1.56089],
			"rotation": {"angle": 22.5, "axis": "y", "origin": [7.66568, 4.10115, 1.2956]},
			"faces": {
				"north": {"uv": [0, 0, 1, 1], "texture": "#0"},
				"east": {"uv": [0, 0, 1, 1], "texture": "#0"},
				"south": {"uv": [0, 0, 1, 1], "texture": "#0"},
				"west": {"uv": [0, 0, 1, 1], "texture": "#0"},
				"up": {"uv": [0, 0, 1, 1], "texture": "#0"},
				"down": {"uv": [0, 0, 1, 1], "texture": "#0"}
			}
		},
		{
			"name": "hexadecagon",
			"from": [8.21022, 2.85, -0.2],
			"to": [8.28978, 2.9, 0.2],
			"rotation": {"angle": -45, "axis": "y", "origin": [8.25, 2.5, 0]},
			"faces": {
				"north": {"uv": [0, 0, 16, 0], "texture": "#4"},
				"east": {"uv": [0, 0, 16, 0], "texture": "#4"},
				"south": {"uv": [0, 0, 16, 0], "texture": "#4"},
				"west": {"uv": [0, 0, 16, 0], "texture": "#4"},
				"up": {"uv": [0, 0, 16, 0], "texture": "#4"},
				"down": {"uv": [0, 0, 16, 0], "texture": "#4"}
			}
		},
		{
			"name": "hexadecagon",
			"from": [8.21022, 2.85, -0.2],
			"to": [8.28978, 2.9, 0.2],
			"rotation": {"angle": -22.5, "axis": "y", "origin": [8.25, 2.5, 0]},
			"faces": {
				"north": {"uv": [0, 0, 16, 0], "texture": "#4"},
				"east": {"uv": [0, 0, 16, 0], "texture": "#4"},
				"south": {"uv": [0, 0, 16, 0], "texture": "#4"},
				"west": {"uv": [0, 0, 16, 0], "texture": "#4"},
				"up": {"uv": [0, 0, 16, 0], "texture": "#4"},
				"down": {"uv": [0, 0, 16, 0], "texture": "#4"}
			}
		},
		{
			"name": "hexadecagon",
			"from": [8.21022, 2.85, -0.2],
			"to": [8.28978, 2.9, 0.2],
			"rotation": {"angle": 0, "axis": "y", "origin": [8.25, 2.5, 0]},
			"faces": {
				"north": {"uv": [0, 0, 16, 0], "texture": "#4"},
				"east": {"uv": [0, 0, 16, 0], "texture": "#4"},
				"south": {"uv": [0, 0, 16, 0], "texture": "#4"},
				"west": {"uv": [0, 0, 16, 0], "texture": "#4"},
				"up": {"uv": [0, 0, 16, 0], "texture": "#4"},
				"down": {"uv": [0, 0, 16, 0], "texture": "#4"}
			}
		},
		{
			"name": "hexadecagon",
			"from": [8.21022, 2.85, -0.2],
			"to": [8.28978, 2.9, 0.2],
			"rotation": {"angle": 22.5, "axis": "y", "origin": [8.25, 2.5, 0]},
			"faces": {
				"north": {"uv": [0, 0, 16, 0], "texture": "#4"},
				"east": {"uv": [0, 0, 16, 0], "texture": "#4"},
				"south": {"uv": [0, 0, 16, 0], "texture": "#4"},
				"west": {"uv": [0, 0, 16, 0], "texture": "#4"},
				"up": {"uv": [0, 0, 16, 0], "texture": "#4"},
				"down": {"uv": [0, 0, 16, 0], "texture": "#4"}
			}
		},
		{
			"name": "hexadecagon",
			"from": [8.21022, 2.85, -0.2],
			"to": [8.28978, 2.9, 0.2],
			"rotation": {"angle": 45, "axis": "y", "origin": [8.25, 2.5, 0]},
			"faces": {
				"north": {"uv": [0, 0, 16, 0], "texture": "#4"},
				"east": {"uv": [0, 0, 16, 0], "texture": "#4"},
				"south": {"uv": [0, 0, 16, 0], "texture": "#4"},
				"west": {"uv": [0, 0, 16, 0], "texture": "#4"},
				"up": {"uv": [0, 0, 16, 0], "texture": "#4"},
				"down": {"uv": [0, 0, 16, 0], "texture": "#4"}
			}
		},
		{
			"name": "hexadecagon",
			"from": [8.05, 2.85, -0.03978],
			"to": [8.45, 2.9, 0.03978],
			"rotation": {"angle": -22.5, "axis": "y", "origin": [8.25, 2.5, 0]},
			"faces": {
				"north": {"uv": [0, 0, 16, 0], "texture": "#4"},
				"east": {"uv": [0, 0, 16, 0], "texture": "#4"},
				"south": {"uv": [0, 0, 16, 0], "texture": "#4"},
				"west": {"uv": [0, 0, 16, 0], "texture": "#4"},
				"up": {"uv": [0, 0, 16, 0], "texture": "#4"},
				"down": {"uv": [0, 0, 16, 0], "texture": "#4"}
			}
		},
		{
			"name": "hexadecagon",
			"from": [8.05, 2.85, -0.03978],
			"to": [8.45, 2.9, 0.03978],
			"rotation": {"angle": 0, "axis": "y", "origin": [8.25, 2.5, 0]},
			"faces": {
				"north": {"uv": [0, 0, 16, 0], "texture": "#4"},
				"east": {"uv": [0, 0, 16, 0], "texture": "#4"},
				"south": {"uv": [0, 0, 16, 0], "texture": "#4"},
				"west": {"uv": [0, 0, 16, 0], "texture": "#4"},
				"up": {"uv": [0, 0, 16, 0], "texture": "#4"},
				"down": {"uv": [0, 0, 16, 0], "texture": "#4"}
			}
		},
		{
			"name": "hexadecagon",
			"from": [8.05, 2.85, -0.03978],
			"to": [8.45, 2.9, 0.03978],
			"rotation": {"angle": 22.5, "axis": "y", "origin": [8.25, 2.5, 0]},
			"faces": {
				"north": {"uv": [0, 0, 16, 0], "texture": "#4"},
				"east": {"uv": [0, 0, 16, 0], "texture": "#4"},
				"south": {"uv": [0, 0, 16, 0], "texture": "#4"},
				"west": {"uv": [0, 0, 16, 0], "texture": "#4"},
				"up": {"uv": [0, 0, 16, 0], "texture": "#4"},
				"down": {"uv": [0, 0, 16, 0], "texture": "#4"}
			}
		},
		{
			"name": "hexadecagon",
			"from": [8.21022, 2.75, -0.2],
			"to": [8.28978, 2.8, 0.2],
			"rotation": {"angle": -45, "axis": "y", "origin": [8.25, 2.5, 0]},
			"faces": {
				"north": {"uv": [0, 0, 16, 0], "texture": "#4"},
				"east": {"uv": [0, 0, 16, 0], "texture": "#4"},
				"south": {"uv": [0, 0, 16, 0], "texture": "#4"},
				"west": {"uv": [0, 0, 16, 0], "texture": "#4"},
				"up": {"uv": [0, 0, 16, 0], "texture": "#4"},
				"down": {"uv": [0, 0, 16, 0], "texture": "#4"}
			}
		},
		{
			"name": "hexadecagon",
			"from": [8.21022, 2.75, -0.2],
			"to": [8.28978, 2.8, 0.2],
			"rotation": {"angle": -22.5, "axis": "y", "origin": [8.25, 2.5, 0]},
			"faces": {
				"north": {"uv": [0, 0, 16, 0], "texture": "#4"},
				"east": {"uv": [0, 0, 16, 0], "texture": "#4"},
				"south": {"uv": [0, 0, 16, 0], "texture": "#4"},
				"west": {"uv": [0, 0, 16, 0], "texture": "#4"},
				"up": {"uv": [0, 0, 16, 0], "texture": "#4"},
				"down": {"uv": [0, 0, 16, 0], "texture": "#4"}
			}
		},
		{
			"name": "hexadecagon",
			"from": [8.21022, 2.75, -0.2],
			"to": [8.28978, 2.8, 0.2],
			"rotation": {"angle": 0, "axis": "y", "origin": [8.25, 2.5, 0]},
			"faces": {
				"north": {"uv": [0, 0, 16, 0], "texture": "#4"},
				"east": {"uv": [0, 0, 16, 0], "texture": "#4"},
				"south": {"uv": [0, 0, 16, 0], "texture": "#4"},
				"west": {"uv": [0, 0, 16, 0], "texture": "#4"},
				"up": {"uv": [0, 0, 16, 0], "texture": "#4"},
				"down": {"uv": [0, 0, 16, 0], "texture": "#4"}
			}
		},
		{
			"name": "hexadecagon",
			"from": [8.21022, 2.75, -0.2],
			"to": [8.28978, 2.8, 0.2],
			"rotation": {"angle": 22.5, "axis": "y", "origin": [8.25, 2.5, 0]},
			"faces": {
				"north": {"uv": [0, 0, 16, 0], "texture": "#4"},
				"east": {"uv": [0, 0, 16, 0], "texture": "#4"},
				"south": {"uv": [0, 0, 16, 0], "texture": "#4"},
				"west": {"uv": [0, 0, 16, 0], "texture": "#4"},
				"up": {"uv": [0, 0, 16, 0], "texture": "#4"},
				"down": {"uv": [0, 0, 16, 0], "texture": "#4"}
			}
		},
		{
			"name": "hexadecagon",
			"from": [8.21022, 2.75, -0.2],
			"to": [8.28978, 2.8, 0.2],
			"rotation": {"angle": 45, "axis": "y", "origin": [8.25, 2.5, 0]},
			"faces": {
				"north": {"uv": [0, 0, 16, 0], "texture": "#4"},
				"east": {"uv": [0, 0, 16, 0], "texture": "#4"},
				"south": {"uv": [0, 0, 16, 0], "texture": "#4"},
				"west": {"uv": [0, 0, 16, 0], "texture": "#4"},
				"up": {"uv": [0, 0, 16, 0], "texture": "#4"},
				"down": {"uv": [0, 0, 16, 0], "texture": "#4"}
			}
		},
		{
			"name": "hexadecagon",
			"from": [8.05, 2.75, -0.03978],
			"to": [8.45, 2.8, 0.03978],
			"rotation": {"angle": -22.5, "axis": "y", "origin": [8.25, 2.5, 0]},
			"faces": {
				"north": {"uv": [0, 0, 16, 0], "texture": "#4"},
				"east": {"uv": [0, 0, 16, 0], "texture": "#4"},
				"south": {"uv": [0, 0, 16, 0], "texture": "#4"},
				"west": {"uv": [0, 0, 16, 0], "texture": "#4"},
				"up": {"uv": [0, 0, 16, 0], "texture": "#4"},
				"down": {"uv": [0, 0, 16, 0], "texture": "#4"}
			}
		},
		{
			"name": "hexadecagon",
			"from": [8.05, 2.75, -0.03978],
			"to": [8.45, 2.8, 0.03978],
			"rotation": {"angle": 0, "axis": "y", "origin": [8.25, 2.5, 0]},
			"faces": {
				"north": {"uv": [0, 0, 16, 0], "texture": "#4"},
				"east": {"uv": [0, 0, 16, 0], "texture": "#4"},
				"south": {"uv": [0, 0, 16, 0], "texture": "#4"},
				"west": {"uv": [0, 0, 16, 0], "texture": "#4"},
				"up": {"uv": [0, 0, 16, 0], "texture": "#4"},
				"down": {"uv": [0, 0, 16, 0], "texture": "#4"}
			}
		},
		{
			"name": "hexadecagon",
			"from": [8.05, 2.75, -0.03978],
			"to": [8.45, 2.8, 0.03978],
			"rotation": {"angle": 22.5, "axis": "y", "origin": [8.25, 2.5, 0]},
			"faces": {
				"north": {"uv": [0, 0, 16, 0], "texture": "#4"},
				"east": {"uv": [0, 0, 16, 0], "texture": "#4"},
				"south": {"uv": [0, 0, 16, 0], "texture": "#4"},
				"west": {"uv": [0, 0, 16, 0], "texture": "#4"},
				"up": {"uv": [0, 0, 16, 0], "texture": "#4"},
				"down": {"uv": [0, 0, 16, 0], "texture": "#4"}
			}
		},
		{
			"name": "hexadecagon",
			"from": [8.21022, 2.65, -0.2],
			"to": [8.28978, 2.7, 0.2],
			"rotation": {"angle": -45, "axis": "y", "origin": [8.25, 2.5, 0]},
			"faces": {
				"north": {"uv": [0, 0, 16, 0], "texture": "#4"},
				"east": {"uv": [0, 0, 16, 0], "texture": "#4"},
				"south": {"uv": [0, 0, 16, 0], "texture": "#4"},
				"west": {"uv": [0, 0, 16, 0], "texture": "#4"},
				"up": {"uv": [0, 0, 16, 0], "texture": "#4"},
				"down": {"uv": [0, 0, 16, 0], "texture": "#4"}
			}
		},
		{
			"name": "hexadecagon",
			"from": [8.21022, 2.65, -0.2],
			"to": [8.28978, 2.7, 0.2],
			"rotation": {"angle": -22.5, "axis": "y", "origin": [8.25, 2.5, 0]},
			"faces": {
				"north": {"uv": [0, 0, 16, 0], "texture": "#4"},
				"east": {"uv": [0, 0, 16, 0], "texture": "#4"},
				"south": {"uv": [0, 0, 16, 0], "texture": "#4"},
				"west": {"uv": [0, 0, 16, 0], "texture": "#4"},
				"up": {"uv": [0, 0, 16, 0], "texture": "#4"},
				"down": {"uv": [0, 0, 16, 0], "texture": "#4"}
			}
		},
		{
			"name": "hexadecagon",
			"from": [8.21022, 2.65, -0.2],
			"to": [8.28978, 2.7, 0.2],
			"rotation": {"angle": 0, "axis": "y", "origin": [8.25, 2.5, 0]},
			"faces": {
				"north": {"uv": [0, 0, 16, 0], "texture": "#4"},
				"east": {"uv": [0, 0, 16, 0], "texture": "#4"},
				"south": {"uv": [0, 0, 16, 0], "texture": "#4"},
				"west": {"uv": [0, 0, 16, 0], "texture": "#4"},
				"up": {"uv": [0, 0, 16, 0], "texture": "#4"},
				"down": {"uv": [0, 0, 16, 0], "texture": "#4"}
			}
		},
		{
			"name": "hexadecagon",
			"from": [8.21022, 2.65, -0.2],
			"to": [8.28978, 2.7, 0.2],
			"rotation": {"angle": 22.5, "axis": "y", "origin": [8.25, 2.5, 0]},
			"faces": {
				"north": {"uv": [0, 0, 16, 0], "texture": "#4"},
				"east": {"uv": [0, 0, 16, 0], "texture": "#4"},
				"south": {"uv": [0, 0, 16, 0], "texture": "#4"},
				"west": {"uv": [0, 0, 16, 0], "texture": "#4"},
				"up": {"uv": [0, 0, 16, 0], "texture": "#4"},
				"down": {"uv": [0, 0, 16, 0], "texture": "#4"}
			}
		},
		{
			"name": "hexadecagon",
			"from": [8.21022, 2.65, -0.2],
			"to": [8.28978, 2.7, 0.2],
			"rotation": {"angle": 45, "axis": "y", "origin": [8.25, 2.5, 0]},
			"faces": {
				"north": {"uv": [0, 0, 16, 0], "texture": "#4"},
				"east": {"uv": [0, 0, 16, 0], "texture": "#4"},
				"south": {"uv": [0, 0, 16, 0], "texture": "#4"},
				"west": {"uv": [0, 0, 16, 0], "texture": "#4"},
				"up": {"uv": [0, 0, 16, 0], "texture": "#4"},
				"down": {"uv": [0, 0, 16, 0], "texture": "#4"}
			}
		},
		{
			"name": "hexadecagon",
			"from": [8.05, 2.65, -0.03978],
			"to": [8.45, 2.7, 0.03978],
			"rotation": {"angle": -22.5, "axis": "y", "origin": [8.25, 2.5, 0]},
			"faces": {
				"north": {"uv": [0, 0, 16, 0], "texture": "#4"},
				"east": {"uv": [0, 0, 16, 0], "texture": "#4"},
				"south": {"uv": [0, 0, 16, 0], "texture": "#4"},
				"west": {"uv": [0, 0, 16, 0], "texture": "#4"},
				"up": {"uv": [0, 0, 16, 0], "texture": "#4"},
				"down": {"uv": [0, 0, 16, 0], "texture": "#4"}
			}
		},
		{
			"name": "hexadecagon",
			"from": [8.05, 2.65, -0.03978],
			"to": [8.45, 2.7, 0.03978],
			"rotation": {"angle": 0, "axis": "y", "origin": [8.25, 2.5, 0]},
			"faces": {
				"north": {"uv": [0, 0, 16, 0], "texture": "#4"},
				"east": {"uv": [0, 0, 16, 0], "texture": "#4"},
				"south": {"uv": [0, 0, 16, 0], "texture": "#4"},
				"west": {"uv": [0, 0, 16, 0], "texture": "#4"},
				"up": {"uv": [0, 0, 16, 0], "texture": "#4"},
				"down": {"uv": [0, 0, 16, 0], "texture": "#4"}
			}
		},
		{
			"name": "hexadecagon",
			"from": [8.05, 2.65, -0.03978],
			"to": [8.45, 2.7, 0.03978],
			"rotation": {"angle": 22.5, "axis": "y", "origin": [8.25, 2.5, 0]},
			"faces": {
				"north": {"uv": [0, 0, 16, 0], "texture": "#4"},
				"east": {"uv": [0, 0, 16, 0], "texture": "#4"},
				"south": {"uv": [0, 0, 16, 0], "texture": "#4"},
				"west": {"uv": [0, 0, 16, 0], "texture": "#4"},
				"up": {"uv": [0, 0, 16, 0], "texture": "#4"},
				"down": {"uv": [0, 0, 16, 0], "texture": "#4"}
			}
		},
		{
			"name": "hexadecagon",
			"from": [8.21022, 2.55, -0.2],
			"to": [8.28978, 2.6, 0.2],
			"rotation": {"angle": -45, "axis": "y", "origin": [8.25, 2.5, 0]},
			"faces": {
				"north": {"uv": [0, 0, 16, 0], "texture": "#4"},
				"east": {"uv": [0, 0, 16, 0], "texture": "#4"},
				"south": {"uv": [0, 0, 16, 0], "texture": "#4"},
				"west": {"uv": [0, 0, 16, 0], "texture": "#4"},
				"up": {"uv": [0, 0, 16, 0], "texture": "#4"},
				"down": {"uv": [0, 0, 16, 0], "texture": "#4"}
			}
		},
		{
			"name": "hexadecagon",
			"from": [8.21022, 2.55, -0.2],
			"to": [8.28978, 2.6, 0.2],
			"rotation": {"angle": -22.5, "axis": "y", "origin": [8.25, 2.5, 0]},
			"faces": {
				"north": {"uv": [0, 0, 16, 0], "texture": "#4"},
				"east": {"uv": [0, 0, 16, 0], "texture": "#4"},
				"south": {"uv": [0, 0, 16, 0], "texture": "#4"},
				"west": {"uv": [0, 0, 16, 0], "texture": "#4"},
				"up": {"uv": [0, 0, 16, 0], "texture": "#4"},
				"down": {"uv": [0, 0, 16, 0], "texture": "#4"}
			}
		},
		{
			"name": "hexadecagon",
			"from": [8.21022, 2.55, -0.2],
			"to": [8.28978, 2.6, 0.2],
			"rotation": {"angle": 0, "axis": "y", "origin": [8.25, 2.5, 0]},
			"faces": {
				"north": {"uv": [0, 0, 16, 0], "texture": "#4"},
				"east": {"uv": [0, 0, 16, 0], "texture": "#4"},
				"south": {"uv": [0, 0, 16, 0], "texture": "#4"},
				"west": {"uv": [0, 0, 16, 0], "texture": "#4"},
				"up": {"uv": [0, 0, 16, 0], "texture": "#4"},
				"down": {"uv": [0, 0, 16, 0], "texture": "#4"}
			}
		},
		{
			"name": "hexadecagon",
			"from": [8.21022, 2.55, -0.2],
			"to": [8.28978, 2.6, 0.2],
			"rotation": {"angle": 22.5, "axis": "y", "origin": [8.25, 2.5, 0]},
			"faces": {
				"north": {"uv": [0, 0, 16, 0], "texture": "#4"},
				"east": {"uv": [0, 0, 16, 0], "texture": "#4"},
				"south": {"uv": [0, 0, 16, 0], "texture": "#4"},
				"west": {"uv": [0, 0, 16, 0], "texture": "#4"},
				"up": {"uv": [0, 0, 16, 0], "texture": "#4"},
				"down": {"uv": [0, 0, 16, 0], "texture": "#4"}
			}
		},
		{
			"name": "hexadecagon",
			"from": [8.21022, 2.55, -0.2],
			"to": [8.28978, 2.6, 0.2],
			"rotation": {"angle": 45, "axis": "y", "origin": [8.25, 2.5, 0]},
			"faces": {
				"north": {"uv": [0, 0, 16, 0], "texture": "#4"},
				"east": {"uv": [0, 0, 16, 0], "texture": "#4"},
				"south": {"uv": [0, 0, 16, 0], "texture": "#4"},
				"west": {"uv": [0, 0, 16, 0], "texture": "#4"},
				"up": {"uv": [0, 0, 16, 0], "texture": "#4"},
				"down": {"uv": [0, 0, 16, 0], "texture": "#4"}
			}
		},
		{
			"name": "hexadecagon",
			"from": [8.05, 2.55, -0.03978],
			"to": [8.45, 2.6, 0.03978],
			"rotation": {"angle": -22.5, "axis": "y", "origin": [8.25, 2.5, 0]},
			"faces": {
				"north": {"uv": [0, 0, 16, 0], "texture": "#4"},
				"east": {"uv": [0, 0, 16, 0], "texture": "#4"},
				"south": {"uv": [0, 0, 16, 0], "texture": "#4"},
				"west": {"uv": [0, 0, 16, 0], "texture": "#4"},
				"up": {"uv": [0, 0, 16, 0], "texture": "#4"},
				"down": {"uv": [0, 0, 16, 0], "texture": "#4"}
			}
		},
		{
			"name": "hexadecagon",
			"from": [8.05, 2.55, -0.03978],
			"to": [8.45, 2.6, 0.03978],
			"rotation": {"angle": 0, "axis": "y", "origin": [8.25, 2.5, 0]},
			"faces": {
				"north": {"uv": [0, 0, 16, 0], "texture": "#4"},
				"east": {"uv": [0, 0, 16, 0], "texture": "#4"},
				"south": {"uv": [0, 0, 16, 0], "texture": "#4"},
				"west": {"uv": [0, 0, 16, 0], "texture": "#4"},
				"up": {"uv": [0, 0, 16, 0], "texture": "#4"},
				"down": {"uv": [0, 0, 16, 0], "texture": "#4"}
			}
		},
		{
			"name": "hexadecagon",
			"from": [8.05, 2.55, -0.03978],
			"to": [8.45, 2.6, 0.03978],
			"rotation": {"angle": 22.5, "axis": "y", "origin": [8.25, 2.5, 0]},
			"faces": {
				"north": {"uv": [0, 0, 16, 0], "texture": "#4"},
				"east": {"uv": [0, 0, 16, 0], "texture": "#4"},
				"south": {"uv": [0, 0, 16, 0], "texture": "#4"},
				"west": {"uv": [0, 0, 16, 0], "texture": "#4"},
				"up": {"uv": [0, 0, 16, 0], "texture": "#4"},
				"down": {"uv": [0, 0, 16, 0], "texture": "#4"}
			}
		},
		{
			"name": "hexadecagon",
			"from": [8.21022, 2.45, -0.2],
			"to": [8.28978, 2.5, 0.2],
			"rotation": {"angle": -45, "axis": "y", "origin": [8.25, 2.5, 0]},
			"faces": {
				"north": {"uv": [0, 0, 16, 0], "texture": "#4"},
				"east": {"uv": [0, 0, 16, 0], "texture": "#4"},
				"south": {"uv": [0, 0, 16, 0], "texture": "#4"},
				"west": {"uv": [0, 0, 16, 0], "texture": "#4"},
				"up": {"uv": [0, 0, 16, 0], "texture": "#4"},
				"down": {"uv": [0, 0, 16, 0], "texture": "#4"}
			}
		},
		{
			"name": "hexadecagon",
			"from": [8.21022, 2.45, -0.2],
			"to": [8.28978, 2.5, 0.2],
			"rotation": {"angle": -22.5, "axis": "y", "origin": [8.25, 2.5, 0]},
			"faces": {
				"north": {"uv": [0, 0, 16, 0], "texture": "#4"},
				"east": {"uv": [0, 0, 16, 0], "texture": "#4"},
				"south": {"uv": [0, 0, 16, 0], "texture": "#4"},
				"west": {"uv": [0, 0, 16, 0], "texture": "#4"},
				"up": {"uv": [0, 0, 16, 0], "texture": "#4"},
				"down": {"uv": [0, 0, 16, 0], "texture": "#4"}
			}
		},
		{
			"name": "hexadecagon",
			"from": [8.21022, 2.45, -0.2],
			"to": [8.28978, 2.5, 0.2],
			"rotation": {"angle": 0, "axis": "y", "origin": [8.25, 2.5, 0]},
			"faces": {
				"north": {"uv": [0, 0, 16, 0], "texture": "#4"},
				"east": {"uv": [0, 0, 16, 0], "texture": "#4"},
				"south": {"uv": [0, 0, 16, 0], "texture": "#4"},
				"west": {"uv": [0, 0, 16, 0], "texture": "#4"},
				"up": {"uv": [0, 0, 16, 0], "texture": "#4"},
				"down": {"uv": [0, 0, 16, 0], "texture": "#4"}
			}
		},
		{
			"name": "hexadecagon",
			"from": [8.21022, 2.45, -0.2],
			"to": [8.28978, 2.5, 0.2],
			"rotation": {"angle": 22.5, "axis": "y", "origin": [8.25, 2.5, 0]},
			"faces": {
				"north": {"uv": [0, 0, 16, 0], "texture": "#4"},
				"east": {"uv": [0, 0, 16, 0], "texture": "#4"},
				"south": {"uv": [0, 0, 16, 0], "texture": "#4"},
				"west": {"uv": [0, 0, 16, 0], "texture": "#4"},
				"up": {"uv": [0, 0, 16, 0], "texture": "#4"},
				"down": {"uv": [0, 0, 16, 0], "texture": "#4"}
			}
		},
		{
			"name": "hexadecagon",
			"from": [8.21022, 2.45, -0.2],
			"to": [8.28978, 2.5, 0.2],
			"rotation": {"angle": 45, "axis": "y", "origin": [8.25, 2.5, 0]},
			"faces": {
				"north": {"uv": [0, 0, 16, 0], "texture": "#4"},
				"east": {"uv": [0, 0, 16, 0], "texture": "#4"},
				"south": {"uv": [0, 0, 16, 0], "texture": "#4"},
				"west": {"uv": [0, 0, 16, 0], "texture": "#4"},
				"up": {"uv": [0, 0, 16, 0], "texture": "#4"},
				"down": {"uv": [0, 0, 16, 0], "texture": "#4"}
			}
		},
		{
			"name": "hexadecagon",
			"from": [8.05, 2.45, -0.03978],
			"to": [8.45, 2.5, 0.03978],
			"rotation": {"angle": -22.5, "axis": "y", "origin": [8.25, 2.5, 0]},
			"faces": {
				"north": {"uv": [0, 0, 16, 0], "texture": "#4"},
				"east": {"uv": [0, 0, 16, 0], "texture": "#4"},
				"south": {"uv": [0, 0, 16, 0], "texture": "#4"},
				"west": {"uv": [0, 0, 16, 0], "texture": "#4"},
				"up": {"uv": [0, 0, 16, 0], "texture": "#4"},
				"down": {"uv": [0, 0, 16, 0], "texture": "#4"}
			}
		},
		{
			"name": "hexadecagon",
			"from": [8.05, 2.45, -0.03978],
			"to": [8.45, 2.5, 0.03978],
			"rotation": {"angle": 0, "axis": "y", "origin": [8.25, 2.5, 0]},
			"faces": {
				"north": {"uv": [0, 0, 16, 0], "texture": "#4"},
				"east": {"uv": [0, 0, 16, 0], "texture": "#4"},
				"south": {"uv": [0, 0, 16, 0], "texture": "#4"},
				"west": {"uv": [0, 0, 16, 0], "texture": "#4"},
				"up": {"uv": [0, 0, 16, 0], "texture": "#4"},
				"down": {"uv": [0, 0, 16, 0], "texture": "#4"}
			}
		},
		{
			"name": "hexadecagon",
			"from": [8.05, 2.45, -0.03978],
			"to": [8.45, 2.5, 0.03978],
			"rotation": {"angle": 22.5, "axis": "y", "origin": [8.25, 2.5, 0]},
			"faces": {
				"north": {"uv": [0, 0, 16, 0], "texture": "#4"},
				"east": {"uv": [0, 0, 16, 0], "texture": "#4"},
				"south": {"uv": [0, 0, 16, 0], "texture": "#4"},
				"west": {"uv": [0, 0, 16, 0], "texture": "#4"},
				"up": {"uv": [0, 0, 16, 0], "texture": "#4"},
				"down": {"uv": [0, 0, 16, 0], "texture": "#4"}
			}
		},
		{
			"name": "hexadecagon",
			"from": [8.21022, 2.35, -0.2],
			"to": [8.28978, 2.4, 0.2],
			"rotation": {"angle": -45, "axis": "y", "origin": [8.25, 2.5, 0]},
			"faces": {
				"north": {"uv": [0, 0, 16, 0], "texture": "#4"},
				"east": {"uv": [0, 0, 16, 0], "texture": "#4"},
				"south": {"uv": [0, 0, 16, 0], "texture": "#4"},
				"west": {"uv": [0, 0, 16, 0], "texture": "#4"},
				"up": {"uv": [0, 0, 16, 0], "texture": "#4"},
				"down": {"uv": [0, 0, 16, 0], "texture": "#4"}
			}
		},
		{
			"name": "hexadecagon",
			"from": [8.21022, 2.35, -0.2],
			"to": [8.28978, 2.4, 0.2],
			"rotation": {"angle": -22.5, "axis": "y", "origin": [8.25, 2.5, 0]},
			"faces": {
				"north": {"uv": [0, 0, 16, 0], "texture": "#4"},
				"east": {"uv": [0, 0, 16, 0], "texture": "#4"},
				"south": {"uv": [0, 0, 16, 0], "texture": "#4"},
				"west": {"uv": [0, 0, 16, 0], "texture": "#4"},
				"up": {"uv": [0, 0, 16, 0], "texture": "#4"},
				"down": {"uv": [0, 0, 16, 0], "texture": "#4"}
			}
		},
		{
			"name": "hexadecagon",
			"from": [8.21022, 2.35, -0.2],
			"to": [8.28978, 2.4, 0.2],
			"rotation": {"angle": 0, "axis": "y", "origin": [8.25, 2.5, 0]},
			"faces": {
				"north": {"uv": [0, 0, 16, 0], "texture": "#4"},
				"east": {"uv": [0, 0, 16, 0], "texture": "#4"},
				"south": {"uv": [0, 0, 16, 0], "texture": "#4"},
				"west": {"uv": [0, 0, 16, 0], "texture": "#4"},
				"up": {"uv": [0, 0, 16, 0], "texture": "#4"},
				"down": {"uv": [0, 0, 16, 0], "texture": "#4"}
			}
		},
		{
			"name": "hexadecagon",
			"from": [8.21022, 2.35, -0.2],
			"to": [8.28978, 2.4, 0.2],
			"rotation": {"angle": 22.5, "axis": "y", "origin": [8.25, 2.5, 0]},
			"faces": {
				"north": {"uv": [0, 0, 16, 0], "texture": "#4"},
				"east": {"uv": [0, 0, 16, 0], "texture": "#4"},
				"south": {"uv": [0, 0, 16, 0], "texture": "#4"},
				"west": {"uv": [0, 0, 16, 0], "texture": "#4"},
				"up": {"uv": [0, 0, 16, 0], "texture": "#4"},
				"down": {"uv": [0, 0, 16, 0], "texture": "#4"}
			}
		},
		{
			"name": "hexadecagon",
			"from": [8.21022, 2.35, -0.2],
			"to": [8.28978, 2.4, 0.2],
			"rotation": {"angle": 45, "axis": "y", "origin": [8.25, 2.5, 0]},
			"faces": {
				"north": {"uv": [0, 0, 16, 0], "texture": "#4"},
				"east": {"uv": [0, 0, 16, 0], "texture": "#4"},
				"south": {"uv": [0, 0, 16, 0], "texture": "#4"},
				"west": {"uv": [0, 0, 16, 0], "texture": "#4"},
				"up": {"uv": [0, 0, 16, 0], "texture": "#4"},
				"down": {"uv": [0, 0, 16, 0], "texture": "#4"}
			}
		},
		{
			"name": "hexadecagon",
			"from": [8.05, 2.35, -0.03978],
			"to": [8.45, 2.4, 0.03978],
			"rotation": {"angle": -22.5, "axis": "y", "origin": [8.25, 2.5, 0]},
			"faces": {
				"north": {"uv": [0, 0, 16, 0], "texture": "#4"},
				"east": {"uv": [0, 0, 16, 0], "texture": "#4"},
				"south": {"uv": [0, 0, 16, 0], "texture": "#4"},
				"west": {"uv": [0, 0, 16, 0], "texture": "#4"},
				"up": {"uv": [0, 0, 16, 0], "texture": "#4"},
				"down": {"uv": [0, 0, 16, 0], "texture": "#4"}
			}
		},
		{
			"name": "hexadecagon",
			"from": [8.05, 2.35, -0.03978],
			"to": [8.45, 2.4, 0.03978],
			"rotation": {"angle": 0, "axis": "y", "origin": [8.25, 2.5, 0]},
			"faces": {
				"north": {"uv": [0, 0, 16, 0], "texture": "#4"},
				"east": {"uv": [0, 0, 16, 0], "texture": "#4"},
				"south": {"uv": [0, 0, 16, 0], "texture": "#4"},
				"west": {"uv": [0, 0, 16, 0], "texture": "#4"},
				"up": {"uv": [0, 0, 16, 0], "texture": "#4"},
				"down": {"uv": [0, 0, 16, 0], "texture": "#4"}
			}
		},
		{
			"name": "hexadecagon",
			"from": [8.05, 2.35, -0.03978],
			"to": [8.45, 2.4, 0.03978],
			"rotation": {"angle": 22.5, "axis": "y", "origin": [8.25, 2.5, 0]},
			"faces": {
				"north": {"uv": [0, 0, 16, 0], "texture": "#4"},
				"east": {"uv": [0, 0, 16, 0], "texture": "#4"},
				"south": {"uv": [0, 0, 16, 0], "texture": "#4"},
				"west": {"uv": [0, 0, 16, 0], "texture": "#4"},
				"up": {"uv": [0, 0, 16, 0], "texture": "#4"},
				"down": {"uv": [0, 0, 16, 0], "texture": "#4"}
			}
		},
		{
			"name": "hexadecagon",
			"from": [8.21022, 2.25, -0.2],
			"to": [8.28978, 2.3, 0.2],
			"rotation": {"angle": -45, "axis": "y", "origin": [8.25, 2.5, 0]},
			"faces": {
				"north": {"uv": [0, 0, 16, 0], "texture": "#4"},
				"east": {"uv": [0, 0, 16, 0], "texture": "#4"},
				"south": {"uv": [0, 0, 16, 0], "texture": "#4"},
				"west": {"uv": [0, 0, 16, 0], "texture": "#4"},
				"up": {"uv": [0, 0, 16, 0], "texture": "#4"},
				"down": {"uv": [0, 0, 16, 0], "texture": "#4"}
			}
		},
		{
			"name": "hexadecagon",
			"from": [8.21022, 2.25, -0.2],
			"to": [8.28978, 2.3, 0.2],
			"rotation": {"angle": -22.5, "axis": "y", "origin": [8.25, 2.5, 0]},
			"faces": {
				"north": {"uv": [0, 0, 16, 0], "texture": "#4"},
				"east": {"uv": [0, 0, 16, 0], "texture": "#4"},
				"south": {"uv": [0, 0, 16, 0], "texture": "#4"},
				"west": {"uv": [0, 0, 16, 0], "texture": "#4"},
				"up": {"uv": [0, 0, 16, 0], "texture": "#4"},
				"down": {"uv": [0, 0, 16, 0], "texture": "#4"}
			}
		},
		{
			"name": "hexadecagon",
			"from": [8.21022, 2.25, -0.2],
			"to": [8.28978, 2.3, 0.2],
			"rotation": {"angle": 0, "axis": "y", "origin": [8.25, 2.5, 0]},
			"faces": {
				"north": {"uv": [0, 0, 16, 0], "texture": "#4"},
				"east": {"uv": [0, 0, 16, 0], "texture": "#4"},
				"south": {"uv": [0, 0, 16, 0], "texture": "#4"},
				"west": {"uv": [0, 0, 16, 0], "texture": "#4"},
				"up": {"uv": [0, 0, 16, 0], "texture": "#4"},
				"down": {"uv": [0, 0, 16, 0], "texture": "#4"}
			}
		},
		{
			"name": "hexadecagon",
			"from": [8.21022, 2.25, -0.2],
			"to": [8.28978, 2.3, 0.2],
			"rotation": {"angle": 22.5, "axis": "y", "origin": [8.25, 2.5, 0]},
			"faces": {
				"north": {"uv": [0, 0, 16, 0], "texture": "#4"},
				"east": {"uv": [0, 0, 16, 0], "texture": "#4"},
				"south": {"uv": [0, 0, 16, 0], "texture": "#4"},
				"west": {"uv": [0, 0, 16, 0], "texture": "#4"},
				"up": {"uv": [0, 0, 16, 0], "texture": "#4"},
				"down": {"uv": [0, 0, 16, 0], "texture": "#4"}
			}
		},
		{
			"name": "hexadecagon",
			"from": [8.21022, 2.25, -0.2],
			"to": [8.28978, 2.3, 0.2],
			"rotation": {"angle": 45, "axis": "y", "origin": [8.25, 2.5, 0]},
			"faces": {
				"north": {"uv": [0, 0, 16, 0], "texture": "#4"},
				"east": {"uv": [0, 0, 16, 0], "texture": "#4"},
				"south": {"uv": [0, 0, 16, 0], "texture": "#4"},
				"west": {"uv": [0, 0, 16, 0], "texture": "#4"},
				"up": {"uv": [0, 0, 16, 0], "texture": "#4"},
				"down": {"uv": [0, 0, 16, 0], "texture": "#4"}
			}
		},
		{
			"name": "hexadecagon",
			"from": [8.05, 2.25, -0.03978],
			"to": [8.45, 2.3, 0.03978],
			"rotation": {"angle": -22.5, "axis": "y", "origin": [8.25, 2.5, 0]},
			"faces": {
				"north": {"uv": [0, 0, 16, 0], "texture": "#4"},
				"east": {"uv": [0, 0, 16, 0], "texture": "#4"},
				"south": {"uv": [0, 0, 16, 0], "texture": "#4"},
				"west": {"uv": [0, 0, 16, 0], "texture": "#4"},
				"up": {"uv": [0, 0, 16, 0], "texture": "#4"},
				"down": {"uv": [0, 0, 16, 0], "texture": "#4"}
			}
		},
		{
			"name": "hexadecagon",
			"from": [8.05, 2.25, -0.03978],
			"to": [8.45, 2.3, 0.03978],
			"rotation": {"angle": 0, "axis": "y", "origin": [8.25, 2.5, 0]},
			"faces": {
				"north": {"uv": [0, 0, 16, 0], "texture": "#4"},
				"east": {"uv": [0, 0, 16, 0], "texture": "#4"},
				"south": {"uv": [0, 0, 16, 0], "texture": "#4"},
				"west": {"uv": [0, 0, 16, 0], "texture": "#4"},
				"up": {"uv": [0, 0, 16, 0], "texture": "#4"},
				"down": {"uv": [0, 0, 16, 0], "texture": "#4"}
			}
		},
		{
			"name": "hexadecagon",
			"from": [8.05, 2.25, -0.03978],
			"to": [8.45, 2.3, 0.03978],
			"rotation": {"angle": 22.5, "axis": "y", "origin": [8.25, 2.5, 0]},
			"faces": {
				"north": {"uv": [0, 0, 16, 0], "texture": "#4"},
				"east": {"uv": [0, 0, 16, 0], "texture": "#4"},
				"south": {"uv": [0, 0, 16, 0], "texture": "#4"},
				"west": {"uv": [0, 0, 16, 0], "texture": "#4"},
				"up": {"uv": [0, 0, 16, 0], "texture": "#4"},
				"down": {"uv": [0, 0, 16, 0], "texture": "#4"}
			}
		}
	],
	"display": {
		"thirdperson_righthand": {
			"rotation": [90, 0, 0],
			"translation": [-4.75, -28.75, 45.75],
			"scale": [4, 4, 4]
		},
		"head": {
			"translation": [1.25, 32.75, 27.25],
			"scale": [4, 4, 4]
		}
	},
	"groups": [
		{
			"name": "R5",
			"origin": [8, 8, 8],
			"children": [
				{
					"name": " R5 Body",
					"origin": [8, 8, 8],
					"children": [
						{
							"name": "hexadecagon",
							"origin": [8, 8, 8],
							"children": [0, 1, 2, 3, 4, 5, 6, 7, 8, 9, 10, 11, 12, 13, 14, 15, 16, 17, 18, 19, 20, 21, 22, 23, 24, 25, 26, 27, 28, 29, 30, 31, 32, 33, 34]
						},
						{
							"name": "hexadecagon",
							"origin": [8, 8, 8],
							"children": [35, 36, 37, 38, 39, 40, 41, 42, 43, 44, 45, 46]
						},
						{
							"name": "hexadecagon",
							"origin": [8, 8, 8],
							"children": [47, 48, 49, 50, 51, 52, 53, 54, 55, 56, 57, 58, 59, 60, 61, 62, 63, 64, 65, 66, 67, 68, 69, 70, 71, 72, 73, 74, 75, 76, 77, 78, 79, 80, 81, 82, 83, 84, 85, 86, 87, 88, 89, 90, 91, 92]
						},
						{
							"name": "hexadecagon",
							"origin": [8, 8, 8],
							"children": [93, 94, 95, 96, 97, 98, 99, 100]
						}
					]
				}
			]
		},
		{
			"name": "hexadecagon",
			"origin": [8, 8, 8],
			"children": [101, 102, 103, 104, 105, 106, 107, 108]
		},
		{
			"name": "hexadecagon",
			"origin": [8, 8, 8],
			"children": [109, 110, 111, 112, 113, 114, 115, 116]
		},
		{
			"name": "hexadecagon",
			"origin": [8, 8, 8],
			"children": [117, 118, 119, 120, 121, 122, 123, 124]
		},
		{
			"name": "hexadecagon",
			"origin": [8, 8, 8],
			"children": [125, 126, 127, 128, 129, 130, 131, 132]
		},
		{
			"name": "hexadecagon",
			"origin": [8, 8, 8],
			"children": [133, 134, 135, 136, 137, 138, 139, 140]
		},
		{
			"name": "hexadecagon",
			"origin": [8, 8, 8],
			"children": [141, 142, 143, 144, 145, 146, 147, 148]
		},
		{
			"name": "hexadecagon",
			"origin": [8, 8, 8],
			"children": [149, 150, 151, 152, 153, 154, 155, 156]
		}
	]
}
