{
	"credit": "Made with Blockbench",
	"textures": {
		"0": "block/gray_wool",
		"particle": "block/gray_wool"
	},
	"elements": [
		{
			"from": [1.08467, 0.9918, 9.63997],
			"to": [1.25617, 3.11106, 12.19637],
			"rotation": {"angle": 0, "axis": "y", "origin": [-15.54194, 7.24033, 1.04063]},
			"faces": {
				"north": {"uv": [0, 0, 1.5, 0.5], "texture": "#0"},
				"east": {"uv": [0, 0, 0, 0], "texture": "#0"},
				"south": {"uv": [0, 0, 0.5, 0.5], "texture": "#0"},
				"west": {"uv": [0, 0, 0, 0], "texture": "#0"},
				"up": {"uv": [0, 0, 0.5, 0], "texture": "#0"},
				"down": {"uv": [0, 0, 0, 0], "texture": "#0"}
			}
		},
		{
			"from": [4.7415, 8.99814, 9.63997],
			"to": [4.913, 11.1174, 12.19637],
			"rotation": {"angle": -22.5, "axis": "z", "origin": [-11.88511, 15.24667, 1.04063]},
			"faces": {
				"north": {"uv": [0, 0, 0, 0], "texture": "#0"},
				"east": {"uv": [0, 0, 0, 0], "texture": "#0"},
				"south": {"uv": [0, 0, 0, 0], "texture": "#0"},
				"west": {"uv": [0, 0, 0, 0], "texture": "#0"},
				"up": {"uv": [0, 0, 0.5, 0], "texture": "#0"},
				"down": {"uv": [0, 0, 0, 0], "texture": "#0"}
			}
		}
	],
	"groups": [
		{
			"name": "group",
			"origin": [-3.31011, 2.38417, 1.04063],
			"children": [0, 1]
		}
	]
}