{
	"credit": "Made with Blockbench",
	"parent": "rrc_restraints",
	"textures": {
		"0": "blocks/wool_colored_black",
		"1": "blocks/wool_colored_white",
		"particle": "blocks/wool_colored_black"
	},
	"elements": [
		{
			"from": [3.16, 9.68, 12.84],
			"to": [5.58, 24.2, 15.26],
			"rotation": {"angle": 0, "axis": "y", "origin": [8, 19.36, 8]},
			"faces": {
				"north": {"uv": [0, 0, 1, 6], "texture": "#0"},
				"east": {"uv": [0, 0, 1, 6], "texture": "#0"},
				"south": {"uv": [0, 0, 1, 6], "texture": "#0"},
				"west": {"uv": [0, 0, 1, 6], "texture": "#0"},
				"up": {"uv": [0, 0, 1, 1], "texture": "#0"},
				"down": {"uv": [0, 0, 1, 1], "texture": "#0"}
			}
		},
		{
			"from": [3.15314, 23.91048, 5.2892],
			"to": [5.57314, 26.33048, 10.1292],
			"rotation": {"angle": 45, "axis": "x", "origin": [7.99314, 19.07048, 10.1292]},
			"faces": {
				"north": {"uv": [0, 0, 1, 1], "rotation": 180, "texture": "#0"},
				"east": {"uv": [0, 0, 1, 2], "rotation": 90, "texture": "#0"},
				"south": {"uv": [0, 0, 1, 1], "texture": "#0"},
				"west": {"uv": [0, 0, 1, 2], "rotation": 270, "texture": "#0"},
				"up": {"uv": [0, 0, 1, 2], "texture": "#0"},
				"down": {"uv": [0, 0, 1, 2], "rotation": 180, "texture": "#0"}
			}
		},
		{
			"from": [18.27814, 23.91048, 5.2892],
			"to": [20.69814, 26.33048, 10.1292],
			"rotation": {"angle": 45, "axis": "x", "origin": [7.99314, 19.07048, 10.1292]},
			"faces": {
				"north": {"uv": [0, 0, 1, 1], "rotation": 180, "texture": "#0"},
				"east": {"uv": [0, 0, 1, 2], "rotation": 90, "texture": "#0"},
				"south": {"uv": [0, 0, 1, 1], "texture": "#0"},
				"west": {"uv": [0, 0, 1, 2], "rotation": 270, "texture": "#0"},
				"up": {"uv": [0, 0, 1, 2], "texture": "#0"},
				"down": {"uv": [0, 0, 1, 2], "rotation": 180, "texture": "#0"}
			}
		},
		{
			"from": [3.14805, 25.76097, 4.22534],
			"to": [5.56805, 28.18097, 9.06534],
			"rotation": {"angle": 22.5, "axis": "x", "origin": [7.98805, 20.92097, 9.06534]},
			"faces": {
				"north": {"uv": [0, 0, 1, 1], "rotation": 180, "texture": "#0"},
				"east": {"uv": [0, 0, 1, 2], "rotation": 90, "texture": "#0"},
				"south": {"uv": [0, 0, 1, 1], "texture": "#0"},
				"west": {"uv": [0, 0, 1, 2], "rotation": 270, "texture": "#0"},
				"up": {"uv": [0, 0, 1, 2], "texture": "#0"},
				"down": {"uv": [0, 0, 1, 2], "rotation": 180, "texture": "#0"}
			}
		},
		{
			"from": [18.27305, 25.76097, 4.22534],
			"to": [20.69305, 28.18097, 9.06534],
			"rotation": {"angle": 22.5, "axis": "x", "origin": [7.98805, 20.92097, 9.06534]},
			"faces": {
				"north": {"uv": [0, 0, 1, 1], "rotation": 180, "texture": "#0"},
				"east": {"uv": [0, 0, 1, 2], "rotation": 90, "texture": "#0"},
				"south": {"uv": [0, 0, 1, 1], "texture": "#0"},
				"west": {"uv": [0, 0, 1, 2], "rotation": 270, "texture": "#0"},
				"up": {"uv": [0, 0, 1, 2], "texture": "#0"},
				"down": {"uv": [0, 0, 1, 2], "rotation": 180, "texture": "#0"}
			}
		},
		{
			"from": [3.14282, 27.06348, 2.53433],
			"to": [5.56282, 29.48348, 7.37433],
			"rotation": {"angle": 0, "axis": "x", "origin": [7.98282, 22.22348, 7.37433]},
			"faces": {
				"north": {"uv": [0, 0, 1, 1], "rotation": 180, "texture": "#0"},
				"east": {"uv": [0, 0, 1, 2], "rotation": 90, "texture": "#0"},
				"south": {"uv": [0, 0, 1, 1], "texture": "#0"},
				"west": {"uv": [0, 0, 1, 2], "rotation": 270, "texture": "#0"},
				"up": {"uv": [0, 0, 1, 2], "texture": "#0"},
				"down": {"uv": [0, 0, 1, 2], "rotation": 180, "texture": "#0"}
			}
		},
		{
			"from": [18.26782, 27.06348, 2.53433],
			"to": [20.68782, 29.48348, 7.37433],
			"rotation": {"angle": 0, "axis": "x", "origin": [7.98282, 22.22348, 7.37433]},
			"faces": {
				"north": {"uv": [0, 0, 1, 1], "rotation": 180, "texture": "#0"},
				"east": {"uv": [0, 0, 1, 2], "rotation": 90, "texture": "#0"},
				"south": {"uv": [0, 0, 1, 1], "texture": "#0"},
				"west": {"uv": [0, 0, 1, 2], "rotation": 270, "texture": "#0"},
				"up": {"uv": [0, 0, 1, 2], "texture": "#0"},
				"down": {"uv": [0, 0, 1, 2], "rotation": 180, "texture": "#0"}
			}
		},
		{
			"from": [18.25287, 9.71704, 12.77768],
			"to": [20.67287, 24.23704, 15.19769],
			"rotation": {"angle": 0, "axis": "y", "origin": [23.09287, 19.39704, 7.93768]},
			"faces": {
				"north": {"uv": [0, 0, 1, 6], "texture": "#0"},
				"east": {"uv": [0, 0, 1, 6], "texture": "#0"},
				"south": {"uv": [0, 0, 1, 6], "texture": "#0"},
				"west": {"uv": [0, 0, 1, 6], "texture": "#0"},
				"up": {"uv": [0, 0, 1, 1], "texture": "#0"},
				"down": {"uv": [0, 0, 1, 1], "texture": "#0"}
			}
		},
		{
			"from": [18.94087, 13.20011, 16.33031],
			"to": [19.66687, 17.55611, 17.05631],
			"rotation": {"angle": 0, "axis": "y", "origin": [12.52787, 5.81911, 7.98131]},
			"faces": {
				"north": {"uv": [0, 0, 1, 6], "texture": "#1"},
				"east": {"uv": [0, 0, 1, 6], "texture": "#1"},
				"south": {"uv": [0, 0, 1, 6], "texture": "#1"},
				"west": {"uv": [0, 0, 1, 6], "texture": "#1"},
				"up": {"uv": [0, 0, 1, 1], "texture": "#1"},
				"down": {"uv": [0, 0, 1, 1], "texture": "#1"}
			}
		},
		{
			"from": [3.81587, 13.20011, 16.33031],
			"to": [4.54187, 17.55611, 17.05631],
			"rotation": {"angle": 0, "axis": "y", "origin": [12.52787, 5.81911, 7.98131]},
			"faces": {
				"north": {"uv": [0, 0, 1, 6], "texture": "#1"},
				"east": {"uv": [0, 0, 1, 6], "texture": "#1"},
				"south": {"uv": [0, 0, 1, 6], "texture": "#1"},
				"west": {"uv": [0, 0, 1, 6], "texture": "#1"},
				"up": {"uv": [0, 0, 1, 1], "texture": "#1"},
				"down": {"uv": [0, 0, 1, 1], "texture": "#1"}
			}
		},
		{
			"from": [18.94087, 16.83011, 15.12031],
			"to": [19.66687, 17.55611, 17.05631],
			"rotation": {"angle": 0, "axis": "y", "origin": [12.52787, 5.81911, 7.98131]},
			"faces": {
				"north": {"uv": [0, 0, 1, 6], "texture": "#1"},
				"east": {"uv": [0, 0, 1, 6], "texture": "#1"},
				"south": {"uv": [0, 0, 1, 6], "texture": "#1"},
				"west": {"uv": [0, 0, 1, 6], "texture": "#1"},
				"up": {"uv": [0, 0, 1, 1], "texture": "#1"},
				"down": {"uv": [0, 0, 1, 1], "texture": "#1"}
			}
		},
		{
			"from": [3.81587, 16.83011, 15.12031],
			"to": [4.54187, 17.55611, 17.05631],
			"rotation": {"angle": 0, "axis": "y", "origin": [12.52787, 5.81911, 7.98131]},
			"faces": {
				"north": {"uv": [0, 0, 1, 6], "texture": "#1"},
				"east": {"uv": [0, 0, 1, 6], "texture": "#1"},
				"south": {"uv": [0, 0, 1, 6], "texture": "#1"},
				"west": {"uv": [0, 0, 1, 6], "texture": "#1"},
				"up": {"uv": [0, 0, 1, 1], "texture": "#1"},
				"down": {"uv": [0, 0, 1, 1], "texture": "#1"}
			}
		},
		{
			"from": [18.94087, 13.20011, 15.12031],
			"to": [19.66687, 13.92611, 17.05631],
			"rotation": {"angle": 0, "axis": "y", "origin": [12.52787, 5.81911, 7.98131]},
			"faces": {
				"north": {"uv": [0, 0, 1, 6], "texture": "#1"},
				"east": {"uv": [0, 0, 1, 6], "texture": "#1"},
				"south": {"uv": [0, 0, 1, 6], "texture": "#1"},
				"west": {"uv": [0, 0, 1, 6], "texture": "#1"},
				"up": {"uv": [0, 0, 1, 1], "texture": "#1"},
				"down": {"uv": [0, 0, 1, 1], "texture": "#1"}
			}
		},
		{
			"from": [3.81587, 13.20011, 15.12031],
			"to": [4.54187, 13.92611, 17.05631],
			"rotation": {"angle": 0, "axis": "y", "origin": [12.52787, 5.81911, 7.98131]},
			"faces": {
				"north": {"uv": [0, 0, 1, 6], "texture": "#1"},
				"east": {"uv": [0, 0, 1, 6], "texture": "#1"},
				"south": {"uv": [0, 0, 1, 6], "texture": "#1"},
				"west": {"uv": [0, 0, 1, 6], "texture": "#1"},
				"up": {"uv": [0, 0, 1, 1], "texture": "#1"},
				"down": {"uv": [0, 0, 1, 1], "texture": "#1"}
			}
		},
		{
			"from": [2.80524, 6.69157, 12.82696],
			"to": [5.22524, 11.53157, 15.24696],
			"rotation": {"angle": 22.5, "axis": "z", "origin": [7.64524, 11.53157, 7.98696]},
			"faces": {
				"north": {"uv": [0, 0, 1, 2], "texture": "#0"},
				"east": {"uv": [0, 0, 1, 2], "texture": "#0"},
				"south": {"uv": [0, 0, 1, 2], "texture": "#0"},
				"west": {"uv": [0, 0, 1, 2], "texture": "#0"},
				"up": {"uv": [0, 0, 1, 1], "texture": "#0"},
				"down": {"uv": [0, 0, 1, 1], "texture": "#0"}
			}
		},
		{
			"from": [16.76925, 7.07119, 12.80395],
			"to": [19.18925, 11.91119, 15.22395],
			"rotation": {"angle": -22.5, "axis": "z", "origin": [14.34925, 7.07119, 7.96395]},
			"faces": {
				"north": {"uv": [0, 0, 1, 2], "rotation": 180, "texture": "#0"},
				"east": {"uv": [0, 0, 1, 2], "rotation": 180, "texture": "#0"},
				"south": {"uv": [0, 0, 1, 2], "rotation": 180, "texture": "#0"},
				"west": {"uv": [0, 0, 1, 2], "rotation": 180, "texture": "#0"},
				"up": {"uv": [0, 0, 1, 1], "rotation": 180, "texture": "#0"},
				"down": {"uv": [0, 0, 1, 1], "rotation": 180, "texture": "#0"}
			}
		},
		{
			"from": [6.88127, 4.83804, 12.82506],
			"to": [11.72127, 7.25804, 15.24506],
			"rotation": {"angle": -22.5, "axis": "z", "origin": [6.88127, 9.67804, 7.98506]},
			"faces": {
				"north": {"uv": [0, 0, 1, 2], "rotation": 90, "texture": "#0"},
				"east": {"uv": [0, 0, 1, 1], "rotation": 270, "texture": "#0"},
				"south": {"uv": [0, 0, 1, 2], "rotation": 270, "texture": "#0"},
				"west": {"uv": [0, 0, 1, 1], "rotation": 270, "texture": "#0"},
				"up": {"uv": [0, 0, 1, 2], "rotation": 270, "texture": "#0"},
				"down": {"uv": [0, 0, 1, 2], "rotation": 270, "texture": "#0"}
			}
		},
		{
			"from": [12.49425, 3.00027, 12.8049],
			"to": [17.33425, 5.42027, 15.2249],
			"rotation": {"angle": 22.5, "axis": "z", "origin": [12.49425, 7.84027, 7.9649]},
			"faces": {
				"north": {"uv": [0, 0, 1, 2], "rotation": 90, "texture": "#0"},
				"east": {"uv": [0, 0, 1, 1], "rotation": 270, "texture": "#0"},
				"south": {"uv": [0, 0, 1, 2], "rotation": 270, "texture": "#0"},
				"west": {"uv": [0, 0, 1, 1], "rotation": 270, "texture": "#0"},
				"up": {"uv": [0, 0, 1, 2], "rotation": 270, "texture": "#0"},
				"down": {"uv": [0, 0, 1, 2], "rotation": 270, "texture": "#0"}
			}
		},
		{
			"from": [9.50324, 3.35886, 12.81789],
			"to": [14.34324, 5.77886, 15.23789],
			"rotation": {"angle": 0, "axis": "z", "origin": [9.50324, 8.19886, 7.97789]},
			"faces": {
				"north": {"uv": [0, 0, 1, 2], "rotation": 90, "texture": "#0"},
				"east": {"uv": [0, 0, 1, 1], "rotation": 270, "texture": "#0"},
				"south": {"uv": [0, 0, 1, 2], "rotation": 270, "texture": "#0"},
				"west": {"uv": [0, 0, 1, 1], "rotation": 270, "texture": "#0"},
				"up": {"uv": [0, 0, 1, 2], "rotation": 270, "texture": "#0"},
				"down": {"uv": [0, 0, 1, 2], "rotation": 270, "texture": "#0"}
			}
		}
	],
	"display": {
		"head": {
			"rotation": [21.25, 179.25, 0],
			"translation": [4, -22.5, -3.5]
		}
	}
}