{
	"credit": "Made with Blockbench",
	"textures": {
		"0": "block/astrogrill",
		"3": "block/brown_terracotta",
		"4": "block/orange_wool",
		"5": "block/iron_door_top",
		"6": "block/piston_bottom",
		"7": "block/iron_block",
		"8": "block/gray_wool",
		"11": "block/daylight_detector_inverted_top",
		"12": "block/cyan_terracotta",
		"14": "custom/launchpod",
		"particle": "block/astrogrill"
	},
	"elements": [
		{
			"from": [-4, -3.75, 1.75],
			"to": [18.5, 0, 13.75],
			"faces": {
				"north": {"uv": [1.5, 1, 1.5, 1], "texture": "#12"},
				"east": {"uv": [1.5, 1, 1.5, 1], "texture": "#12"},
				"south": {"uv": [1.5, 1, 1.5, 1], "texture": "#12"},
				"west": {"uv": [1.5, 1, 1.5, 1], "texture": "#12"},
				"up": {"uv": [1.5, 1, 1.5, 1], "texture": "#12"},
				"down": {"uv": [1.5, 1, 1.5, 1], "texture": "#12"}
			}
		},
		{
			"from": [-4, 0, 2],
			"to": [18.25, 1, 5],
			"faces": {
				"north": {"uv": [0, 14.75, 16, 16], "texture": "#5"},
				"east": {"uv": [0, 14.75, 16, 16], "texture": "#5"},
				"south": {"uv": [0, 14.75, 16, 16], "texture": "#5"},
				"west": {"uv": [0, 14.75, 16, 16], "texture": "#5"},
				"up": {"uv": [0, 14.75, 16, 16], "texture": "#5"},
				"down": {"uv": [0, 14.75, 16, 16], "texture": "#5"}
			}
		},
		{
			"from": [-4, 0, 11],
			"to": [18.25, 1, 14],
			"faces": {
				"north": {"uv": [0, 14.75, 16, 16], "texture": "#5"},
				"east": {"uv": [0, 14.75, 16, 16], "texture": "#5"},
				"south": {"uv": [0, 14.75, 16, 16], "texture": "#5"},
				"west": {"uv": [0, 14.75, 16, 16], "texture": "#5"},
				"up": {"uv": [0, 14.75, 16, 16], "texture": "#5"},
				"down": {"uv": [0, 14.75, 16, 16], "texture": "#5"}
			}
		},
		{
			"from": [-4, 0, 6],
			"to": [18.25, 1, 10],
			"faces": {
				"north": {"uv": [0, 14.75, 16, 16], "texture": "#5"},
				"east": {"uv": [0, 14.75, 16, 16], "texture": "#5"},
				"south": {"uv": [0, 14.75, 16, 16], "texture": "#5"},
				"west": {"uv": [0, 14.75, 16, 16], "texture": "#5"},
				"up": {"uv": [0, 14.75, 16, 16], "texture": "#5"},
				"down": {"uv": [0, 14.75, 16, 16], "texture": "#5"}
			}
		},
		{
			"from": [6, 0, 10],
			"to": [8.25, 1, 11],
			"faces": {
				"north": {"uv": [0, 0, 16, 16], "texture": "#11"},
				"east": {"uv": [0, 0, 16, 16], "texture": "#11"},
				"south": {"uv": [0, 0, 16, 16], "texture": "#11"},
				"west": {"uv": [0, 0, 16, 16], "texture": "#11"},
				"up": {"uv": [0, 0, 16, 16], "texture": "#11"},
				"down": {"uv": [0, 0, 16, 16], "texture": "#11"}
			}
		},
		{
			"from": [-4, 0, 10],
			"to": [-1.75, 1, 11],
			"faces": {
				"north": {"uv": [0, 0, 16, 16], "texture": "#11"},
				"east": {"uv": [0, 0, 16, 16], "texture": "#11"},
				"south": {"uv": [0, 0, 16, 16], "texture": "#11"},
				"west": {"uv": [0, 0, 16, 16], "texture": "#11"},
				"up": {"uv": [0, 0, 16, 16], "texture": "#11"},
				"down": {"uv": [0, 0, 16, 16], "texture": "#11"}
			}
		},
		{
			"from": [-1.75, 0, 10],
			"to": [6, 1, 11],
			"faces": {
				"north": {"uv": [3, 2, 3, 2.25], "texture": "#7"},
				"east": {"uv": [3, 2, 3, 2.25], "texture": "#7"},
				"south": {"uv": [3, 2, 3, 2.25], "texture": "#7"},
				"west": {"uv": [3, 2, 3, 2.25], "texture": "#7"},
				"up": {"uv": [3, 2, 3, 2.25], "texture": "#7"},
				"down": {"uv": [3, 2, 3, 2.25], "texture": "#7"}
			}
		},
		{
			"from": [8.25, 0, 10],
			"to": [16, 1, 11],
			"faces": {
				"north": {"uv": [3, 2, 3, 2.25], "texture": "#7"},
				"east": {"uv": [3, 2, 3, 2.25], "texture": "#7"},
				"south": {"uv": [3, 2, 3, 2.25], "texture": "#7"},
				"west": {"uv": [3, 2, 3, 2.25], "texture": "#7"},
				"up": {"uv": [3, 2, 3, 2.25], "texture": "#7"},
				"down": {"uv": [3, 2, 3, 2.25], "texture": "#7"}
			}
		},
		{
			"from": [16, 0, 10],
			"to": [18.25, 1, 11],
			"faces": {
				"north": {"uv": [0, 0, 16, 16], "texture": "#11"},
				"east": {"uv": [0, 0, 16, 16], "texture": "#11"},
				"south": {"uv": [0, 0, 16, 16], "texture": "#11"},
				"west": {"uv": [0, 0, 16, 16], "texture": "#11"},
				"up": {"uv": [0, 0, 16, 16], "texture": "#11"},
				"down": {"uv": [0, 0, 16, 16], "texture": "#11"}
			}
		},
		{
			"from": [6, 0.25, 14],
			"to": [8.25, 1, 15],
			"faces": {
				"north": {"uv": [0, 0, 16, 16], "texture": "#0"},
				"east": {"uv": [0, 0, 16, 16], "texture": "#0"},
				"south": {"uv": [0, 0, 16, 16], "texture": "#0"},
				"west": {"uv": [0, 0, 16, 16], "texture": "#0"},
				"up": {"uv": [0, 0, 16, 16], "texture": "#0"},
				"down": {"uv": [0, 0, 16, 16], "texture": "#0"}
			}
		},
		{
			"from": [-2.5, 0.25, 14],
			"to": [-1.75, 1, 15],
			"faces": {
				"north": {"uv": [0, 0, 16, 16], "texture": "#0"},
				"east": {"uv": [0, 0, 16, 16], "texture": "#0"},
				"south": {"uv": [0, 0, 16, 16], "texture": "#0"},
				"west": {"uv": [0, 0, 16, 16], "texture": "#0"},
				"up": {"uv": [0, 0, 16, 16], "texture": "#0"},
				"down": {"uv": [0, 0, 16, 16], "texture": "#0"}
			}
		},
		{
			"from": [-1.75, 0.25, 14],
			"to": [6, 1, 15],
			"faces": {
				"north": {"uv": [0, 0, 16, 16], "texture": "#0"},
				"east": {"uv": [0, 0, 16, 16], "texture": "#0"},
				"south": {"uv": [0, 0, 16, 16], "texture": "#0"},
				"west": {"uv": [0, 0, 16, 16], "texture": "#0"},
				"up": {"uv": [0, 0, 16, 16], "texture": "#0"},
				"down": {"uv": [0, 0, 16, 16], "texture": "#0"}
			}
		},
		{
			"from": [8.25, 0.25, 14],
			"to": [16, 1, 15],
			"faces": {
				"north": {"uv": [0, 0, 16, 16], "texture": "#0"},
				"east": {"uv": [0, 0, 16, 16], "texture": "#0"},
				"south": {"uv": [0, 0, 16, 16], "texture": "#0"},
				"west": {"uv": [0, 0, 16, 16], "texture": "#0"},
				"up": {"uv": [0, 0, 16, 16], "texture": "#0"},
				"down": {"uv": [0, 0, 16, 16], "texture": "#0"}
			}
		},
		{
			"from": [16, 0, 14],
			"to": [18.25, 1, 15],
			"faces": {
				"north": {"uv": [0, 0, 16, 16], "texture": "#0"},
				"east": {"uv": [0, 0, 16, 16], "texture": "#0"},
				"south": {"uv": [0, 0, 16, 16], "texture": "#0"},
				"west": {"uv": [0, 0, 16, 16], "texture": "#0"},
				"up": {"uv": [0, 0, 16, 16], "texture": "#0"},
				"down": {"uv": [0, 0, 16, 16], "texture": "#0"}
			}
		},
		{
			"from": [6, 0.25, 1],
			"to": [8.25, 1, 2],
			"faces": {
				"north": {"uv": [0, 0, 16, 16], "texture": "#0"},
				"east": {"uv": [0, 0, 16, 16], "texture": "#0"},
				"south": {"uv": [0, 0, 16, 16], "texture": "#0"},
				"west": {"uv": [0, 0, 16, 16], "texture": "#0"},
				"up": {"uv": [0, 0, 16, 16], "texture": "#0"},
				"down": {"uv": [0, 0, 16, 16], "texture": "#0"}
			}
		},
		{
			"from": [-2.5, 0.25, 1],
			"to": [-1.75, 1, 2],
			"faces": {
				"north": {"uv": [0, 0, 16, 16], "texture": "#0"},
				"east": {"uv": [0, 0, 16, 16], "texture": "#0"},
				"south": {"uv": [0, 0, 16, 16], "texture": "#0"},
				"west": {"uv": [0, 0, 16, 16], "texture": "#0"},
				"up": {"uv": [0, 0, 16, 16], "texture": "#0"},
				"down": {"uv": [0, 0, 16, 16], "texture": "#0"}
			}
		},
		{
			"from": [-1.75, 0.25, 1],
			"to": [6, 1, 2],
			"faces": {
				"north": {"uv": [0, 0, 16, 16], "texture": "#0"},
				"east": {"uv": [0, 0, 16, 16], "texture": "#0"},
				"south": {"uv": [0, 0, 16, 16], "texture": "#0"},
				"west": {"uv": [0, 0, 16, 16], "texture": "#0"},
				"up": {"uv": [0, 0, 16, 16], "texture": "#0"},
				"down": {"uv": [0, 0, 16, 16], "texture": "#0"}
			}
		},
		{
			"from": [8.25, 0.25, 1],
			"to": [16, 1, 2],
			"faces": {
				"north": {"uv": [0, 0, 16, 16], "texture": "#0"},
				"east": {"uv": [0, 0, 16, 16], "texture": "#0"},
				"south": {"uv": [0, 0, 16, 16], "texture": "#0"},
				"west": {"uv": [0, 0, 16, 16], "texture": "#0"},
				"up": {"uv": [0, 0, 16, 16], "texture": "#0"},
				"down": {"uv": [0, 0, 16, 16], "texture": "#0"}
			}
		},
		{
			"from": [16, 0, 1],
			"to": [18.25, 1, 2],
			"faces": {
				"north": {"uv": [0, 0, 16, 16], "texture": "#0"},
				"east": {"uv": [0, 0, 16, 16], "texture": "#0"},
				"south": {"uv": [0, 0, 16, 16], "texture": "#0"},
				"west": {"uv": [0, 0, 16, 16], "texture": "#0"},
				"up": {"uv": [0, 0, 16, 16], "texture": "#0"},
				"down": {"uv": [0, 0, 16, 16], "texture": "#0"}
			}
		},
		{
			"from": [6, 0, 5],
			"to": [8.25, 1, 6],
			"faces": {
				"north": {"uv": [0, 0, 16, 16], "texture": "#11"},
				"east": {"uv": [0, 0, 16, 16], "texture": "#11"},
				"south": {"uv": [0, 0, 16, 16], "texture": "#11"},
				"west": {"uv": [0, 0, 16, 16], "texture": "#11"},
				"up": {"uv": [0, 0, 16, 16], "texture": "#11"},
				"down": {"uv": [0, 0, 16, 16], "texture": "#11"}
			}
		},
		{
			"from": [-4, 0, 5],
			"to": [-1.75, 1, 6],
			"faces": {
				"north": {"uv": [0, 0, 16, 16], "texture": "#11"},
				"east": {"uv": [0, 0, 16, 16], "texture": "#11"},
				"south": {"uv": [0, 0, 16, 16], "texture": "#11"},
				"west": {"uv": [0, 0, 16, 16], "texture": "#11"},
				"up": {"uv": [0, 0, 16, 16], "texture": "#11"},
				"down": {"uv": [0, 0, 16, 16], "texture": "#11"}
			}
		},
		{
			"from": [-1.75, 0, 5],
			"to": [6, 1, 6],
			"faces": {
				"north": {"uv": [3, 2, 3, 2.25], "texture": "#7"},
				"east": {"uv": [3, 2, 3, 2.25], "texture": "#7"},
				"south": {"uv": [3, 2, 3, 2.25], "texture": "#7"},
				"west": {"uv": [3, 2, 3, 2.25], "texture": "#7"},
				"up": {"uv": [3, 2, 3, 2.25], "texture": "#7"},
				"down": {"uv": [3, 2, 3, 2.25], "texture": "#7"}
			}
		},
		{
			"from": [8.25, 0, 5],
			"to": [16, 1, 6],
			"faces": {
				"north": {"uv": [3, 2, 3, 2.25], "texture": "#7"},
				"east": {"uv": [3, 2, 3, 2.25], "texture": "#7"},
				"south": {"uv": [3, 2, 3, 2.25], "texture": "#7"},
				"west": {"uv": [3, 2, 3, 2.25], "texture": "#7"},
				"up": {"uv": [3, 2, 3, 2.25], "texture": "#7"},
				"down": {"uv": [3, 2, 3, 2.25], "texture": "#7"}
			}
		},
		{
			"from": [16, 0, 5],
			"to": [18.25, 1, 6],
			"faces": {
				"north": {"uv": [0, 0, 16, 16], "texture": "#11"},
				"east": {"uv": [0, 0, 16, 16], "texture": "#11"},
				"south": {"uv": [0, 0, 16, 16], "texture": "#11"},
				"west": {"uv": [0, 0, 16, 16], "texture": "#11"},
				"up": {"uv": [0, 0, 16, 16], "texture": "#11"},
				"down": {"uv": [0, 0, 16, 16], "texture": "#11"}
			}
		},
		{
			"name": "hexadecagon",
			"from": [-2.525, 4.94838, -2],
			"to": [17.475, 8.92662, -1],
			"rotation": {"angle": -45, "axis": "x", "origin": [7.475, 6.9375, 8]},
			"faces": {
				"north": {"uv": [0, 2, 0.25, 2], "texture": "#5"},
				"east": {"uv": [0, 2, 0.25, 2], "texture": "#5"},
				"south": {"uv": [0, 2, 0.25, 2], "texture": "#5"},
				"west": {"uv": [0, 2, 0.25, 2], "texture": "#5"},
				"up": {"uv": [0, 2, 0.25, 2], "texture": "#5"},
				"down": {"uv": [0, 2, 0.25, 2], "texture": "#5"}
			}
		},
		{
			"name": "hexadecagon",
			"from": [-2.525, 4.94838, -2],
			"to": [17.475, 8.92662, -1],
			"rotation": {"angle": -22.5, "axis": "x", "origin": [7.475, 6.9375, 8]},
			"faces": {
				"north": {"uv": [0, 2, 0.25, 2], "texture": "#5"},
				"east": {"uv": [0, 2, 0.25, 2], "texture": "#5"},
				"south": {"uv": [0, 2, 0.25, 2], "texture": "#5"},
				"west": {"uv": [0, 2, 0.25, 2], "texture": "#5"},
				"up": {"uv": [0, 2, 0.25, 2], "texture": "#5"},
				"down": {"uv": [0, 2, 0.25, 2], "texture": "#5"}
			}
		},
		{
			"name": "hexadecagon",
			"from": [-2.525, 4.94838, -2],
			"to": [17.475, 8.92662, -1],
			"rotation": {"angle": 0, "axis": "x", "origin": [7.475, 6.9375, 8]},
			"faces": {
				"north": {"uv": [0, 2, 0.25, 2], "texture": "#5"},
				"east": {"uv": [0, 2, 0.25, 2], "texture": "#5"},
				"south": {"uv": [0, 2, 0.25, 2], "texture": "#5"},
				"west": {"uv": [0, 2, 0.25, 2], "texture": "#5"},
				"up": {"uv": [0, 2, 0.25, 2], "texture": "#5"},
				"down": {"uv": [0, 2, 0.25, 2], "texture": "#5"}
			}
		},
		{
			"name": "hexadecagon",
			"from": [-2.525, 4.94838, -2],
			"to": [17.475, 8.92662, -1],
			"rotation": {"angle": 22.5, "axis": "x", "origin": [7.475, 6.9375, 8]},
			"faces": {
				"north": {"uv": [0, 0, 16, 0.75], "texture": "#0"},
				"east": {"uv": [0, 0, 16, 0.75], "texture": "#0"},
				"south": {"uv": [0, 0, 16, 0.75], "texture": "#0"},
				"west": {"uv": [0, 0, 16, 0.75], "texture": "#0"},
				"up": {"uv": [0, 0, 16, 0.75], "texture": "#0"},
				"down": {"uv": [0, 0, 16, 0.75], "texture": "#0"}
			}
		},
		{
			"name": "hexadecagon",
			"from": [-2.525, 4.94838, -2],
			"to": [17.475, 8.92662, -1],
			"rotation": {"angle": 45, "axis": "x", "origin": [7.475, 6.9375, 8]},
			"faces": {
				"north": {"uv": [0, 0, 16, 0.75], "texture": "#0"},
				"east": {"uv": [0, 0, 16, 0.75], "texture": "#0"},
				"south": {"uv": [0, 0, 16, 0.75], "texture": "#0"},
				"west": {"uv": [0, 0, 16, 0.75], "texture": "#0"},
				"up": {"uv": [0, 0, 16, 0.75], "texture": "#0"},
				"down": {"uv": [0, 0, 16, 0.75], "texture": "#0"}
			}
		},
		{
			"name": "hexadecagon",
			"from": [-2.525, 4.94838, 17],
			"to": [17.475, 8.92662, 18],
			"rotation": {"angle": -45, "axis": "x", "origin": [7.475, 6.9375, 8]},
			"faces": {
				"north": {"uv": [0, 0, 16, 0.75], "texture": "#0"},
				"east": {"uv": [0, 0, 16, 0.75], "texture": "#0"},
				"south": {"uv": [0, 0, 16, 0.75], "texture": "#0"},
				"west": {"uv": [0, 0, 16, 0.75], "texture": "#0"},
				"up": {"uv": [0, 0, 16, 0.75], "texture": "#0"},
				"down": {"uv": [0, 0, 16, 0.75], "texture": "#0"}
			}
		},
		{
			"name": "hexadecagon",
			"from": [-2.525, 4.94838, 17],
			"to": [17.475, 8.92662, 18],
			"rotation": {"angle": -22.5, "axis": "x", "origin": [7.475, 6.9375, 8]},
			"faces": {
				"north": {"uv": [0, 0, 16, 0.75], "texture": "#0"},
				"east": {"uv": [0, 0, 16, 0.75], "texture": "#0"},
				"south": {"uv": [0, 0, 16, 0.75], "texture": "#0"},
				"west": {"uv": [0, 0, 16, 0.75], "texture": "#0"},
				"up": {"uv": [0, 0, 16, 0.75], "texture": "#0"},
				"down": {"uv": [0, 0, 16, 0.75], "texture": "#0"}
			}
		},
		{
			"name": "hexadecagon",
			"from": [-2.525, 4.94838, 17],
			"to": [17.475, 8.92662, 18],
			"rotation": {"angle": 0, "axis": "x", "origin": [7.475, 6.9375, 8]},
			"faces": {
				"north": {"uv": [0, 2, 0.25, 2], "texture": "#5"},
				"east": {"uv": [0, 2, 0.25, 2], "texture": "#5"},
				"south": {"uv": [0, 2, 0.25, 2], "texture": "#5"},
				"west": {"uv": [0, 2, 0.25, 2], "texture": "#5"},
				"up": {"uv": [0, 2, 0.25, 2], "texture": "#5"},
				"down": {"uv": [0, 2, 0.25, 2], "texture": "#5"}
			}
		},
		{
			"name": "hexadecagon",
			"from": [-2.525, 4.94838, 17],
			"to": [17.475, 8.92662, 18],
			"rotation": {"angle": 22.5, "axis": "x", "origin": [7.475, 6.9375, 8]},
			"faces": {
				"north": {"uv": [0, 2, 0.25, 2], "texture": "#5"},
				"east": {"uv": [0, 2, 0.25, 2], "texture": "#5"},
				"south": {"uv": [0, 2, 0.25, 2], "texture": "#5"},
				"west": {"uv": [0, 2, 0.25, 2], "texture": "#5"},
				"up": {"uv": [0, 2, 0.25, 2], "texture": "#5"},
				"down": {"uv": [0, 2, 0.25, 2], "texture": "#5"}
			}
		},
		{
			"name": "hexadecagon",
			"from": [-2.525, 4.94838, 17],
			"to": [17.475, 8.92662, 18],
			"rotation": {"angle": 45, "axis": "x", "origin": [7.475, 6.9375, 8]},
			"faces": {
				"north": {"uv": [0, 2, 0.25, 2], "texture": "#5"},
				"east": {"uv": [0, 2, 0.25, 2], "texture": "#5"},
				"south": {"uv": [0, 2, 0.25, 2], "texture": "#5"},
				"west": {"uv": [0, 2, 0.25, 2], "texture": "#5"},
				"up": {"uv": [0, 2, 0.25, 2], "texture": "#5"},
				"down": {"uv": [0, 2, 0.25, 2], "texture": "#5"}
			}
		},
		{
			"name": "hexadecagon",
			"from": [-2.525, -3.0625, 6.01088],
			"to": [17.475, -2.0625, 9.98912],
			"rotation": {"angle": -22.5, "axis": "x", "origin": [7.475, 6.9375, 8]},
			"faces": {
				"north": {"uv": [0, 2, 0.25, 2], "texture": "#5"},
				"east": {"uv": [0, 2, 0.25, 2], "texture": "#5"},
				"south": {"uv": [0, 2, 0.25, 2], "texture": "#5"},
				"west": {"uv": [0, 2, 0.25, 2], "texture": "#5"},
				"up": {"uv": [0, 2, 0.25, 2], "texture": "#5"},
				"down": {"uv": [0, 2, 0.25, 2], "texture": "#5"}
			}
		},
		{
			"name": "hexadecagon",
			"from": [-2.525, -3.0625, 6.01088],
			"to": [17.475, -2.0625, 9.98912],
			"rotation": {"angle": 0, "axis": "x", "origin": [7.475, 6.9375, 8]},
			"faces": {
				"north": {"uv": [0, 2, 0.25, 2], "texture": "#5"},
				"east": {"uv": [0, 2, 0.25, 2], "texture": "#5"},
				"south": {"uv": [0, 2, 0.25, 2], "texture": "#5"},
				"west": {"uv": [0, 2, 0.25, 2], "texture": "#5"},
				"up": {"uv": [0, 2, 0.25, 2], "texture": "#5"},
				"down": {"uv": [0, 2, 0.25, 2], "texture": "#5"}
			}
		},
		{
			"name": "hexadecagon",
			"from": [-2.525, -3.0625, 6.01088],
			"to": [17.475, -2.0625, 9.98912],
			"rotation": {"angle": 22.5, "axis": "x", "origin": [7.475, 6.9375, 8]},
			"faces": {
				"north": {"uv": [0, 2, 0.25, 2], "texture": "#5"},
				"east": {"uv": [0, 2, 0.25, 2], "texture": "#5"},
				"south": {"uv": [0, 2, 0.25, 2], "texture": "#5"},
				"west": {"uv": [0, 2, 0.25, 2], "texture": "#5"},
				"up": {"uv": [0, 2, 0.25, 2], "texture": "#5"},
				"down": {"uv": [0, 2, 0.25, 2], "texture": "#5"}
			}
		},
		{
			"name": "hexadecagon",
			"from": [-2.525, 15.9375, 6.01088],
			"to": [17.475, 16.9375, 8.98912],
			"rotation": {"angle": -22.5, "axis": "x", "origin": [7.475, 6.9375, 8]},
			"faces": {
				"north": {"uv": [0, 0, 16, 0.75], "texture": "#0"},
				"east": {"uv": [0, 0, 16, 0.75], "texture": "#0"},
				"south": {"uv": [0, 0, 16, 0.75], "texture": "#0"},
				"west": {"uv": [0, 0, 16, 0.75], "texture": "#0"},
				"up": {"uv": [0, 0, 16, 0.75], "texture": "#0"},
				"down": {"uv": [0, 0, 16, 0.75], "texture": "#0"}
			}
		},
		{
			"name": "hexadecagon",
			"from": [-2.525, 15.6875, 5.01088],
			"to": [1.475, 16.4375, 10.98912],
			"rotation": {"angle": 0, "axis": "x", "origin": [7.475, 6.9375, 8]},
			"faces": {
				"north": {"uv": [0, 0, 0, 0], "texture": "#8"},
				"east": {"uv": [0, 0, 0, 0], "texture": "#8"},
				"south": {"uv": [0, 0, 0, 0], "texture": "#8"},
				"west": {"uv": [0, 0, 0, 0], "texture": "#8"},
				"up": {"uv": [0, 0, 0, 0], "texture": "#8"},
				"down": {"uv": [0, 0, 0, 0], "texture": "#8"}
			}
		},
		{
			"name": "hexadecagon",
			"from": [13.475, 15.6875, 5.01088],
			"to": [17.475, 16.4375, 10.98912],
			"rotation": {"angle": 0, "axis": "x", "origin": [7.475, 6.9375, 8]},
			"faces": {
				"north": {"uv": [0, 0, 0, 0], "texture": "#8"},
				"east": {"uv": [0, 0, 0, 0], "texture": "#8"},
				"south": {"uv": [0, 0, 0, 0], "texture": "#8"},
				"west": {"uv": [0, 0, 0, 0], "texture": "#8"},
				"up": {"uv": [0, 0, 0, 0], "texture": "#8"},
				"down": {"uv": [0, 0, 0, 0], "texture": "#8"}
			}
		},
		{
			"name": "hexadecagon",
			"from": [-2.525, 15.9375, 7.01088],
			"to": [17.475, 16.9375, 9.98912],
			"rotation": {"angle": 22.5, "axis": "x", "origin": [7.475, 6.9375, 8]},
			"faces": {
				"north": {"uv": [0, 0, 16, 0.75], "texture": "#0"},
				"east": {"uv": [0, 0, 16, 0.75], "texture": "#0"},
				"south": {"uv": [0, 0, 16, 0.75], "texture": "#0"},
				"west": {"uv": [0, 0, 16, 0.75], "texture": "#0"},
				"up": {"uv": [0, 0, 16, 0.75], "texture": "#0"},
				"down": {"uv": [0, 0, 16, 0.75], "texture": "#0"}
			}
		},
		{
			"from": [-2.525, 10.9375, 8.25],
			"to": [16.475, 11.4375, 9.25],
			"rotation": {"angle": -22.5, "axis": "x", "origin": [-2.525, -3.0625, 0]},
			"faces": {
				"north": {"uv": [0, 0, 16, 1], "texture": "#4"},
				"east": {"uv": [0, 0, 1, 0.5], "texture": "#4"},
				"south": {"uv": [0, 0, 16, 0.5], "texture": "#4"},
				"west": {"uv": [0, 0, 1, 0.5], "texture": "#4"},
				"up": {"uv": [0, 0, 16, 1], "texture": "#4"},
				"down": {"uv": [0, 0, 16, 1], "texture": "#4"}
			}
		},
		{
			"from": [-2.275, 16.9375, 5.25],
			"to": [15.475, 17.4375, 6.25],
			"rotation": {"angle": 22.5, "axis": "x", "origin": [-2.525, -3.0625, 0]},
			"faces": {
				"north": {"uv": [0, 0, 16, 1], "texture": "#4"},
				"east": {"uv": [0, 0, 1, 0.5], "texture": "#4"},
				"south": {"uv": [0, 0, 16, 0.5], "texture": "#4"},
				"west": {"uv": [0, 0, 1, 0.5], "texture": "#4"},
				"up": {"uv": [0, 0, 16, 1], "texture": "#4"},
				"down": {"uv": [0, 0, 16, 1], "texture": "#4"}
			}
		},
		{
			"from": [-2.25, 13, 0.75],
			"to": [-1.25, 14, 2.75],
			"faces": {
				"north": {"uv": [3.5, 4.75, 4.25, 5], "texture": "#7"},
				"east": {"uv": [3.5, 4.75, 4.25, 5], "texture": "#7"},
				"south": {"uv": [3.5, 4.75, 4.25, 5], "texture": "#7"},
				"west": {"uv": [3.5, 4.75, 4.25, 5], "texture": "#7"},
				"up": {"uv": [3.5, 4.75, 4.25, 5], "texture": "#7"},
				"down": {"uv": [3.5, 4.75, 4.25, 5], "texture": "#7"}
			}
		},
		{
			"from": [16.25, 13, 0.75],
			"to": [17.25, 14, 2.75],
			"faces": {
				"north": {"uv": [3.5, 4.75, 4.25, 5], "texture": "#7"},
				"east": {"uv": [3.5, 4.75, 4.25, 5], "texture": "#7"},
				"south": {"uv": [3.5, 4.75, 4.25, 5], "texture": "#7"},
				"west": {"uv": [3.5, 4.75, 4.25, 5], "texture": "#7"},
				"up": {"uv": [3.5, 4.75, 4.25, 5], "texture": "#7"},
				"down": {"uv": [3.5, 4.75, 4.25, 5], "texture": "#7"}
			}
		},
		{
			"from": [-2.25, 13, 13],
			"to": [-1.25, 14, 15],
			"faces": {
				"north": {"uv": [3.5, 4.75, 4.25, 5], "texture": "#7"},
				"east": {"uv": [3.5, 4.75, 4.25, 5], "texture": "#7"},
				"south": {"uv": [3.5, 4.75, 4.25, 5], "texture": "#7"},
				"west": {"uv": [3.5, 4.75, 4.25, 5], "texture": "#7"},
				"up": {"uv": [3.5, 4.75, 4.25, 5], "texture": "#7"},
				"down": {"uv": [3.5, 4.75, 4.25, 5], "texture": "#7"}
			}
		},
		{
			"from": [16.25, 13, 13],
			"to": [17.25, 14, 15],
			"faces": {
				"north": {"uv": [3.5, 4.75, 4.25, 5], "texture": "#7"},
				"east": {"uv": [3.5, 4.75, 4.25, 5], "texture": "#7"},
				"south": {"uv": [3.5, 4.75, 4.25, 5], "texture": "#7"},
				"west": {"uv": [3.5, 4.75, 4.25, 5], "texture": "#7"},
				"up": {"uv": [3.5, 4.75, 4.25, 5], "texture": "#7"},
				"down": {"uv": [3.5, 4.75, 4.25, 5], "texture": "#7"}
			}
		},
		{
			"name": "bottom left",
			"from": [0, 7.69838, -1],
			"to": [4, 8.42662, -0.75],
			"rotation": {"angle": -45, "axis": "x", "origin": [7.475, 6.9375, 8]},
			"faces": {
				"north": {"uv": [0, 0, 1, 0.75], "texture": "#3"},
				"east": {"uv": [0, 0, 1, 0.75], "texture": "#3"},
				"south": {"uv": [0, 0, 1, 0.75], "texture": "#3"},
				"west": {"uv": [0, 0, 1, 0.75], "texture": "#3"},
				"up": {"uv": [0, 0, 1, 0.75], "texture": "#3"},
				"down": {"uv": [0, 0, 1, 0.75], "texture": "#3"}
			}
		},
		{
			"name": "bottom center",
			"from": [6, 13.88588, 1.625],
			"to": [10, 14.61412, 1.875],
			"rotation": {"angle": -45, "axis": "x", "origin": [7.5, 6.875, 16.875]},
			"faces": {
				"north": {"uv": [0, 0, 1, 0.75], "texture": "#3"},
				"east": {"uv": [0, 0, 1, 0.75], "texture": "#3"},
				"south": {"uv": [0, 0, 1, 0.75], "texture": "#3"},
				"west": {"uv": [0, 0, 1, 0.75], "texture": "#3"},
				"up": {"uv": [0, 0, 1, 0.75], "texture": "#3"},
				"down": {"uv": [0, 0, 1, 0.75], "texture": "#3"}
			}
		},
		{
			"name": "botoom right",
			"from": [12.25, 13.88588, 1.625],
			"to": [16, 14.61412, 1.875],
			"rotation": {"angle": -45, "axis": "x", "origin": [7.5, 6.875, 16.875]},
			"faces": {
				"north": {"uv": [0, 0, 1, 0.75], "texture": "#3"},
				"east": {"uv": [0, 0, 1, 0.75], "texture": "#3"},
				"south": {"uv": [0, 0, 1, 0.75], "texture": "#3"},
				"west": {"uv": [0, 0, 1, 0.75], "texture": "#3"},
				"up": {"uv": [0, 0, 1, 0.75], "texture": "#3"},
				"down": {"uv": [0, 0, 1, 0.75], "texture": "#3"}
			}
		},
		{
			"name": "mid left",
			"from": [-0.025, 5.19838, -1.75],
			"to": [3.975, 9.17662, -0.75],
			"rotation": {"angle": -22.5, "axis": "x", "origin": [7.475, 6.9375, 8]},
			"faces": {
				"north": {"uv": [0, 0, 1, 0.75], "texture": "#3"},
				"east": {"uv": [0, 0, 1, 0.75], "texture": "#3"},
				"south": {"uv": [0, 0, 1, 0.75], "texture": "#3"},
				"west": {"uv": [0, 0, 1, 0.75], "texture": "#3"},
				"up": {"uv": [0, 0, 1, 0.75], "texture": "#3"},
				"down": {"uv": [0, 0, 1, 0.75], "texture": "#3"}
			}
		},
		{
			"name": "mid center",
			"from": [6.225, 5.19838, -1.75],
			"to": [10.225, 9.17662, -0.75],
			"rotation": {"angle": -22.5, "axis": "x", "origin": [7.475, 6.9375, 8]},
			"faces": {
				"north": {"uv": [0, 0, 1, 0.75], "texture": "#3"},
				"east": {"uv": [0, 0, 1, 0.75], "texture": "#3"},
				"south": {"uv": [0, 0, 1, 0.75], "texture": "#3"},
				"west": {"uv": [0, 0, 1, 0.75], "texture": "#3"},
				"up": {"uv": [0, 0, 1, 0.75], "texture": "#3"},
				"down": {"uv": [0, 0, 1, 0.75], "texture": "#3"}
			}
		},
		{
			"name": "mid right",
			"from": [12.225, 5.19838, -1.75],
			"to": [16.225, 9.17662, -0.75],
			"rotation": {"angle": -22.5, "axis": "x", "origin": [7.475, 6.9375, 8]},
			"faces": {
				"north": {"uv": [0, 0, 1, 0.75], "texture": "#3"},
				"east": {"uv": [0, 0, 1, 0.75], "texture": "#3"},
				"south": {"uv": [0, 0, 1, 0.75], "texture": "#3"},
				"west": {"uv": [0, 0, 1, 0.75], "texture": "#3"},
				"up": {"uv": [0, 0, 1, 0.75], "texture": "#3"},
				"down": {"uv": [0, 0, 1, 0.75], "texture": "#3"}
			}
		},
		{
			"name": "center left",
			"from": [-0.025, 4.94838, -1],
			"to": [3.975, 8.92662, -0.75],
			"rotation": {"angle": 0, "axis": "x", "origin": [7.475, 6.9375, 8]},
			"faces": {
				"north": {"uv": [0, 0, 1, 0.75], "texture": "#3"},
				"east": {"uv": [0, 0, 1, 0.75], "texture": "#3"},
				"south": {"uv": [0, 0, 1, 0.75], "texture": "#3"},
				"west": {"uv": [0, 0, 1, 0.75], "texture": "#3"},
				"up": {"uv": [0, 0, 1, 0.75], "texture": "#3"},
				"down": {"uv": [0, 0, 1, 0.75], "texture": "#3"}
			}
		},
		{
			"name": "center left",
			"from": [6.225, 4.94838, -1],
			"to": [10.225, 8.92662, -0.75],
			"rotation": {"angle": 0, "axis": "x", "origin": [7.475, 6.9375, 8]},
			"faces": {
				"north": {"uv": [0, 0, 1, 0.75], "texture": "#3"},
				"east": {"uv": [0, 0, 1, 0.75], "texture": "#3"},
				"south": {"uv": [0, 0, 1, 0.75], "texture": "#3"},
				"west": {"uv": [0, 0, 1, 0.75], "texture": "#3"},
				"up": {"uv": [0, 0, 1, 0.75], "texture": "#3"},
				"down": {"uv": [0, 0, 1, 0.75], "texture": "#3"}
			}
		},
		{
			"name": "center left",
			"from": [12.225, 4.94838, -1],
			"to": [16.225, 8.92662, -0.75],
			"rotation": {"angle": 0, "axis": "x", "origin": [7.475, 6.9375, 8]},
			"faces": {
				"north": {"uv": [0, 0, 1, 0.75], "texture": "#3"},
				"east": {"uv": [0, 0, 1, 0.75], "texture": "#3"},
				"south": {"uv": [0, 0, 1, 0.75], "texture": "#3"},
				"west": {"uv": [0, 0, 1, 0.75], "texture": "#3"},
				"up": {"uv": [0, 0, 1, 0.75], "texture": "#3"},
				"down": {"uv": [0, 0, 1, 0.75], "texture": "#3"}
			}
		},
		{
			"name": "bottom left",
			"from": [0, 7.69838, 16.75],
			"to": [4, 8.42662, 17],
			"rotation": {"angle": 45, "axis": "x", "origin": [7.475, 6.9375, 8]},
			"faces": {
				"north": {"uv": [0, 0, 1, 0.75], "texture": "#3"},
				"east": {"uv": [0, 0, 1, 0.75], "texture": "#3"},
				"south": {"uv": [0, 0, 1, 0.75], "texture": "#3"},
				"west": {"uv": [0, 0, 1, 0.75], "texture": "#3"},
				"up": {"uv": [0, 0, 1, 0.75], "texture": "#3"},
				"down": {"uv": [0, 0, 1, 0.75], "texture": "#3"}
			}
		},
		{
			"name": "bottom center",
			"from": [6, 13.88588, 14.125],
			"to": [10, 14.61412, 14.375],
			"rotation": {"angle": 45, "axis": "x", "origin": [7.5, 6.875, -0.875]},
			"faces": {
				"north": {"uv": [0, 0, 1, 0.75], "texture": "#3"},
				"east": {"uv": [0, 0, 1, 0.75], "texture": "#3"},
				"south": {"uv": [0, 0, 1, 0.75], "texture": "#3"},
				"west": {"uv": [0, 0, 1, 0.75], "texture": "#3"},
				"up": {"uv": [0, 0, 1, 0.75], "texture": "#3"},
				"down": {"uv": [0, 0, 1, 0.75], "texture": "#3"}
			}
		},
		{
			"name": "botoom right",
			"from": [12.25, 13.88588, 14.125],
			"to": [16, 14.61412, 14.375],
			"rotation": {"angle": 45, "axis": "x", "origin": [7.5, 6.875, -0.875]},
			"faces": {
				"north": {"uv": [0, 0, 1, 0.75], "texture": "#3"},
				"east": {"uv": [0, 0, 1, 0.75], "texture": "#3"},
				"south": {"uv": [0, 0, 1, 0.75], "texture": "#3"},
				"west": {"uv": [0, 0, 1, 0.75], "texture": "#3"},
				"up": {"uv": [0, 0, 1, 0.75], "texture": "#3"},
				"down": {"uv": [0, 0, 1, 0.75], "texture": "#3"}
			}
		},
		{
			"name": "mid left",
			"from": [-0.025, 5.19838, 16.75],
			"to": [3.975, 9.17662, 17.75],
			"rotation": {"angle": 22.5, "axis": "x", "origin": [7.475, 6.9375, 8]},
			"faces": {
				"north": {"uv": [0, 0, 1, 0.75], "texture": "#3"},
				"east": {"uv": [0, 0, 1, 0.75], "texture": "#3"},
				"south": {"uv": [0, 0, 1, 0.75], "texture": "#3"},
				"west": {"uv": [0, 0, 1, 0.75], "texture": "#3"},
				"up": {"uv": [0, 0, 1, 0.75], "texture": "#3"},
				"down": {"uv": [0, 0, 1, 0.75], "texture": "#3"}
			}
		},
		{
			"name": "mid center",
			"from": [6.225, 5.19838, 16.75],
			"to": [10.225, 9.17662, 17.75],
			"rotation": {"angle": 22.5, "axis": "x", "origin": [7.475, 6.9375, 8]},
			"faces": {
				"north": {"uv": [0, 0, 1, 0.75], "texture": "#3"},
				"east": {"uv": [0, 0, 1, 0.75], "texture": "#3"},
				"south": {"uv": [0, 0, 1, 0.75], "texture": "#3"},
				"west": {"uv": [0, 0, 1, 0.75], "texture": "#3"},
				"up": {"uv": [0, 0, 1, 0.75], "texture": "#3"},
				"down": {"uv": [0, 0, 1, 0.75], "texture": "#3"}
			}
		},
		{
			"name": "mid right",
			"from": [12.225, 5.19838, 16.75],
			"to": [16.225, 9.17662, 17.75],
			"rotation": {"angle": 22.5, "axis": "x", "origin": [7.475, 6.9375, 8]},
			"faces": {
				"north": {"uv": [0, 0, 1, 0.75], "texture": "#3"},
				"east": {"uv": [0, 0, 1, 0.75], "texture": "#3"},
				"south": {"uv": [0, 0, 1, 0.75], "texture": "#3"},
				"west": {"uv": [0, 0, 1, 0.75], "texture": "#3"},
				"up": {"uv": [0, 0, 1, 0.75], "texture": "#3"},
				"down": {"uv": [0, 0, 1, 0.75], "texture": "#3"}
			}
		},
		{
			"name": "center left",
			"from": [-0.025, 4.94838, 16.75],
			"to": [3.975, 8.92662, 17],
			"rotation": {"angle": 0, "axis": "x", "origin": [7.475, 6.9375, 8]},
			"faces": {
				"north": {"uv": [0, 0, 1, 0.75], "texture": "#3"},
				"east": {"uv": [0, 0, 1, 0.75], "texture": "#3"},
				"south": {"uv": [0, 0, 1, 0.75], "texture": "#3"},
				"west": {"uv": [0, 0, 1, 0.75], "texture": "#3"},
				"up": {"uv": [0, 0, 1, 0.75], "texture": "#3"},
				"down": {"uv": [0, 0, 1, 0.75], "texture": "#3"}
			}
		},
		{
			"name": "center left",
			"from": [6.225, 4.94838, 16.75],
			"to": [10.225, 8.92662, 17],
			"rotation": {"angle": 0, "axis": "x", "origin": [7.475, 6.9375, 8]},
			"faces": {
				"north": {"uv": [0, 0, 1, 0.75], "texture": "#3"},
				"east": {"uv": [0, 0, 1, 0.75], "texture": "#3"},
				"south": {"uv": [0, 0, 1, 0.75], "texture": "#3"},
				"west": {"uv": [0, 0, 1, 0.75], "texture": "#3"},
				"up": {"uv": [0, 0, 1, 0.75], "texture": "#3"},
				"down": {"uv": [0, 0, 1, 0.75], "texture": "#3"}
			}
		},
		{
			"name": "center left",
			"from": [12.225, 4.94838, 16.75],
			"to": [16.225, 8.92662, 17],
			"rotation": {"angle": 0, "axis": "x", "origin": [7.475, 6.9375, 8]},
			"faces": {
				"north": {"uv": [0, 0, 1, 0.75], "texture": "#3"},
				"east": {"uv": [0, 0, 1, 0.75], "texture": "#3"},
				"south": {"uv": [0, 0, 1, 0.75], "texture": "#3"},
				"west": {"uv": [0, 0, 1, 0.75], "texture": "#3"},
				"up": {"uv": [0, 0, 1, 0.75], "texture": "#3"},
				"down": {"uv": [0, 0, 1, 0.75], "texture": "#3"}
			}
		},
		{
			"from": [0, 9, -5.25],
			"to": [16, 12, -4],
			"rotation": {"angle": 22.5, "axis": "x", "origin": [0, 0, 0]},
			"faces": {
				"north": {"uv": [14, 1.25, 14.5, 1.75], "texture": "#6"},
				"east": {"uv": [14, 1.25, 14.5, 1.75], "texture": "#6"},
				"south": {"uv": [0, 0.04688, 16, 5.78125], "texture": "#14"},
				"west": {"uv": [14, 1.25, 14.5, 1.75], "texture": "#6"},
				"up": {"uv": [14, 1.25, 14.5, 1.75], "texture": "#6"},
				"down": {"uv": [14, 1.25, 14.5, 1.75], "texture": "#6"}
			}
		},
		{
			"from": [0, 3, 18.75],
			"to": [16, 6, 20],
			"rotation": {"angle": -22.5, "axis": "x", "origin": [0, 0, 0]},
			"faces": {
				"north": {"uv": [0, 7.67188, 16, 16], "texture": "#14"},
				"east": {"uv": [14, 1.25, 14.5, 1.75], "texture": "#6"},
				"south": {"uv": [14, 1.25, 14.5, 1.75], "texture": "#6"},
				"west": {"uv": [14, 1.25, 14.5, 1.75], "texture": "#6"},
				"up": {"uv": [14, 1.25, 14.5, 1.75], "texture": "#6"},
				"down": {"uv": [14, 1.25, 14.5, 1.75], "texture": "#6"}
			}
		},
		{
			"name": "hexadecagon",
			"from": [-2.525, 9.44838, -1.5],
			"to": [17.475, 10.42662, -0.5],
			"rotation": {"angle": 22.5, "axis": "x", "origin": [7.475, 6.9375, 8]},
			"faces": {
				"north": {"uv": [0.75, 1, 14.5, 1.5], "texture": "#5"},
				"east": {"uv": [0.75, 1, 14.5, 1.5], "texture": "#5"},
				"south": {"uv": [0.75, 1, 14.5, 1.5], "texture": "#5"},
				"west": {"uv": [0.75, 1, 14.5, 1.5], "texture": "#5"},
				"up": {"uv": [0.75, 1, 14.5, 1.5], "texture": "#5"},
				"down": {"uv": [0.75, 1, 14.5, 1.5], "texture": "#5"}
			}
		},
		{
			"name": "hexadecagon",
			"from": [16.75, 3.70979, -1],
			"to": [18.25, 7.29021, 2],
			"rotation": {"angle": -45, "axis": "x", "origin": [25.75, 5.5, 8]},
			"faces": {
				"north": {"uv": [4.5, 3, 6.5, 4.5], "rotation": 270, "texture": "#7"},
				"east": {"uv": [4.5, 3, 6.5, 4.5], "rotation": 270, "texture": "#7"},
				"south": {"uv": [4.5, 3, 6.5, 4.5], "rotation": 270, "texture": "#7"},
				"west": {"uv": [4.5, 3, 6.5, 4.5], "rotation": 270, "texture": "#7"},
				"up": {"uv": [4.5, 3, 6.5, 4.5], "rotation": 270, "texture": "#7"},
				"down": {"uv": [4.5, 3, 6.5, 4.5], "rotation": 270, "texture": "#7"}
			}
		},
		{
			"name": "hexadecagon",
			"from": [16.75, 3.70979, -1],
			"to": [18.25, 7.29021, 2],
			"rotation": {"angle": -22.5, "axis": "x", "origin": [25.75, 5.5, 8]},
			"faces": {
				"north": {"uv": [4.5, 3, 6.5, 4.5], "rotation": 270, "texture": "#7"},
				"east": {"uv": [4.5, 3, 6.5, 4.5], "rotation": 270, "texture": "#7"},
				"south": {"uv": [4.5, 3, 6.5, 4.5], "rotation": 270, "texture": "#7"},
				"west": {"uv": [4.5, 3, 6.5, 4.5], "rotation": 270, "texture": "#7"},
				"up": {"uv": [4.5, 3, 6.5, 4.5], "rotation": 270, "texture": "#7"},
				"down": {"uv": [4.5, 3, 6.5, 4.5], "rotation": 270, "texture": "#7"}
			}
		},
		{
			"name": "hexadecagon",
			"from": [16.75, 3.70979, -1],
			"to": [18.25, 7.29021, 2],
			"rotation": {"angle": 0, "axis": "x", "origin": [25.75, 5.5, 8]},
			"faces": {
				"north": {"uv": [4.5, 3, 6.5, 4.5], "rotation": 270, "texture": "#7"},
				"east": {"uv": [4.5, 3, 6.5, 4.5], "rotation": 270, "texture": "#7"},
				"south": {"uv": [4.5, 3, 6.5, 4.5], "rotation": 270, "texture": "#7"},
				"west": {"uv": [4.5, 3, 6.5, 4.5], "rotation": 270, "texture": "#7"},
				"up": {"uv": [4.5, 3, 6.5, 4.5], "rotation": 270, "texture": "#7"},
				"down": {"uv": [4.5, 3, 6.5, 4.5], "rotation": 270, "texture": "#7"}
			}
		},
		{
			"name": "hexadecagon",
			"from": [16.75, 3.70979, -1],
			"to": [18.25, 7.29021, 2],
			"rotation": {"angle": 22.5, "axis": "x", "origin": [25.75, 5.5, 8]},
			"faces": {
				"north": {"uv": [4.5, 3, 6.5, 4.5], "rotation": 270, "texture": "#7"},
				"east": {"uv": [4.5, 3, 6.5, 4.5], "rotation": 270, "texture": "#7"},
				"south": {"uv": [4.5, 3, 6.5, 4.5], "rotation": 270, "texture": "#7"},
				"west": {"uv": [4.5, 3, 6.5, 4.5], "rotation": 270, "texture": "#7"},
				"up": {"uv": [4.5, 3, 6.5, 4.5], "rotation": 270, "texture": "#7"},
				"down": {"uv": [4.5, 3, 6.5, 4.5], "rotation": 270, "texture": "#7"}
			}
		},
		{
			"name": "hexadecagon",
			"from": [16.75, 3.70979, -1],
			"to": [18.25, 7.29021, 2],
			"rotation": {"angle": 45, "axis": "x", "origin": [25.75, 5.5, 8]},
			"faces": {
				"north": {"uv": [4.5, 3, 6.5, 4.5], "rotation": 270, "texture": "#7"},
				"east": {"uv": [4.5, 3, 6.5, 4.5], "rotation": 270, "texture": "#7"},
				"south": {"uv": [4.5, 3, 6.5, 4.5], "rotation": 270, "texture": "#7"},
				"west": {"uv": [4.5, 3, 6.5, 4.5], "rotation": 270, "texture": "#7"},
				"up": {"uv": [4.5, 3, 6.5, 4.5], "rotation": 270, "texture": "#7"},
				"down": {"uv": [4.5, 3, 6.5, 4.5], "rotation": 270, "texture": "#7"}
			}
		},
		{
			"name": "hexadecagon",
			"from": [16.75, 3.70979, 14],
			"to": [18.25, 7.29021, 17],
			"rotation": {"angle": -45, "axis": "x", "origin": [25.75, 5.5, 8]},
			"faces": {
				"north": {"uv": [4.5, 3, 6.5, 4.5], "rotation": 270, "texture": "#7"},
				"east": {"uv": [4.5, 3, 6.5, 4.5], "rotation": 270, "texture": "#7"},
				"south": {"uv": [4.5, 3, 6.5, 4.5], "rotation": 270, "texture": "#7"},
				"west": {"uv": [4.5, 3, 6.5, 4.5], "rotation": 270, "texture": "#7"},
				"up": {"uv": [4.5, 3, 6.5, 4.5], "rotation": 270, "texture": "#7"},
				"down": {"uv": [4.5, 3, 6.5, 4.5], "rotation": 270, "texture": "#7"}
			}
		},
		{
			"name": "hexadecagon",
			"from": [16.75, 3.70979, 14],
			"to": [18.25, 7.29021, 17],
			"rotation": {"angle": -22.5, "axis": "x", "origin": [25.75, 5.5, 8]},
			"faces": {
				"north": {"uv": [4.5, 3, 6.5, 4.5], "rotation": 270, "texture": "#7"},
				"east": {"uv": [4.5, 3, 6.5, 4.5], "rotation": 270, "texture": "#7"},
				"south": {"uv": [4.5, 3, 6.5, 4.5], "rotation": 270, "texture": "#7"},
				"west": {"uv": [4.5, 3, 6.5, 4.5], "rotation": 270, "texture": "#7"},
				"up": {"uv": [4.5, 3, 6.5, 4.5], "rotation": 270, "texture": "#7"},
				"down": {"uv": [4.5, 3, 6.5, 4.5], "rotation": 270, "texture": "#7"}
			}
		},
		{
			"name": "hexadecagon",
			"from": [16.75, 3.70979, 14],
			"to": [18.25, 7.29021, 17],
			"rotation": {"angle": 0, "axis": "x", "origin": [25.75, 5.5, 8]},
			"faces": {
				"north": {"uv": [4.5, 3, 6.5, 4.5], "rotation": 270, "texture": "#7"},
				"east": {"uv": [4.5, 3, 6.5, 4.5], "rotation": 270, "texture": "#7"},
				"south": {"uv": [4.5, 3, 6.5, 4.5], "rotation": 270, "texture": "#7"},
				"west": {"uv": [4.5, 3, 6.5, 4.5], "rotation": 270, "texture": "#7"},
				"up": {"uv": [4.5, 3, 6.5, 4.5], "rotation": 270, "texture": "#7"},
				"down": {"uv": [4.5, 3, 6.5, 4.5], "rotation": 270, "texture": "#7"}
			}
		},
		{
			"name": "hexadecagon",
			"from": [16.75, 3.70979, 14],
			"to": [18.25, 7.29021, 17],
			"rotation": {"angle": 22.5, "axis": "x", "origin": [25.75, 5.5, 8]},
			"faces": {
				"north": {"uv": [4.5, 3, 6.5, 4.5], "rotation": 270, "texture": "#7"},
				"east": {"uv": [4.5, 3, 6.5, 4.5], "rotation": 270, "texture": "#7"},
				"south": {"uv": [4.5, 3, 6.5, 4.5], "rotation": 270, "texture": "#7"},
				"west": {"uv": [4.5, 3, 6.5, 4.5], "rotation": 270, "texture": "#7"},
				"up": {"uv": [4.5, 3, 6.5, 4.5], "rotation": 270, "texture": "#7"},
				"down": {"uv": [4.5, 3, 6.5, 4.5], "rotation": 270, "texture": "#7"}
			}
		},
		{
			"name": "hexadecagon",
			"from": [16.75, 3.70979, 14],
			"to": [18.25, 7.29021, 17],
			"rotation": {"angle": 45, "axis": "x", "origin": [25.75, 5.5, 8]},
			"faces": {
				"north": {"uv": [4.5, 3, 6.5, 4.5], "rotation": 270, "texture": "#7"},
				"east": {"uv": [4.5, 3, 6.5, 4.5], "rotation": 270, "texture": "#7"},
				"south": {"uv": [4.5, 3, 6.5, 4.5], "rotation": 270, "texture": "#7"},
				"west": {"uv": [4.5, 3, 6.5, 4.5], "rotation": 270, "texture": "#7"},
				"up": {"uv": [4.5, 3, 6.5, 4.5], "rotation": 270, "texture": "#7"},
				"down": {"uv": [4.5, 3, 6.5, 4.5], "rotation": 270, "texture": "#7"}
			}
		},
		{
			"name": "hexadecagon",
			"from": [16.75, -3.5, 6.20979],
			"to": [18.25, -0.5, 9.79021],
			"rotation": {"angle": -22.5, "axis": "x", "origin": [25.75, 5.5, 8]},
			"faces": {
				"north": {"uv": [4.5, 3, 6.5, 4.5], "rotation": 270, "texture": "#7"},
				"east": {"uv": [4.5, 3, 6.5, 4.5], "rotation": 270, "texture": "#7"},
				"south": {"uv": [4.5, 3, 6.5, 4.5], "rotation": 270, "texture": "#7"},
				"west": {"uv": [4.5, 3, 6.5, 4.5], "rotation": 270, "texture": "#7"},
				"up": {"uv": [4.5, 3, 6.5, 4.5], "rotation": 270, "texture": "#7"},
				"down": {"uv": [4.5, 3, 6.5, 4.5], "rotation": 270, "texture": "#7"}
			}
		},
		{
			"name": "hexadecagon",
			"from": [16.75, -3.5, 6.20979],
			"to": [18.25, -0.5, 9.79021],
			"rotation": {"angle": 0, "axis": "x", "origin": [25.75, 5.5, 8]},
			"faces": {
				"north": {"uv": [4.5, 3, 6.5, 4.5], "rotation": 270, "texture": "#7"},
				"east": {"uv": [4.5, 3, 6.5, 4.5], "rotation": 270, "texture": "#7"},
				"south": {"uv": [4.5, 3, 6.5, 4.5], "rotation": 270, "texture": "#7"},
				"west": {"uv": [4.5, 3, 6.5, 4.5], "rotation": 270, "texture": "#7"},
				"up": {"uv": [4.5, 3, 6.5, 4.5], "rotation": 270, "texture": "#7"},
				"down": {"uv": [4.5, 3, 6.5, 4.5], "rotation": 270, "texture": "#7"}
			}
		},
		{
			"name": "hexadecagon",
			"from": [16.75, -3.5, 6.20979],
			"to": [18.25, -0.5, 9.79021],
			"rotation": {"angle": 22.5, "axis": "x", "origin": [25.75, 5.5, 8]},
			"faces": {
				"north": {"uv": [4.5, 3, 6.5, 4.5], "rotation": 270, "texture": "#7"},
				"east": {"uv": [4.5, 3, 6.5, 4.5], "rotation": 270, "texture": "#7"},
				"south": {"uv": [4.5, 3, 6.5, 4.5], "rotation": 270, "texture": "#7"},
				"west": {"uv": [4.5, 3, 6.5, 4.5], "rotation": 270, "texture": "#7"},
				"up": {"uv": [4.5, 3, 6.5, 4.5], "rotation": 270, "texture": "#7"},
				"down": {"uv": [4.5, 3, 6.5, 4.5], "rotation": 270, "texture": "#7"}
			}
		},
		{
			"name": "hexadecagon",
			"from": [16.75, 11.5, 6.20979],
			"to": [18.25, 14.5, 9.79021],
			"rotation": {"angle": -22.5, "axis": "x", "origin": [25.75, 5.5, 8]},
			"faces": {
				"north": {"uv": [4.5, 3, 6.5, 4.5], "rotation": 270, "texture": "#7"},
				"east": {"uv": [4.5, 3, 6.5, 4.5], "rotation": 270, "texture": "#7"},
				"south": {"uv": [4.5, 3, 6.5, 4.5], "rotation": 270, "texture": "#7"},
				"west": {"uv": [4.5, 3, 6.5, 4.5], "rotation": 270, "texture": "#7"},
				"up": {"uv": [4.5, 3, 6.5, 4.5], "rotation": 270, "texture": "#7"},
				"down": {"uv": [4.5, 3, 6.5, 4.5], "rotation": 270, "texture": "#7"}
			}
		},
		{
			"name": "hexadecagon",
			"from": [16.75, 11.5, 6.20979],
			"to": [18.25, 14.5, 9.79021],
			"rotation": {"angle": 0, "axis": "x", "origin": [25.75, 5.5, 8]},
			"faces": {
				"north": {"uv": [4.5, 3, 6.5, 4.5], "rotation": 270, "texture": "#7"},
				"east": {"uv": [4.5, 3, 6.5, 4.5], "rotation": 270, "texture": "#7"},
				"south": {"uv": [4.5, 3, 6.5, 4.5], "rotation": 270, "texture": "#7"},
				"west": {"uv": [4.5, 3, 6.5, 4.5], "rotation": 270, "texture": "#7"},
				"up": {"uv": [4.5, 3, 6.5, 4.5], "rotation": 270, "texture": "#7"},
				"down": {"uv": [4.5, 3, 6.5, 4.5], "rotation": 270, "texture": "#7"}
			}
		},
		{
			"name": "hexadecagon",
			"from": [16.75, 11.5, 6.20979],
			"to": [18.25, 14.5, 9.79021],
			"rotation": {"angle": 22.5, "axis": "x", "origin": [25.75, 5.5, 8]},
			"faces": {
				"north": {"uv": [4.5, 3, 6.5, 4.5], "rotation": 270, "texture": "#7"},
				"east": {"uv": [4.5, 3, 6.5, 4.5], "rotation": 270, "texture": "#7"},
				"south": {"uv": [4.5, 3, 6.5, 4.5], "rotation": 270, "texture": "#7"},
				"west": {"uv": [4.5, 3, 6.5, 4.5], "rotation": 270, "texture": "#7"},
				"up": {"uv": [4.5, 3, 6.5, 4.5], "rotation": 270, "texture": "#7"},
				"down": {"uv": [4.5, 3, 6.5, 4.5], "rotation": 270, "texture": "#7"}
			}
		},
		{
			"name": "hexadecagon",
			"from": [-3.5, 3.70979, -1],
			"to": [-2, 7.29021, 2],
			"rotation": {"angle": -45, "axis": "x", "origin": [5.5, 5.5, 8]},
			"faces": {
				"north": {"uv": [4.5, 3, 6.5, 4.5], "rotation": 270, "texture": "#7"},
				"east": {"uv": [4.5, 3, 6.5, 4.5], "rotation": 270, "texture": "#7"},
				"south": {"uv": [4.5, 3, 6.5, 4.5], "rotation": 270, "texture": "#7"},
				"west": {"uv": [4.5, 3, 6.5, 4.5], "rotation": 270, "texture": "#7"},
				"up": {"uv": [4.5, 3, 6.5, 4.5], "rotation": 270, "texture": "#7"},
				"down": {"uv": [4.5, 3, 6.5, 4.5], "rotation": 270, "texture": "#7"}
			}
		},
		{
			"name": "hexadecagon",
			"from": [-3.5, 3.70979, -1],
			"to": [-2, 7.29021, 2],
			"rotation": {"angle": -22.5, "axis": "x", "origin": [5.5, 5.5, 8]},
			"faces": {
				"north": {"uv": [4.5, 3, 6.5, 4.5], "rotation": 270, "texture": "#7"},
				"east": {"uv": [4.5, 3, 6.5, 4.5], "rotation": 270, "texture": "#7"},
				"south": {"uv": [4.5, 3, 6.5, 4.5], "rotation": 270, "texture": "#7"},
				"west": {"uv": [4.5, 3, 6.5, 4.5], "rotation": 270, "texture": "#7"},
				"up": {"uv": [4.5, 3, 6.5, 4.5], "rotation": 270, "texture": "#7"},
				"down": {"uv": [4.5, 3, 6.5, 4.5], "rotation": 270, "texture": "#7"}
			}
		},
		{
			"name": "hexadecagon",
			"from": [-3.5, 3.70979, -1],
			"to": [-2, 7.29021, 2],
			"rotation": {"angle": 0, "axis": "x", "origin": [5.5, 5.5, 8]},
			"faces": {
				"north": {"uv": [4.5, 3, 6.5, 4.5], "rotation": 270, "texture": "#7"},
				"east": {"uv": [4.5, 3, 6.5, 4.5], "rotation": 270, "texture": "#7"},
				"south": {"uv": [4.5, 3, 6.5, 4.5], "rotation": 270, "texture": "#7"},
				"west": {"uv": [4.5, 3, 6.5, 4.5], "rotation": 270, "texture": "#7"},
				"up": {"uv": [4.5, 3, 6.5, 4.5], "rotation": 270, "texture": "#7"},
				"down": {"uv": [4.5, 3, 6.5, 4.5], "rotation": 270, "texture": "#7"}
			}
		},
		{
			"name": "hexadecagon",
			"from": [-3.5, 3.70979, -1],
			"to": [-2, 7.29021, 2],
			"rotation": {"angle": 22.5, "axis": "x", "origin": [5.5, 5.5, 8]},
			"faces": {
				"north": {"uv": [4.5, 3, 6.5, 4.5], "rotation": 270, "texture": "#7"},
				"east": {"uv": [4.5, 3, 6.5, 4.5], "rotation": 270, "texture": "#7"},
				"south": {"uv": [4.5, 3, 6.5, 4.5], "rotation": 270, "texture": "#7"},
				"west": {"uv": [4.5, 3, 6.5, 4.5], "rotation": 270, "texture": "#7"},
				"up": {"uv": [4.5, 3, 6.5, 4.5], "rotation": 270, "texture": "#7"},
				"down": {"uv": [4.5, 3, 6.5, 4.5], "rotation": 270, "texture": "#7"}
			}
		},
		{
			"name": "hexadecagon",
			"from": [-3.5, 3.70979, -1],
			"to": [-2, 7.29021, 2],
			"rotation": {"angle": 45, "axis": "x", "origin": [5.5, 5.5, 8]},
			"faces": {
				"north": {"uv": [4.5, 3, 6.5, 4.5], "rotation": 270, "texture": "#7"},
				"east": {"uv": [4.5, 3, 6.5, 4.5], "rotation": 270, "texture": "#7"},
				"south": {"uv": [4.5, 3, 6.5, 4.5], "rotation": 270, "texture": "#7"},
				"west": {"uv": [4.5, 3, 6.5, 4.5], "rotation": 270, "texture": "#7"},
				"up": {"uv": [4.5, 3, 6.5, 4.5], "rotation": 270, "texture": "#7"},
				"down": {"uv": [4.5, 3, 6.5, 4.5], "rotation": 270, "texture": "#7"}
			}
		},
		{
			"name": "hexadecagon",
			"from": [-3.5, 3.70979, 14],
			"to": [-2, 7.29021, 17],
			"rotation": {"angle": -45, "axis": "x", "origin": [5.5, 5.5, 8]},
			"faces": {
				"north": {"uv": [4.5, 3, 6.5, 4.5], "rotation": 270, "texture": "#7"},
				"east": {"uv": [4.5, 3, 6.5, 4.5], "rotation": 270, "texture": "#7"},
				"south": {"uv": [4.5, 3, 6.5, 4.5], "rotation": 270, "texture": "#7"},
				"west": {"uv": [4.5, 3, 6.5, 4.5], "rotation": 270, "texture": "#7"},
				"up": {"uv": [4.5, 3, 6.5, 4.5], "rotation": 270, "texture": "#7"},
				"down": {"uv": [4.5, 3, 6.5, 4.5], "rotation": 270, "texture": "#7"}
			}
		},
		{
			"name": "hexadecagon",
			"from": [-3.5, 3.70979, 14],
			"to": [-2, 7.29021, 17],
			"rotation": {"angle": -22.5, "axis": "x", "origin": [5.5, 5.5, 8]},
			"faces": {
				"north": {"uv": [4.5, 3, 6.5, 4.5], "rotation": 270, "texture": "#7"},
				"east": {"uv": [4.5, 3, 6.5, 4.5], "rotation": 270, "texture": "#7"},
				"south": {"uv": [4.5, 3, 6.5, 4.5], "rotation": 270, "texture": "#7"},
				"west": {"uv": [4.5, 3, 6.5, 4.5], "rotation": 270, "texture": "#7"},
				"up": {"uv": [4.5, 3, 6.5, 4.5], "rotation": 270, "texture": "#7"},
				"down": {"uv": [4.5, 3, 6.5, 4.5], "rotation": 270, "texture": "#7"}
			}
		},
		{
			"name": "hexadecagon",
			"from": [-3.5, 3.70979, 14],
			"to": [-2, 7.29021, 17],
			"rotation": {"angle": 0, "axis": "x", "origin": [5.5, 5.5, 8]},
			"faces": {
				"north": {"uv": [4.5, 3, 6.5, 4.5], "rotation": 270, "texture": "#7"},
				"east": {"uv": [4.5, 3, 6.5, 4.5], "rotation": 270, "texture": "#7"},
				"south": {"uv": [4.5, 3, 6.5, 4.5], "rotation": 270, "texture": "#7"},
				"west": {"uv": [4.5, 3, 6.5, 4.5], "rotation": 270, "texture": "#7"},
				"up": {"uv": [4.5, 3, 6.5, 4.5], "rotation": 270, "texture": "#7"},
				"down": {"uv": [4.5, 3, 6.5, 4.5], "rotation": 270, "texture": "#7"}
			}
		},
		{
			"name": "hexadecagon",
			"from": [-3.5, 3.70979, 14],
			"to": [-2, 7.29021, 17],
			"rotation": {"angle": 22.5, "axis": "x", "origin": [5.5, 5.5, 8]},
			"faces": {
				"north": {"uv": [4.5, 3, 6.5, 4.5], "rotation": 270, "texture": "#7"},
				"east": {"uv": [4.5, 3, 6.5, 4.5], "rotation": 270, "texture": "#7"},
				"south": {"uv": [4.5, 3, 6.5, 4.5], "rotation": 270, "texture": "#7"},
				"west": {"uv": [4.5, 3, 6.5, 4.5], "rotation": 270, "texture": "#7"},
				"up": {"uv": [4.5, 3, 6.5, 4.5], "rotation": 270, "texture": "#7"},
				"down": {"uv": [4.5, 3, 6.5, 4.5], "rotation": 270, "texture": "#7"}
			}
		},
		{
			"name": "hexadecagon",
			"from": [-3.5, 3.70979, 14],
			"to": [-2, 7.29021, 17],
			"rotation": {"angle": 45, "axis": "x", "origin": [5.5, 5.5, 8]},
			"faces": {
				"north": {"uv": [4.5, 3, 6.5, 4.5], "rotation": 270, "texture": "#7"},
				"east": {"uv": [4.5, 3, 6.5, 4.5], "rotation": 270, "texture": "#7"},
				"south": {"uv": [4.5, 3, 6.5, 4.5], "rotation": 270, "texture": "#7"},
				"west": {"uv": [4.5, 3, 6.5, 4.5], "rotation": 270, "texture": "#7"},
				"up": {"uv": [4.5, 3, 6.5, 4.5], "rotation": 270, "texture": "#7"},
				"down": {"uv": [4.5, 3, 6.5, 4.5], "rotation": 270, "texture": "#7"}
			}
		},
		{
			"name": "hexadecagon",
			"from": [-3.5, -3.5, 6.20979],
			"to": [-2, -0.5, 9.79021],
			"rotation": {"angle": -22.5, "axis": "x", "origin": [5.5, 5.5, 8]},
			"faces": {
				"north": {"uv": [4.5, 3, 6.5, 4.5], "rotation": 270, "texture": "#7"},
				"east": {"uv": [4.5, 3, 6.5, 4.5], "rotation": 270, "texture": "#7"},
				"south": {"uv": [4.5, 3, 6.5, 4.5], "rotation": 270, "texture": "#7"},
				"west": {"uv": [4.5, 3, 6.5, 4.5], "rotation": 270, "texture": "#7"},
				"up": {"uv": [4.5, 3, 6.5, 4.5], "rotation": 270, "texture": "#7"},
				"down": {"uv": [4.5, 3, 6.5, 4.5], "rotation": 270, "texture": "#7"}
			}
		},
		{
			"name": "hexadecagon",
			"from": [-3.5, -3.5, 6.20979],
			"to": [-2, -0.5, 9.79021],
			"rotation": {"angle": 0, "axis": "x", "origin": [5.5, 5.5, 8]},
			"faces": {
				"north": {"uv": [4.5, 3, 6.5, 4.5], "rotation": 270, "texture": "#7"},
				"east": {"uv": [4.5, 3, 6.5, 4.5], "rotation": 270, "texture": "#7"},
				"south": {"uv": [4.5, 3, 6.5, 4.5], "rotation": 270, "texture": "#7"},
				"west": {"uv": [4.5, 3, 6.5, 4.5], "rotation": 270, "texture": "#7"},
				"up": {"uv": [4.5, 3, 6.5, 4.5], "rotation": 270, "texture": "#7"},
				"down": {"uv": [4.5, 3, 6.5, 4.5], "rotation": 270, "texture": "#7"}
			}
		},
		{
			"name": "hexadecagon",
			"from": [-3.5, -3.5, 6.20979],
			"to": [-2, -0.5, 9.79021],
			"rotation": {"angle": 22.5, "axis": "x", "origin": [5.5, 5.5, 8]},
			"faces": {
				"north": {"uv": [4.5, 3, 6.5, 4.5], "rotation": 270, "texture": "#7"},
				"east": {"uv": [4.5, 3, 6.5, 4.5], "rotation": 270, "texture": "#7"},
				"south": {"uv": [4.5, 3, 6.5, 4.5], "rotation": 270, "texture": "#7"},
				"west": {"uv": [4.5, 3, 6.5, 4.5], "rotation": 270, "texture": "#7"},
				"up": {"uv": [4.5, 3, 6.5, 4.5], "rotation": 270, "texture": "#7"},
				"down": {"uv": [4.5, 3, 6.5, 4.5], "rotation": 270, "texture": "#7"}
			}
		},
		{
			"name": "hexadecagon",
			"from": [-3.5, 11.5, 6.20979],
			"to": [-2, 14.5, 9.79021],
			"rotation": {"angle": -22.5, "axis": "x", "origin": [5.5, 5.5, 8]},
			"faces": {
				"north": {"uv": [4.5, 3, 6.5, 4.5], "rotation": 270, "texture": "#7"},
				"east": {"uv": [4.5, 3, 6.5, 4.5], "rotation": 270, "texture": "#7"},
				"south": {"uv": [4.5, 3, 6.5, 4.5], "rotation": 270, "texture": "#7"},
				"west": {"uv": [4.5, 3, 6.5, 4.5], "rotation": 270, "texture": "#7"},
				"up": {"uv": [4.5, 3, 6.5, 4.5], "rotation": 270, "texture": "#7"},
				"down": {"uv": [4.5, 3, 6.5, 4.5], "rotation": 270, "texture": "#7"}
			}
		},
		{
			"name": "hexadecagon",
			"from": [-3.5, 11.5, 6.20979],
			"to": [-2, 14.5, 9.79021],
			"rotation": {"angle": 0, "axis": "x", "origin": [5.5, 5.5, 8]},
			"faces": {
				"north": {"uv": [4.5, 3, 6.5, 4.5], "rotation": 270, "texture": "#7"},
				"east": {"uv": [4.5, 3, 6.5, 4.5], "rotation": 270, "texture": "#7"},
				"south": {"uv": [4.5, 3, 6.5, 4.5], "rotation": 270, "texture": "#7"},
				"west": {"uv": [4.5, 3, 6.5, 4.5], "rotation": 270, "texture": "#7"},
				"up": {"uv": [4.5, 3, 6.5, 4.5], "rotation": 270, "texture": "#7"},
				"down": {"uv": [4.5, 3, 6.5, 4.5], "rotation": 270, "texture": "#7"}
			}
		},
		{
			"name": "hexadecagon",
			"from": [-3.5, 11.5, 6.20979],
			"to": [-2, 14.5, 9.79021],
			"rotation": {"angle": 22.5, "axis": "x", "origin": [5.5, 5.5, 8]},
			"faces": {
				"north": {"uv": [4.5, 3, 6.5, 4.5], "rotation": 270, "texture": "#7"},
				"east": {"uv": [4.5, 3, 6.5, 4.5], "rotation": 270, "texture": "#7"},
				"south": {"uv": [4.5, 3, 6.5, 4.5], "rotation": 270, "texture": "#7"},
				"west": {"uv": [4.5, 3, 6.5, 4.5], "rotation": 270, "texture": "#7"},
				"up": {"uv": [4.5, 3, 6.5, 4.5], "rotation": 270, "texture": "#7"},
				"down": {"uv": [4.5, 3, 6.5, 4.5], "rotation": 270, "texture": "#7"}
			}
		},
		{
			"name": "hexadecagon",
			"from": [17.25, 3.70979, -1],
			"to": [18.25, 9.29021, 1],
			"rotation": {"angle": 22.5, "axis": "x", "origin": [26.75, 7.5, 8]},
			"faces": {
				"north": {"uv": [0, 0, 1, 1], "texture": "#8"},
				"east": {"uv": [0, 0, 1, 1], "texture": "#8"},
				"south": {"uv": [0, 0, 1, 1], "texture": "#8"},
				"west": {"uv": [0, 0, 1, 1], "texture": "#8"},
				"up": {"uv": [0, 0, 1, 1], "texture": "#8"},
				"down": {"uv": [0, 0, 1, 1], "texture": "#8"}
			}
		},
		{
			"name": "hexadecagon",
			"from": [17.25, 5.70979, -1],
			"to": [18.25, 9.29021, 1],
			"rotation": {"angle": 45, "axis": "x", "origin": [26.75, 7.5, 8]},
			"faces": {
				"north": {"uv": [0, 0, 1, 1], "texture": "#8"},
				"east": {"uv": [0, 0, 1, 1], "texture": "#8"},
				"south": {"uv": [0, 0, 1, 1], "texture": "#8"},
				"west": {"uv": [0, 0, 1, 1], "texture": "#8"},
				"up": {"uv": [0, 0, 1, 1], "texture": "#8"},
				"down": {"uv": [0, 0, 1, 1], "texture": "#8"}
			}
		},
		{
			"name": "hexadecagon",
			"from": [17.25, 5.70979, 15],
			"to": [18.25, 9.29021, 17],
			"rotation": {"angle": -45, "axis": "x", "origin": [26.75, 7.5, 8]},
			"faces": {
				"north": {"uv": [0, 0, 1, 1], "texture": "#8"},
				"east": {"uv": [0, 0, 1, 1], "texture": "#8"},
				"south": {"uv": [0, 0, 1, 1], "texture": "#8"},
				"west": {"uv": [0, 0, 1, 1], "texture": "#8"},
				"up": {"uv": [0, 0, 1, 1], "texture": "#8"},
				"down": {"uv": [0, 0, 1, 1], "texture": "#8"}
			}
		},
		{
			"name": "hexadecagon",
			"from": [17.25, 3.70979, 15],
			"to": [18.25, 9.29021, 17],
			"rotation": {"angle": -22.5, "axis": "x", "origin": [26.75, 7.5, 8]},
			"faces": {
				"north": {"uv": [0, 0, 1, 1], "texture": "#8"},
				"east": {"uv": [0, 0, 1, 1], "texture": "#8"},
				"south": {"uv": [0, 0, 1, 1], "texture": "#8"},
				"west": {"uv": [0, 0, 1, 1], "texture": "#8"},
				"up": {"uv": [0, 0, 1, 1], "texture": "#8"},
				"down": {"uv": [0, 0, 1, 1], "texture": "#8"}
			}
		},
		{
			"name": "hexadecagon",
			"from": [17.25, 14.5, 6.20979],
			"to": [18.25, 16.5, 9.79021],
			"rotation": {"angle": -22.5, "axis": "x", "origin": [26.75, 7.5, 8]},
			"faces": {
				"north": {"uv": [0, 0, 1, 1], "texture": "#8"},
				"east": {"uv": [0, 0, 1, 1], "texture": "#8"},
				"south": {"uv": [0, 0, 1, 1], "texture": "#8"},
				"west": {"uv": [0, 0, 1, 1], "texture": "#8"},
				"up": {"uv": [0, 0, 1, 1], "texture": "#8"},
				"down": {"uv": [0, 0, 1, 1], "texture": "#8"}
			}
		},
		{
			"name": "hexadecagon",
			"from": [17.25, 14.5, 6.20979],
			"to": [18.25, 16.5, 9.79021],
			"rotation": {"angle": 0, "axis": "x", "origin": [26.75, 7.5, 8]},
			"faces": {
				"north": {"uv": [0, 0, 1, 1], "texture": "#8"},
				"east": {"uv": [0, 0, 1, 1], "texture": "#8"},
				"south": {"uv": [0, 0, 1, 1], "texture": "#8"},
				"west": {"uv": [0, 0, 1, 1], "texture": "#8"},
				"up": {"uv": [0, 0, 1, 1], "texture": "#8"},
				"down": {"uv": [0, 0, 1, 1], "texture": "#8"}
			}
		},
		{
			"name": "hexadecagon",
			"from": [17.25, 14.5, 6.20979],
			"to": [18.25, 16.5, 9.79021],
			"rotation": {"angle": 22.5, "axis": "x", "origin": [26.75, 7.5, 8]},
			"faces": {
				"north": {"uv": [0, 0, 1, 1], "texture": "#8"},
				"east": {"uv": [0, 0, 1, 1], "texture": "#8"},
				"south": {"uv": [0, 0, 1, 1], "texture": "#8"},
				"west": {"uv": [0, 0, 1, 1], "texture": "#8"},
				"up": {"uv": [0, 0, 1, 1], "texture": "#8"},
				"down": {"uv": [0, 0, 1, 1], "texture": "#8"}
			}
		},
		{
			"name": "hexadecagon",
			"from": [-3.5, 3.70979, -1],
			"to": [-2.5, 9.29021, 1],
			"rotation": {"angle": 22.5, "axis": "x", "origin": [6, 7.5, 8]},
			"faces": {
				"north": {"uv": [0, 0, 1, 1], "texture": "#8"},
				"east": {"uv": [0, 0, 1, 1], "texture": "#8"},
				"south": {"uv": [0, 0, 1, 1], "texture": "#8"},
				"west": {"uv": [0, 0, 1, 1], "texture": "#8"},
				"up": {"uv": [0, 0, 1, 1], "texture": "#8"},
				"down": {"uv": [0, 0, 1, 1], "texture": "#8"}
			}
		},
		{
			"name": "hexadecagon",
			"from": [-3.5, 5.70979, -1],
			"to": [-2.5, 9.29021, 1],
			"rotation": {"angle": 45, "axis": "x", "origin": [6, 7.5, 8]},
			"faces": {
				"north": {"uv": [0, 0, 1, 1], "texture": "#8"},
				"east": {"uv": [0, 0, 1, 1], "texture": "#8"},
				"south": {"uv": [0, 0, 1, 1], "texture": "#8"},
				"west": {"uv": [0, 0, 1, 1], "texture": "#8"},
				"up": {"uv": [0, 0, 1, 1], "texture": "#8"},
				"down": {"uv": [0, 0, 1, 1], "texture": "#8"}
			}
		},
		{
			"name": "hexadecagon",
			"from": [-3.5, 5.70979, 15],
			"to": [-2.5, 9.29021, 17],
			"rotation": {"angle": -45, "axis": "x", "origin": [6, 7.5, 8]},
			"faces": {
				"north": {"uv": [0, 0, 1, 1], "texture": "#8"},
				"east": {"uv": [0, 0, 1, 1], "texture": "#8"},
				"south": {"uv": [0, 0, 1, 1], "texture": "#8"},
				"west": {"uv": [0, 0, 1, 1], "texture": "#8"},
				"up": {"uv": [0, 0, 1, 1], "texture": "#8"},
				"down": {"uv": [0, 0, 1, 1], "texture": "#8"}
			}
		},
		{
			"name": "hexadecagon",
			"from": [-3.5, 3.70979, 15],
			"to": [-2.5, 9.29021, 17],
			"rotation": {"angle": -22.5, "axis": "x", "origin": [6, 7.5, 8]},
			"faces": {
				"north": {"uv": [0, 0, 1, 1], "texture": "#8"},
				"east": {"uv": [0, 0, 1, 1], "texture": "#8"},
				"south": {"uv": [0, 0, 1, 1], "texture": "#8"},
				"west": {"uv": [0, 0, 1, 1], "texture": "#8"},
				"up": {"uv": [0, 0, 1, 1], "texture": "#8"},
				"down": {"uv": [0, 0, 1, 1], "texture": "#8"}
			}
		},
		{
			"name": "hexadecagon",
			"from": [-3.5, 14.5, 6.20979],
			"to": [-2.5, 16.5, 9.79021],
			"rotation": {"angle": -22.5, "axis": "x", "origin": [6, 7.5, 8]},
			"faces": {
				"north": {"uv": [0, 0, 1, 1], "texture": "#8"},
				"east": {"uv": [0, 0, 1, 1], "texture": "#8"},
				"south": {"uv": [0, 0, 1, 1], "texture": "#8"},
				"west": {"uv": [0, 0, 1, 1], "texture": "#8"},
				"up": {"uv": [0, 0, 1, 1], "texture": "#8"},
				"down": {"uv": [0, 0, 1, 1], "texture": "#8"}
			}
		},
		{
			"name": "hexadecagon",
			"from": [-3.5, 14.5, 6.20979],
			"to": [-2.5, 16.5, 9.79021],
			"rotation": {"angle": 0, "axis": "x", "origin": [6, 7.5, 8]},
			"faces": {
				"north": {"uv": [0, 0, 1, 1], "texture": "#8"},
				"east": {"uv": [0, 0, 1, 1], "texture": "#8"},
				"south": {"uv": [0, 0, 1, 1], "texture": "#8"},
				"west": {"uv": [0, 0, 1, 1], "texture": "#8"},
				"up": {"uv": [0, 0, 1, 1], "texture": "#8"},
				"down": {"uv": [0, 0, 1, 1], "texture": "#8"}
			}
		},
		{
			"name": "hexadecagon",
			"from": [-3.5, 14.5, 6.20979],
			"to": [-2.5, 16.5, 9.79021],
			"rotation": {"angle": 22.5, "axis": "x", "origin": [6, 7.5, 8]},
			"faces": {
				"north": {"uv": [0, 0, 1, 1], "texture": "#8"},
				"east": {"uv": [0, 0, 1, 1], "texture": "#8"},
				"south": {"uv": [0, 0, 1, 1], "texture": "#8"},
				"west": {"uv": [0, 0, 1, 1], "texture": "#8"},
				"up": {"uv": [0, 0, 1, 1], "texture": "#8"},
				"down": {"uv": [0, 0, 1, 1], "texture": "#8"}
			}
		},
		{
			"name": "hexadecagon",
			"from": [-2.5, 9.40054, -1.5],
			"to": [17.25, 9.59946, -0.5],
			"rotation": {"angle": -45, "axis": "x", "origin": [11, 9.5, -1]},
			"faces": {
				"north": {"uv": [0, 0, 1, 1], "texture": "#6"},
				"east": {"uv": [0, 0, 1, 1], "texture": "#6"},
				"south": {"uv": [0, 0, 1, 1], "texture": "#6"},
				"west": {"uv": [0, 0, 1, 1], "texture": "#6"},
				"up": {"uv": [0, 0, 1, 1], "texture": "#6"},
				"down": {"uv": [0, 0, 1, 1], "texture": "#6"}
			}
		},
		{
			"name": "hexadecagon",
			"from": [-2.5, 9.40054, -1.5],
			"to": [17.25, 9.59946, -0.5],
			"rotation": {"angle": -22.5, "axis": "x", "origin": [11, 9.5, -1]},
			"faces": {
				"north": {"uv": [0, 0, 1, 1], "texture": "#6"},
				"east": {"uv": [0, 0, 1, 1], "texture": "#6"},
				"south": {"uv": [0, 0, 1, 1], "texture": "#6"},
				"west": {"uv": [0, 0, 1, 1], "texture": "#6"},
				"up": {"uv": [0, 0, 1, 1], "texture": "#6"},
				"down": {"uv": [0, 0, 1, 1], "texture": "#6"}
			}
		},
		{
			"name": "hexadecagon",
			"from": [-2.5, 9.40054, -1.5],
			"to": [17.25, 9.59946, -0.5],
			"rotation": {"angle": 0, "axis": "x", "origin": [11, 9.5, -1]},
			"faces": {
				"north": {"uv": [0, 0, 1, 1], "texture": "#6"},
				"east": {"uv": [0, 0, 1, 1], "texture": "#6"},
				"south": {"uv": [0, 0, 1, 1], "texture": "#6"},
				"west": {"uv": [0, 0, 1, 1], "texture": "#6"},
				"up": {"uv": [0, 0, 1, 1], "texture": "#6"},
				"down": {"uv": [0, 0, 1, 1], "texture": "#6"}
			}
		},
		{
			"name": "hexadecagon",
			"from": [-2.5, 9.40054, -1.5],
			"to": [17.25, 9.59946, -0.5],
			"rotation": {"angle": 22.5, "axis": "x", "origin": [11, 9.5, -1]},
			"faces": {
				"north": {"uv": [0, 0, 1, 1], "texture": "#6"},
				"east": {"uv": [0, 0, 1, 1], "texture": "#6"},
				"south": {"uv": [0, 0, 1, 1], "texture": "#6"},
				"west": {"uv": [0, 0, 1, 1], "texture": "#6"},
				"up": {"uv": [0, 0, 1, 1], "texture": "#6"},
				"down": {"uv": [0, 0, 1, 1], "texture": "#6"}
			}
		},
		{
			"name": "hexadecagon",
			"from": [-2.5, 9.40054, -1.5],
			"to": [17.25, 9.59946, -0.5],
			"rotation": {"angle": 45, "axis": "x", "origin": [11, 9.5, -1]},
			"faces": {
				"north": {"uv": [0, 0, 1, 1], "texture": "#6"},
				"east": {"uv": [0, 0, 1, 1], "texture": "#6"},
				"south": {"uv": [0, 0, 1, 1], "texture": "#6"},
				"west": {"uv": [0, 0, 1, 1], "texture": "#6"},
				"up": {"uv": [0, 0, 1, 1], "texture": "#6"},
				"down": {"uv": [0, 0, 1, 1], "texture": "#6"}
			}
		},
		{
			"name": "hexadecagon",
			"from": [-2.5, 9, -1.09946],
			"to": [17.25, 10, -0.90054],
			"rotation": {"angle": -22.5, "axis": "x", "origin": [11, 9.5, -1]},
			"faces": {
				"north": {"uv": [0, 0, 1, 1], "texture": "#6"},
				"east": {"uv": [0, 0, 1, 1], "texture": "#6"},
				"south": {"uv": [0, 0, 1, 1], "texture": "#6"},
				"west": {"uv": [0, 0, 1, 1], "texture": "#6"},
				"up": {"uv": [0, 0, 1, 1], "texture": "#6"},
				"down": {"uv": [0, 0, 1, 1], "texture": "#6"}
			}
		},
		{
			"name": "hexadecagon",
			"from": [-2.5, 9, -1.09946],
			"to": [17.25, 10, -0.90054],
			"rotation": {"angle": 0, "axis": "x", "origin": [11, 9.5, -1]},
			"faces": {
				"north": {"uv": [0, 0, 1, 1], "texture": "#6"},
				"east": {"uv": [0, 0, 1, 1], "texture": "#6"},
				"south": {"uv": [0, 0, 1, 1], "texture": "#6"},
				"west": {"uv": [0, 0, 1, 1], "texture": "#6"},
				"up": {"uv": [0, 0, 1, 1], "texture": "#6"},
				"down": {"uv": [0, 0, 1, 1], "texture": "#6"}
			}
		},
		{
			"name": "hexadecagon",
			"from": [-2.5, 9, -1.09946],
			"to": [17.25, 10, -0.90054],
			"rotation": {"angle": 22.5, "axis": "x", "origin": [11, 9.5, -1]},
			"faces": {
				"north": {"uv": [0, 0, 1, 1], "texture": "#6"},
				"east": {"uv": [0, 0, 1, 1], "texture": "#6"},
				"south": {"uv": [0, 0, 1, 1], "texture": "#6"},
				"west": {"uv": [0, 0, 1, 1], "texture": "#6"},
				"up": {"uv": [0, 0, 1, 1], "texture": "#6"},
				"down": {"uv": [0, 0, 1, 1], "texture": "#6"}
			}
		},
		{
			"name": "hexadecagon",
			"from": [-2.5, 9.40054, 16.5],
			"to": [17.25, 9.59946, 17.5],
			"rotation": {"angle": -45, "axis": "x", "origin": [11, 9.5, 17]},
			"faces": {
				"north": {"uv": [0, 0, 1, 1], "texture": "#6"},
				"east": {"uv": [0, 0, 1, 1], "texture": "#6"},
				"south": {"uv": [0, 0, 1, 1], "texture": "#6"},
				"west": {"uv": [0, 0, 1, 1], "texture": "#6"},
				"up": {"uv": [0, 0, 1, 1], "texture": "#6"},
				"down": {"uv": [0, 0, 1, 1], "texture": "#6"}
			}
		},
		{
			"name": "hexadecagon",
			"from": [-2.5, 9.40054, 16.5],
			"to": [17.25, 9.59946, 17.5],
			"rotation": {"angle": -22.5, "axis": "x", "origin": [11, 9.5, 17]},
			"faces": {
				"north": {"uv": [0, 0, 1, 1], "texture": "#6"},
				"east": {"uv": [0, 0, 1, 1], "texture": "#6"},
				"south": {"uv": [0, 0, 1, 1], "texture": "#6"},
				"west": {"uv": [0, 0, 1, 1], "texture": "#6"},
				"up": {"uv": [0, 0, 1, 1], "texture": "#6"},
				"down": {"uv": [0, 0, 1, 1], "texture": "#6"}
			}
		},
		{
			"name": "hexadecagon",
			"from": [-2.5, 9.40054, 16.5],
			"to": [17.25, 9.59946, 17.5],
			"rotation": {"angle": 0, "axis": "x", "origin": [11, 9.5, 17]},
			"faces": {
				"north": {"uv": [0, 0, 1, 1], "texture": "#6"},
				"east": {"uv": [0, 0, 1, 1], "texture": "#6"},
				"south": {"uv": [0, 0, 1, 1], "texture": "#6"},
				"west": {"uv": [0, 0, 1, 1], "texture": "#6"},
				"up": {"uv": [0, 0, 1, 1], "texture": "#6"},
				"down": {"uv": [0, 0, 1, 1], "texture": "#6"}
			}
		},
		{
			"name": "hexadecagon",
			"from": [-2.5, 9.40054, 16.5],
			"to": [17.25, 9.59946, 17.5],
			"rotation": {"angle": 22.5, "axis": "x", "origin": [11, 9.5, 17]},
			"faces": {
				"north": {"uv": [0, 0, 1, 1], "texture": "#6"},
				"east": {"uv": [0, 0, 1, 1], "texture": "#6"},
				"south": {"uv": [0, 0, 1, 1], "texture": "#6"},
				"west": {"uv": [0, 0, 1, 1], "texture": "#6"},
				"up": {"uv": [0, 0, 1, 1], "texture": "#6"},
				"down": {"uv": [0, 0, 1, 1], "texture": "#6"}
			}
		},
		{
			"name": "hexadecagon",
			"from": [-2.5, 9.40054, 16.5],
			"to": [17.25, 9.59946, 17.5],
			"rotation": {"angle": 45, "axis": "x", "origin": [11, 9.5, 17]},
			"faces": {
				"north": {"uv": [0, 0, 1, 1], "texture": "#6"},
				"east": {"uv": [0, 0, 1, 1], "texture": "#6"},
				"south": {"uv": [0, 0, 1, 1], "texture": "#6"},
				"west": {"uv": [0, 0, 1, 1], "texture": "#6"},
				"up": {"uv": [0, 0, 1, 1], "texture": "#6"},
				"down": {"uv": [0, 0, 1, 1], "texture": "#6"}
			}
		},
		{
			"name": "hexadecagon",
			"from": [-2.5, 9, 16.90054],
			"to": [17.25, 10, 17.09946],
			"rotation": {"angle": -22.5, "axis": "x", "origin": [11, 9.5, 17]},
			"faces": {
				"north": {"uv": [0, 0, 1, 1], "texture": "#6"},
				"east": {"uv": [0, 0, 1, 1], "texture": "#6"},
				"south": {"uv": [0, 0, 1, 1], "texture": "#6"},
				"west": {"uv": [0, 0, 1, 1], "texture": "#6"},
				"up": {"uv": [0, 0, 1, 1], "texture": "#6"},
				"down": {"uv": [0, 0, 1, 1], "texture": "#6"}
			}
		},
		{
			"name": "hexadecagon",
			"from": [-2.5, 9, 16.90054],
			"to": [17.25, 10, 17.09946],
			"rotation": {"angle": 0, "axis": "x", "origin": [11, 9.5, 17]},
			"faces": {
				"north": {"uv": [0, 0, 1, 1], "texture": "#6"},
				"east": {"uv": [0, 0, 1, 1], "texture": "#6"},
				"south": {"uv": [0, 0, 1, 1], "texture": "#6"},
				"west": {"uv": [0, 0, 1, 1], "texture": "#6"},
				"up": {"uv": [0, 0, 1, 1], "texture": "#6"},
				"down": {"uv": [0, 0, 1, 1], "texture": "#6"}
			}
		},
		{
			"name": "hexadecagon",
			"from": [-2.5, 9, 16.90054],
			"to": [17.25, 10, 17.09946],
			"rotation": {"angle": 22.5, "axis": "x", "origin": [11, 9.5, 17]},
			"faces": {
				"north": {"uv": [0, 0, 1, 1], "texture": "#6"},
				"east": {"uv": [0, 0, 1, 1], "texture": "#6"},
				"south": {"uv": [0, 0, 1, 1], "texture": "#6"},
				"west": {"uv": [0, 0, 1, 1], "texture": "#6"},
				"up": {"uv": [0, 0, 1, 1], "texture": "#6"},
				"down": {"uv": [0, 0, 1, 1], "texture": "#6"}
			}
		},
		{
			"from": [-0.75, 14.5, 3.25],
			"to": [6, 15.5, 3.75],
			"rotation": {"angle": -22.5, "axis": "x", "origin": [5, 14.5, 3.25]},
			"faces": {
				"north": {"uv": [1.25, 1.25, 14.75, 3], "texture": "#6"},
				"east": {"uv": [1.25, 1.25, 14.75, 3], "texture": "#6"},
				"south": {"uv": [1.25, 1.25, 14.75, 3], "texture": "#6"},
				"west": {"uv": [1.25, 1.25, 14.75, 3], "texture": "#6"},
				"up": {"uv": [1.25, 1.25, 14.75, 3], "texture": "#6"},
				"down": {"uv": [1.25, 1.25, 14.75, 3], "texture": "#6"}
			}
		},
		{
			"from": [11.25, 14.5, 3.25],
			"to": [15.5, 15.5, 3.75],
			"rotation": {"angle": -22.5, "axis": "x", "origin": [17, 14.5, 3.25]},
			"faces": {
				"north": {"uv": [1.25, 1.25, 14.75, 3], "texture": "#6"},
				"east": {"uv": [1.25, 1.25, 14.75, 3], "texture": "#6"},
				"south": {"uv": [1.25, 1.25, 14.75, 3], "texture": "#6"},
				"west": {"uv": [1.25, 1.25, 14.75, 3], "texture": "#6"},
				"up": {"uv": [1.25, 1.25, 14.75, 3], "texture": "#6"},
				"down": {"uv": [1.25, 1.25, 14.75, 3], "texture": "#6"}
			}
		},
		{
			"from": [15, 14.5, 3.75],
			"to": [15.5, 15.5, 4.75],
			"rotation": {"angle": -22.5, "axis": "x", "origin": [17, 14.5, 3.25]},
			"faces": {
				"north": {"uv": [1.25, 1.25, 14.75, 3], "texture": "#6"},
				"east": {"uv": [1.25, 1.25, 14.75, 3], "texture": "#6"},
				"south": {"uv": [1.25, 1.25, 14.75, 3], "texture": "#6"},
				"west": {"uv": [1.25, 1.25, 14.75, 3], "texture": "#6"},
				"up": {"uv": [1.25, 1.25, 14.75, 3], "texture": "#6"},
				"down": {"uv": [1.25, 1.25, 14.75, 3], "texture": "#6"}
			}
		},
		{
			"from": [16.75, 15, 4.5],
			"to": [17, 16, 5.75],
			"rotation": {"angle": -22.5, "axis": "x", "origin": [18.75, 15, 4.25]},
			"faces": {
				"north": {"uv": [1.25, 1.25, 14.75, 3], "texture": "#6"},
				"east": {"uv": [1.25, 1.25, 14.75, 3], "texture": "#6"},
				"south": {"uv": [1.25, 1.25, 14.75, 3], "texture": "#6"},
				"west": {"uv": [1.25, 1.25, 14.75, 3], "texture": "#6"},
				"up": {"uv": [1.25, 1.25, 14.75, 3], "texture": "#6"},
				"down": {"uv": [1.25, 1.25, 14.75, 3], "texture": "#6"}
			}
		},
		{
			"from": [16.75, 15.5, 10.25],
			"to": [17, 16.5, 11.5],
			"rotation": {"angle": 22.5, "axis": "x", "origin": [18.75, 15, 10.25]},
			"faces": {
				"north": {"uv": [1.25, 1.25, 14.75, 3], "texture": "#6"},
				"east": {"uv": [1.25, 1.25, 14.75, 3], "texture": "#6"},
				"south": {"uv": [1.25, 1.25, 14.75, 3], "texture": "#6"},
				"west": {"uv": [1.25, 1.25, 14.75, 3], "texture": "#6"},
				"up": {"uv": [1.25, 1.25, 14.75, 3], "texture": "#6"},
				"down": {"uv": [1.25, 1.25, 14.75, 3], "texture": "#6"}
			}
		},
		{
			"from": [14.25, 15.5, 11],
			"to": [14.5, 16.5, 13.5],
			"rotation": {"angle": 22.5, "axis": "x", "origin": [18.75, 15, 10.25]},
			"faces": {
				"north": {"uv": [1.25, 1.25, 14.75, 3], "texture": "#6"},
				"east": {"uv": [1.25, 1.25, 14.75, 3], "texture": "#6"},
				"south": {"uv": [1.25, 1.25, 14.75, 3], "texture": "#6"},
				"west": {"uv": [1.25, 1.25, 14.75, 3], "texture": "#6"},
				"up": {"uv": [1.25, 1.25, 14.75, 3], "texture": "#6"},
				"down": {"uv": [1.25, 1.25, 14.75, 3], "texture": "#6"}
			}
		},
		{
			"from": [9, 15.5, 12.25],
			"to": [14.25, 16.5, 12.5],
			"rotation": {"angle": 22.5, "axis": "x", "origin": [18.75, 15, 10.25]},
			"faces": {
				"north": {"uv": [1.25, 1.25, 14.75, 3], "texture": "#6"},
				"east": {"uv": [1.25, 1.25, 14.75, 3], "texture": "#6"},
				"south": {"uv": [1.25, 1.25, 14.75, 3], "texture": "#6"},
				"west": {"uv": [1.25, 1.25, 14.75, 3], "texture": "#6"},
				"up": {"uv": [1.25, 1.25, 14.75, 3], "texture": "#6"},
				"down": {"uv": [1.25, 1.25, 14.75, 3], "texture": "#6"}
			}
		},
		{
			"from": [9, 15.5, 10.5],
			"to": [9.25, 16.5, 12.25],
			"rotation": {"angle": 22.5, "axis": "x", "origin": [18.75, 15, 10.25]},
			"faces": {
				"north": {"uv": [1.25, 1.25, 14.75, 3], "texture": "#6"},
				"east": {"uv": [1.25, 1.25, 14.75, 3], "texture": "#6"},
				"south": {"uv": [1.25, 1.25, 14.75, 3], "texture": "#6"},
				"west": {"uv": [1.25, 1.25, 14.75, 3], "texture": "#6"},
				"up": {"uv": [1.25, 1.25, 14.75, 3], "texture": "#6"},
				"down": {"uv": [1.25, 1.25, 14.75, 3], "texture": "#6"}
			}
		},
		{
			"from": [7.25, 15.5, 10.5],
			"to": [9, 16.5, 10.75],
			"rotation": {"angle": 22.5, "axis": "x", "origin": [18.75, 15, 10.25]},
			"faces": {
				"north": {"uv": [1.25, 1.25, 14.75, 3], "texture": "#6"},
				"east": {"uv": [1.25, 1.25, 14.75, 3], "texture": "#6"},
				"south": {"uv": [1.25, 1.25, 14.75, 3], "texture": "#6"},
				"west": {"uv": [1.25, 1.25, 14.75, 3], "texture": "#6"},
				"up": {"uv": [1.25, 1.25, 14.75, 3], "texture": "#6"},
				"down": {"uv": [1.25, 1.25, 14.75, 3], "texture": "#6"}
			}
		},
		{
			"from": [7.25, 15.5, 10.75],
			"to": [7.5, 16.5, 13.5],
			"rotation": {"angle": 22.5, "axis": "x", "origin": [18.75, 15, 10.25]},
			"faces": {
				"north": {"uv": [1.25, 1.25, 14.75, 3], "texture": "#6"},
				"east": {"uv": [1.25, 1.25, 14.75, 3], "texture": "#6"},
				"south": {"uv": [1.25, 1.25, 14.75, 3], "texture": "#6"},
				"west": {"uv": [1.25, 1.25, 14.75, 3], "texture": "#6"},
				"up": {"uv": [1.25, 1.25, 14.75, 3], "texture": "#6"},
				"down": {"uv": [1.25, 1.25, 14.75, 3], "texture": "#6"}
			}
		},
		{
			"from": [1, 15.5, 11.75],
			"to": [3.25, 16.5, 12],
			"rotation": {"angle": 22.5, "axis": "x", "origin": [18.75, 15, 10.25]},
			"faces": {
				"north": {"uv": [1.25, 1.25, 14.75, 3], "texture": "#6"},
				"east": {"uv": [1.25, 1.25, 14.75, 3], "texture": "#6"},
				"south": {"uv": [1.25, 1.25, 14.75, 3], "texture": "#6"},
				"west": {"uv": [1.25, 1.25, 14.75, 3], "texture": "#6"},
				"up": {"uv": [1.25, 1.25, 14.75, 3], "texture": "#6"},
				"down": {"uv": [1.25, 1.25, 14.75, 3], "texture": "#6"}
			}
		},
		{
			"from": [1, 15.5, 12],
			"to": [1.25, 16.5, 13.5],
			"rotation": {"angle": 22.5, "axis": "x", "origin": [18.75, 15, 10.25]},
			"faces": {
				"north": {"uv": [1.25, 1.25, 14.75, 3], "texture": "#6"},
				"east": {"uv": [1.25, 1.25, 14.75, 3], "texture": "#6"},
				"south": {"uv": [1.25, 1.25, 14.75, 3], "texture": "#6"},
				"west": {"uv": [1.25, 1.25, 14.75, 3], "texture": "#6"},
				"up": {"uv": [1.25, 1.25, 14.75, 3], "texture": "#6"},
				"down": {"uv": [1.25, 1.25, 14.75, 3], "texture": "#6"}
			}
		},
		{
			"from": [-2.5, 15.5, 12.75],
			"to": [1, 16.5, 13],
			"rotation": {"angle": 22.5, "axis": "x", "origin": [18.75, 15, 10.25]},
			"faces": {
				"north": {"uv": [1.25, 1.25, 14.75, 3], "texture": "#6"},
				"east": {"uv": [1.25, 1.25, 14.75, 3], "texture": "#6"},
				"south": {"uv": [1.25, 1.25, 14.75, 3], "texture": "#6"},
				"west": {"uv": [1.25, 1.25, 14.75, 3], "texture": "#6"},
				"up": {"uv": [1.25, 1.25, 14.75, 3], "texture": "#6"},
				"down": {"uv": [1.25, 1.25, 14.75, 3], "texture": "#6"}
			}
		},
		{
			"from": [3.25, 15.5, 11],
			"to": [7.25, 16.5, 12.5],
			"rotation": {"angle": 22.5, "axis": "x", "origin": [18.75, 15, 10.25]},
			"faces": {
				"north": {"uv": [0, 0, 1, 16], "rotation": 90, "texture": "#11"},
				"east": {"uv": [0, 0, 1, 16], "rotation": 90, "texture": "#11"},
				"south": {"uv": [0, 0, 1, 16], "rotation": 90, "texture": "#11"},
				"west": {"uv": [0, 0, 1, 16], "rotation": 90, "texture": "#11"},
				"up": {"uv": [0, 0, 1, 16], "rotation": 90, "texture": "#11"},
				"down": {"uv": [0, 0, 1, 16], "rotation": 90, "texture": "#11"}
			}
		},
		{
			"from": [14.5, 15.5, 11],
			"to": [16.75, 16.5, 11.5],
			"rotation": {"angle": 22.5, "axis": "x", "origin": [18.75, 15, 10.25]},
			"faces": {
				"north": {"uv": [1.25, 1.25, 14.75, 3], "texture": "#6"},
				"east": {"uv": [1.25, 1.25, 14.75, 3], "texture": "#6"},
				"south": {"uv": [1.25, 1.25, 14.75, 3], "texture": "#6"},
				"west": {"uv": [1.25, 1.25, 14.75, 3], "texture": "#6"},
				"up": {"uv": [1.25, 1.25, 14.75, 3], "texture": "#6"},
				"down": {"uv": [1.25, 1.25, 14.75, 3], "texture": "#6"}
			}
		},
		{
			"from": [15, 15.5, 5.5],
			"to": [15.5, 16.25, 6.5],
			"rotation": {"angle": 0, "axis": "x", "origin": [17, 15.5, 5]},
			"faces": {
				"north": {"uv": [1.25, 1.25, 14.75, 3], "texture": "#6"},
				"east": {"uv": [1.25, 1.25, 14.75, 3], "texture": "#6"},
				"south": {"uv": [1.25, 1.25, 14.75, 3], "texture": "#6"},
				"west": {"uv": [1.25, 1.25, 14.75, 3], "texture": "#6"},
				"up": {"uv": [1.25, 1.25, 14.75, 3], "texture": "#6"},
				"down": {"uv": [1.25, 1.25, 14.75, 3], "texture": "#6"}
			}
		},
		{
			"from": [15, 15.5, 9.5],
			"to": [15.5, 16.25, 10.5],
			"rotation": {"angle": 0, "axis": "x", "origin": [17, 15.5, 9]},
			"faces": {
				"north": {"uv": [1.25, 1.25, 14.75, 3], "texture": "#6"},
				"east": {"uv": [1.25, 1.25, 14.75, 3], "texture": "#6"},
				"south": {"uv": [1.25, 1.25, 14.75, 3], "texture": "#6"},
				"west": {"uv": [1.25, 1.25, 14.75, 3], "texture": "#6"},
				"up": {"uv": [1.25, 1.25, 14.75, 3], "texture": "#6"},
				"down": {"uv": [1.25, 1.25, 14.75, 3], "texture": "#6"}
			}
		},
		{
			"from": [14.25, 15.25, 6.5],
			"to": [15.75, 16.25, 9.5],
			"rotation": {"angle": 0, "axis": "x", "origin": [17, 15.5, 6]},
			"faces": {
				"north": {"uv": [0, 0, 1, 16], "rotation": 90, "texture": "#11"},
				"east": {"uv": [0, 0, 1, 16], "rotation": 90, "texture": "#11"},
				"south": {"uv": [0, 0, 1, 16], "rotation": 90, "texture": "#11"},
				"west": {"uv": [0, 0, 1, 16], "rotation": 90, "texture": "#11"},
				"up": {"uv": [0, 0, 1, 16], "rotation": 90, "texture": "#11"},
				"down": {"uv": [0, 0, 1, 16], "rotation": 90, "texture": "#11"}
			}
		},
		{
			"from": [15.5, 15.5, 5.5],
			"to": [17.25, 16.25, 5.75],
			"rotation": {"angle": 0, "axis": "x", "origin": [17.5, 15.5, 5]},
			"faces": {
				"north": {"uv": [1.25, 1.25, 14.75, 3], "texture": "#6"},
				"east": {"uv": [1.25, 1.25, 14.75, 3], "texture": "#6"},
				"south": {"uv": [1.25, 1.25, 14.75, 3], "texture": "#6"},
				"west": {"uv": [1.25, 1.25, 14.75, 3], "texture": "#6"},
				"up": {"uv": [1.25, 1.25, 14.75, 3], "texture": "#6"},
				"down": {"uv": [1.25, 1.25, 14.75, 3], "texture": "#6"}
			}
		},
		{
			"from": [15.5, 15.5, 10.25],
			"to": [17.25, 16.25, 10.5],
			"rotation": {"angle": 0, "axis": "x", "origin": [17.5, 15.5, 9.75]},
			"faces": {
				"north": {"uv": [1.25, 1.25, 14.75, 3], "texture": "#6"},
				"east": {"uv": [1.25, 1.25, 14.75, 3], "texture": "#6"},
				"south": {"uv": [1.25, 1.25, 14.75, 3], "texture": "#6"},
				"west": {"uv": [1.25, 1.25, 14.75, 3], "texture": "#6"},
				"up": {"uv": [1.25, 1.25, 14.75, 3], "texture": "#6"},
				"down": {"uv": [1.25, 1.25, 14.75, 3], "texture": "#6"}
			}
		},
		{
			"from": [15.5, 14.5, 4.25],
			"to": [17.25, 15.5, 4.75],
			"rotation": {"angle": -22.5, "axis": "x", "origin": [17.5, 14.5, 3.25]},
			"faces": {
				"north": {"uv": [1.25, 1.25, 14.75, 3], "texture": "#6"},
				"east": {"uv": [1.25, 1.25, 14.75, 3], "texture": "#6"},
				"south": {"uv": [1.25, 1.25, 14.75, 3], "texture": "#6"},
				"west": {"uv": [1.25, 1.25, 14.75, 3], "texture": "#6"},
				"up": {"uv": [1.25, 1.25, 14.75, 3], "texture": "#6"},
				"down": {"uv": [1.25, 1.25, 14.75, 3], "texture": "#6"}
			}
		},
		{
			"from": [17, 13.25, 2.75],
			"to": [17.25, 13.5, 4.6],
			"rotation": {"angle": -22.5, "axis": "x", "origin": [17.5, 13.25, 2.25]},
			"faces": {
				"north": {"uv": [1.25, 1.25, 14.75, 3], "texture": "#6"},
				"east": {"uv": [1.25, 1.25, 14.75, 3], "texture": "#6"},
				"south": {"uv": [1.25, 1.25, 14.75, 3], "texture": "#6"},
				"west": {"uv": [1.25, 1.25, 14.75, 3], "texture": "#6"},
				"up": {"uv": [1.25, 1.25, 14.75, 3], "texture": "#6"},
				"down": {"uv": [1.25, 1.25, 14.75, 3], "texture": "#6"}
			}
		},
		{
			"from": [17, 13.5, 4.25],
			"to": [17.25, 14.25, 4.5],
			"rotation": {"angle": -22.5, "axis": "x", "origin": [17.5, 13.5, 2.25]},
			"faces": {
				"north": {"uv": [1.25, 1.25, 14.75, 3], "texture": "#6"},
				"east": {"uv": [1.25, 1.25, 14.75, 3], "texture": "#6"},
				"south": {"uv": [1.25, 1.25, 14.75, 3], "texture": "#6"},
				"west": {"uv": [1.25, 1.25, 14.75, 3], "texture": "#6"},
				"up": {"uv": [1.25, 1.25, 14.75, 3], "texture": "#6"},
				"down": {"uv": [1.25, 1.25, 14.75, 3], "texture": "#6"}
			}
		},
		{
			"from": [-0.75, 14.5, 3.75],
			"to": [-0.25, 15.5, 5.75],
			"rotation": {"angle": -22.5, "axis": "x", "origin": [5, 14.5, 3.25]},
			"faces": {
				"north": {"uv": [1.25, 1.25, 14.75, 3], "texture": "#6"},
				"east": {"uv": [1.25, 1.25, 14.75, 3], "texture": "#6"},
				"south": {"uv": [1.25, 1.25, 14.75, 3], "texture": "#6"},
				"west": {"uv": [1.25, 1.25, 14.75, 3], "texture": "#6"},
				"up": {"uv": [1.25, 1.25, 14.75, 3], "texture": "#6"},
				"down": {"uv": [1.25, 1.25, 14.75, 3], "texture": "#6"}
			}
		},
		{
			"from": [6, 14.87868, 1.12868],
			"to": [12, 15.87868, 3.12868],
			"rotation": {"angle": -22.5, "axis": "x", "origin": [11, 18, 3.75]},
			"faces": {
				"north": {"uv": [0, 0, 1, 16], "rotation": 90, "texture": "#11"},
				"east": {"uv": [0, 0, 1, 16], "rotation": 90, "texture": "#11"},
				"south": {"uv": [0, 0, 1, 16], "rotation": 90, "texture": "#11"},
				"west": {"uv": [0, 0, 1, 16], "rotation": 90, "texture": "#11"},
				"up": {"uv": [0, 0, 1, 16], "rotation": 90, "texture": "#11"},
				"down": {"uv": [0, 0, 1, 16], "rotation": 90, "texture": "#11"}
			}
		}
	],
	"display": {
		"thirdperson_righthand": {
			"rotation": [90, 0, 0],
			"translation": [0, -2, 16],
			"scale": [4, 4, 4]
		},
		"head": {
			"scale": [4, 4, 4]
		}
	},
	"groups": [
		{
			"name": "base",
			"origin": [8, 8, 8],
			"children": [
				{
					"name": "Floor",
					"origin": [0, 0, 0],
					"children": [0, 1, 2, 3,
						{
							"name": "Right Lights",
							"origin": [0, 0, 0],
							"children": [4, 5, 6, 7, 8]
						},
						{
							"name": "Back Right",
							"origin": [0, 0, 0],
							"children": [9, 10, 11, 12, 13]
						},
						{
							"name": "Back Left",
							"origin": [0, 0, 0],
							"children": [14, 15, 16, 17, 18]
						},
						{
							"name": "Left Lights",
							"origin": [0, 0, 0],
							"children": [19, 20, 21, 22, 23]
						}
					]
				},
				{
					"name": "main",
					"origin": [8, 8, 8],
					"children": [24, 25, 26, 27, 28, 29, 30, 31, 32, 33, 34, 35, 36, 37, 38, 39, 40]
				}
			]
		},
		{
			"name": "details",
			"origin": [8, 8, 8],
			"children": [41, 42, 43, 44, 45, 46,
				{
					"name": "Seat Things Right",
					"origin": [8, 8, 8],
					"children": [47, 48, 49, 50, 51, 52, 53, 54, 55]
				},
				{
					"name": "Seat Things Left",
					"origin": [8, 8, 8],
					"children": [56, 57, 58, 59, 60, 61, 62, 63, 64]
				}
			]
		},
		{
			"name": "more details",
			"origin": [8, 8, 8],
			"children": [65, 66, 67]
		},
		{
			"name": "door",
			"origin": [8, 8, 8],
			"children": [
				{
					"name": "Piece 1",
					"origin": [8, 8, 8],
					"children": [68, 69, 70, 71, 72, 73, 74, 75, 76, 77, 78, 79, 80, 81, 82, 83]
				},
				{
					"name": "Piece 1",
					"origin": [8, 8, 8],
					"children": [84, 85, 86, 87, 88, 89, 90, 91, 92, 93, 94, 95, 96, 97, 98, 99]
				},
				{
					"name": "Piece 2",
					"origin": [8, 8, 8],
					"children": [100, 101, 102, 103, 104, 105, 106]
				},
				{
					"name": "Piece 2",
					"origin": [8, 8, 8],
					"children": [107, 108, 109, 110, 111, 112, 113]
				}
			]
		},
		{
			"name": "pipes",
			"origin": [0, 0, 0],
			"children": [
				{
					"name": "hexadecagon",
					"origin": [8, 8, 8],
					"children": [114, 115, 116, 117, 118, 119, 120, 121]
				},
				{
					"name": "hexadecagon",
					"origin": [8, 8, 8],
					"children": [122, 123, 124, 125, 126, 127, 128, 129]
				}
			]
		},
		{
			"name": "top things",
			"origin": [8, 8, 8],
			"children": [130, 131, 132, 133, 134, 135, 136, 137, 138, 139, 140, 141, 142, 143, 144, 145, 146, 147, 148, 149, 150, 151, 152, 153, 154]
		}
	]
}
